rock,hour,temp_in_mean,temp_in_median,temp_in_sem,temp_in_mean_ci_low,temp_in_mean_ci_up,temp_in_median_ci_low,temp_in_median_ci_up,temp_out_mean,temp_out_median,temp_out_sem,temp_out_mean_ci_low,temp_out_mean_ci_up,temp_out_median_ci_low,temp_out_median_ci_up,temp_diff_mean,temp_diff_median,temp_diff_sem,temp_diff_mean_ci_low,temp_diff_mean_ci_up,temp_diff_median_ci_low,temp_diff_median_ci_up,hum_mean,hum_median,hum_sem,hum_mean_ci_low,hum_mean_ci_up,hum_median_ci_low,hum_median_ci_up
1,0,12.0402,12.8415,0.7256441245924585,10.68665,13.342499999999998,10.087,14.094,11.6,12.25,0.6863753427324667,10.298750000000002,12.85,10.0,13.5,0.44020000000000004,0.5905,0.0770818900765788,0.289395,0.591,0.092,0.594,97.7908,99.15450000000001,1.4517571713080828,95.1630625,100.34284500000001,92.776,101.07287499999998
1,1,12.1404,12.8415,0.7179193888514844,10.7879,13.392599999999998,10.087,14.094,11.7,12.5,0.7234178138070234,10.34875,12.9,10.0,13.75,0.4404,0.5885,0.07632841323299382,0.29009749999999995,0.544222499999999,0.094,0.5934999999999999,97.4654,97.705,1.2621746683139123,95.1747025,99.54944,93.774,100.8195
1,2,11.8399,11.840499999999999,0.7324892179714622,10.337197499999998,13.041999999999998,10.087,14.093499999999999,11.6,12.25,0.7446102634562892,10.15,12.85,9.5,13.5,0.2399,0.093,0.19789000592360503,-0.11364499999999897,0.5930524999999991,-0.15949999999999998,0.8345,98.5834,99.155,1.1944221866660047,96.488165,100.70249249999999,95.74000000000001,101.054
1,3,11.9401,11.59,0.772502850767843,10.586355,13.1922,10.087,14.094,11.3,11.0,0.7824463062870334,9.85,12.65,9.993750000000006,13.75,0.6401,0.594,0.13844609460404114,0.39009249999999995,0.8907025000000001,0.093,1.089,97.97150000000002,98.4305,0.934250124134027,96.320855,99.719285,94.766,100.11985
1,4,11.94,11.840499999999999,0.8248311342329411,10.287200000000002,13.392305,10.087,14.594,11.45,11.5,0.7833333333333332,9.9,12.8,9.5,14.0,0.49000000000000005,0.583,0.12517436727310516,0.28849749999999996,0.7404025,0.09,0.8395749999999998,97.8002,98.19,1.3324761394569968,95.26549250000001,100.02855249999999,94.766,101.281575
1,5,12.040099999999999,12.090499999999999,0.8461828335399967,10.487397499999998,13.594045,9.586,14.594,11.55,11.5,0.8281505499203229,9.998750000000001,13.0,10.0,14.0,0.49009999999999987,0.5894999999999999,0.10035408976884466,0.3377975,0.6903050000000001,0.092,0.595,97.609,99.635,1.297915551096364,95.06709,100.1594,93.25649999999999,101.067
1,6,12.0902,12.090499999999999,0.8446904863781631,10.537497499999999,13.694152500000001,9.586,15.095,11.65,11.5,0.8467257197253691,10.148750000000001,13.202499999999997,9.0,14.0,0.44020000000000004,0.5865,0.15006597067808394,0.1388925,0.7400025,0.09196250000000003,0.838,98.6396,98.91,1.0830132573313938,96.54047,100.51414000000001,96.731925,102.013
1,7,12.0401,12.090499999999999,0.9004462529459736,10.4360525,13.74425,9.586,15.095,11.5,11.5,0.8787617550976045,9.898750000000001,13.1,9.0,14.5,0.5400999999999999,0.588,0.09014253527978158,0.3881,0.691805,0.33849999999999997,0.595,99.2252,99.394,0.9430459020288104,97.3681975,100.91183999999998,97.70592500000001,101.541
1,8,11.8399,11.840499999999999,0.8586079877724564,10.387200000000002,13.442505,9.085,15.095,11.45,11.5,0.8706638591072651,9.94875,13.1,9.0,14.5,0.3899,0.5874999999999999,0.1331995537196394,0.1388975,0.638405,0.088,0.5954999999999999,99.9608,99.87450000000001,0.5647168966246123,99.00532249999999,101.05821250000001,98.19,101.299
1,9,11.999181818181818,11.59,0.8070173009093065,10.587724999999999,13.501459090909094,9.586,15.596,11.090909090909092,11.0,0.9361870972149399,9.409090909090908,12.863636363636363,8.5,15.0,0.9082727272727271,0.591,0.2877801588621265,0.5000818181818182,1.454740909090908,0.586,0.596,98.80627272727274,98.674,1.1572117515893654,96.56692727272727,100.79505909090908,96.732,102.013
1,10,12.818818181818182,12.091,0.7346070541227755,11.407634090909092,14.184636363636365,10.588,15.596,11.818181818181818,11.0,0.7753964595105446,10.498863636363637,13.273863636363636,9.5,15.0,1.0006363636363635,1.089,0.060250880450341326,0.866,1.0912727272727272,1.087,1.091,98.37918181818182,98.19,0.9804375536943768,96.42962954545453,100.13855681818181,95.752,101.541
1,11,13.54718181818182,12.591,0.6277158276884364,12.45481590909091,14.777404545454544,12.091,16.096,13.0,12.0,0.7071067811865476,11.727272727272727,14.455681818181818,11.0,15.5,0.5471818181818183,0.591,0.10501028678457418,0.3660909090909091,0.7290022727272727,0.097,0.596,97.194,97.22,0.8982420204336508,95.49501136363635,98.73685454545453,93.275,100.114
1,12,14.912545454545455,13.593,0.85450637918398,13.456272727272728,16.64155681818182,13.092,16.597,13.818181818181818,12.5,0.6002754188806974,12.726136363636364,14.954545454545455,12.5,16.0,1.0943636363636364,0.595,0.4628381667441023,0.5004795454545464,2.095370454545454,0.591,1.093,95.39045454545453,94.766,1.257509554372786,92.67419090909092,97.62968863636362,93.774,98.19
1,13,15.094818181818182,14.094,0.654384232669876,13.95709090909091,16.41436590909091,13.593,16.597,14.818181818181818,13.5,0.7546002170708048,13.58977272727273,16.181818181818183,12.5,16.5,0.2766363636363636,0.592,0.1685540254759056,-0.041459090909090925,0.549459090909091,0.095,0.594,93.38563636363637,93.774,1.53514062295003,90.39683863636363,96.06972954545455,90.254,97.706
1,14,15.413272727272727,14.594,0.5894819002681947,14.412088636363636,16.550911363636363,14.094,16.597,15.136363636363637,14.5,0.5881052359867589,14.090909090909092,16.22840909090909,13.5,16.5,0.27690909090909094,0.097,0.13944868424330897,0.04917954545454545,0.5496386363636364,0.094,0.597,91.1260909090909,90.761,1.7842308832177798,87.85472500000002,94.17258409090908,87.693,97.706
1,15,15.413181818181817,14.594,0.5738182610323718,14.412,16.597679545454547,14.594,16.597,15.454545454545455,15.5,0.5154633637212668,14.545454545454545,16.455681818181816,14.0,16.0,-0.04136363636363636,0.094,0.16674707426776492,-0.35927954545454543,0.27691136363636354,-0.407,0.594,91.55545454545455,90.254,1.6154938865624533,88.75122272727273,94.74945454545454,86.659,95.26
1,16,15.413272727272727,14.594,0.5971658988453726,14.275454545454544,16.596277272727274,14.094,16.597,15.318181818181818,15.0,0.5320318141236194,14.407954545454546,16.363636363636363,14.0,16.0,0.09509090909090907,0.094,0.1654760325707983,-0.22282045454545454,0.4138204545454546,-0.406,0.597,91.43909090909091,91.771,1.8576232392962666,88.08477272727272,94.86488181818181,85.095,98.19
1,17,15.003818181818179,14.094,0.5680236521673088,14.04686590909091,16.14259090909091,14.094,16.096,15.227272727272727,15.0,0.5695438220973486,14.226136363636364,16.454545454545453,13.5,16.0,-0.22345454545454546,-0.405,0.13946341088330877,-0.49582500000000007,0.048820454545454535,-0.409,0.096,92.93181818181819,94.766,1.9606966286046112,89.36739318181817,96.42772272727272,86.139,99.635
1,18,14.184272727272726,14.094,0.7721014546018854,12.909906818181817,15.777272727272726,12.591,15.095,14.363636363636363,13.5,0.6071202857114182,13.363636363636363,15.546590909090908,13.0,15.5,-0.17936363636363636,-0.406,0.24724129813631912,-0.5925295454545444,0.27590909090909094,-0.909,0.594,94.05099999999999,94.271,1.6670995007660898,90.74359772727271,97.06306590909091,90.761,98.19
1,19,13.638,13.593,0.9217270055321548,12.090454545454547,15.367788636363636,11.59,14.594,13.545454545454545,13.0,0.8186867129032311,12.136363636363637,15.272727272727273,11.5,14.5,0.09254545454545454,0.094,0.15154197520137414,-0.1816431818181818,0.36718409090909093,-0.41,0.591,94.89136363636362,96.732,1.8092148436305797,91.34068409090908,98.04411136363638,92.776,99.155
1,20,13.410363636363638,13.593,0.9973386337715104,11.725043181818183,15.459499999999998,11.089,14.094,13.045454545454545,13.0,0.9056754020532398,11.5,14.773863636363636,11.0,14.0,0.3649090909090909,0.591,0.15698624459402657,0.08916136363636362,0.6403636363636364,0.087,0.596,95.65163636363636,97.22,1.8128501531251686,92.00169090909093,98.86095227272727,93.275,100.591
1,21,13.182545454545453,13.092,1.0690821327716455,11.407452272727271,15.27750227272727,10.588,13.593,12.818181818181818,12.5,1.0515631811579094,10.954545454545455,14.863636363636363,10.0,13.5,0.3643636363636363,0.586,0.07898265318493822,0.22645227272727275,0.502640909090909,0.093,0.592,95.82081818181818,98.19,1.9024362888301538,92.21654772727273,99.21896590909091,92.274,100.591
1,22,13.182545454545453,13.092,1.1068261698423714,11.179443181818181,15.412456818181818,10.087,14.094,12.590909090909092,12.5,1.067746526394771,10.909090909090908,14.682954545454544,10.0,13.0,0.5916363636363635,0.592,0.1355205635337157,0.36154090909090913,0.867190909090909,0.092,0.601,96.32963636363638,99.635,2.124192746231024,91.70966136363637,99.73029090909091,92.776,100.114
1,23,13.091454545454543,13.092,1.0884986521362712,11.270631818181817,15.322590909090907,10.588,14.094,12.681818181818182,12.5,1.1307132247808083,10.77159090909091,14.909090909090908,10.0,13.5,0.4096363636363636,0.586,0.07534204098971482,0.2738181818181818,0.5452727272727272,0.094,0.592,96.51836363636363,99.635,2.031667207325628,92.33018409090909,99.81491590909091,93.275,101.067
2,0,11.7073,12.508,0.7047289005946422,10.355797499999998,12.858500000000001,10.256,13.509,11.45,12.25,0.6970174555442162,10.05,12.6,10.0,13.006249999999994,0.2573,0.2575,0.08343687567390225,0.10719749999999999,0.40750000000000003,0.008,0.508,98.74629999999999,98.953,0.3803638039211055,97.9851625,99.35569999999998,98.446,99.70849999999999
2,1,11.6073,11.7575,0.7188220155226187,10.104252500000001,12.9588,10.006,14.01,11.4,11.75,0.7023769168568492,10.09875,12.65,10.0,13.5,0.20730000000000004,0.2575,0.11069769143432436,0.0038250000000010715,0.40779999999999994,0.006,0.508,98.5945,98.953,0.38659770218320416,97.83373749999998,99.2054375,97.939,99.457
2,2,11.5572,11.507,0.7017743828642111,10.2057,12.7586,10.256,13.509,11.2,11.0,0.7,9.85,12.55,9.5,13.5,0.3572,0.507,0.10680488960925173,0.15699749999999998,0.5574025,0.0075,0.509,98.59419999999999,98.953,0.3940146866975052,97.88255,99.25411,97.939,99.457
2,3,11.5071,11.257,0.7754143043130771,10.005597499999999,12.958602500000001,9.7555,13.7595,11.3,11.25,0.7824463062870335,9.85,12.75,9.5,13.5,0.20709999999999998,0.0095,0.08162658199930271,0.05720000000000001,0.3571025000000001,0.006500000000000001,0.507,98.64450000000001,98.953,0.40913117293438644,97.87715,99.35410749999998,97.939,99.457
2,4,11.4572,11.257,0.7806141713064427,10.0057,12.758602500000002,9.0045,14.01,11.3,11.25,0.8373237791386979,9.8,12.80125,8.75,14.0,0.15719999999999998,0.01,0.07575278506064607,0.009000000000000001,0.3061,0.007,0.503,98.796,98.6995,0.4214362743444539,97.98583,99.5551,98.446,99.95949999999999
2,5,11.507200000000001,11.257,0.8001393184245408,10.004352500000001,12.908602500000002,9.504999999999999,14.01,11.35,11.0,0.8368260140422128,9.84875,12.90125,9.25,14.0,0.1572,0.01,0.07604557113263657,0.008597500000000003,0.30660000000000004,0.007,0.503,98.6455,98.953,0.3641516854279268,97.88497000000001,99.3541075,97.939,99.457
2,6,11.507000000000001,11.257,0.8572116813638663,10.004055000000001,13.209944999999998,9.504999999999999,14.51,11.25,11.0,0.8274794391537605,9.7,12.75,9.25,14.0,0.25699999999999995,0.256,0.08367051783965218,0.10629999999999998,0.4083025,0.006,0.51,98.74539999999999,98.6995,0.42253768273768616,97.98209499999999,99.5054,97.939,99.96
2,7,11.3569,11.257,0.8409833192955334,9.755397499999999,12.958502500000002,9.005,14.51,11.1,11.0,0.8459051693633013,9.648750000000001,12.7,8.75,14.0,0.2569,0.503,0.11178177649132061,0.053722500000001075,0.45600499999999994,0.008,0.508,98.695,98.6995,0.4160628958863475,97.83070000000001,99.40530000000001,97.939,99.96
2,8,11.32509090909091,11.007,0.770260067704945,9.914634090909091,12.871999999999998,9.005,14.51,10.818181818181818,10.5,0.8823334951673403,9.226136363636364,12.5,8.5,14.5,0.5069090909090909,0.505,0.269495537306463,0.09799772727272726,1.0969204545454545,0.01,0.508,98.10900000000001,98.953,0.6997259983216803,96.5253909090909,99.22815454545456,97.429,99.457
2,9,11.871181818181817,11.007,0.7395031602143035,10.551815909090909,13.372545454545453,10.006,15.01,11.545454545454545,10.5,0.7244262477504195,10.318181818181818,13.046590909090908,9.5,14.5,0.32572727272727275,0.506,0.07625293924696709,0.1887272727272727,0.4626386363636363,0.006,0.508,98.20627272727273,98.446,0.560941547609651,97.08829318181817,99.1334568181818,97.429,99.457
2,10,12.462636363636364,12.008,0.6994504371644832,11.188818181818181,13.872729545454545,10.506,15.01,12.409090909090908,11.5,0.6803013430498076,11.272727272727273,13.72840909090909,10.5,15.0,0.05354545454545454,0.011,0.12545258891754965,-0.17463636363636365,0.2807295454545454,-0.493,0.508,97.97745454545453,98.446,0.49411123818678665,96.95617954545455,98.8127318181818,97.429,98.953
2,11,13.69081818181818,12.508,0.9967374763167154,12.144361363636364,15.784049999999999,11.507,15.511,13.045454545454545,12.0,0.5895088304317628,12.044318181818182,14.182954545454544,11.5,15.0,0.6453636363636364,0.008,0.6038927248613747,-0.17327272727272727,1.919006818181818,-0.489,0.511,97.70054545454546,98.446,0.4847559154055389,96.7668409090909,98.53763636363637,96.919,98.953
2,12,13.918454545454546,13.509,0.7354333955830693,12.644906818181818,15.419368181818186,12.008,15.511,14.363636363636363,13.0,0.8971948939254784,12.998863636363637,16.454545454545453,12.5,15.5,-0.4451818181818182,-0.489,0.2376579213981848,-0.8985522727272727,-0.03690681818181817,-0.493,0.01,97.79227272727272,97.939,0.5077007366712489,96.765,98.62846818181818,97.429,98.953
2,13,14.191363636363635,13.509,0.6688335065650737,13.099636363636364,15.555909090909095,12.508,15.511,14.409090909090908,14.0,0.6425028539667135,13.318181818181818,15.636363636363637,13.0,15.5,-0.21772727272727277,0.009,0.14102134531591573,-0.5364545454545454,-0.033461363636364615,-0.49,0.011,97.47018181818181,97.939,0.43477195314287403,96.53678863636362,98.16837045454544,97.429,98.446
2,14,14.373545454545456,13.509,0.6438958323946559,13.326227272727273,15.738,13.009,15.511,14.590909090909092,14.5,0.5909090909090908,13.636363636363637,15.863636363636363,13.0,15.5,-0.21736363636363637,0.009,0.1702507387637034,-0.536,0.10063636363636362,-0.491,0.013,97.74700000000001,98.446,0.47537988636840406,96.76778181818183,98.49181818181819,97.429,98.953
2,15,14.464454545454545,13.509,0.5821761895702017,13.463636363636367,15.557406818181818,13.009,15.511,14.681818181818182,14.5,0.5446964428707362,13.727272727272727,15.818181818181818,13.5,15.5,-0.21736363636363637,0.009,0.18308926152549312,-0.5813636363636363,0.10100227272727272,-0.491,0.013,97.79490909090909,97.939,0.41479562228218264,96.95522272727273,98.44464318181817,97.429,98.953
2,16,14.282636363636364,13.509,0.5972542061608772,13.28190909090909,15.465272727272726,13.009,15.511,14.681818181818182,14.5,0.5446964428707362,13.772727272727273,15.863636363636363,13.5,15.5,-0.3991818181818182,-0.489,0.1481796709269968,-0.7170931818181818,-0.12590909090909094,-0.492,0.011,97.65581818181818,97.939,0.4220212148519598,96.77342727272729,98.39881818181817,96.406,98.446
2,17,13.963909090909091,13.509,0.743539868155831,12.735636363636365,15.601365909090909,12.508,15.511,13.909090909090908,13.0,0.6460304728887225,12.817045454545456,15.1375,12.5,15.0,0.054818181818181815,0.008,0.1716217202921386,-0.2631818181818182,0.3737295454545455,-0.492,0.511,97.70272727272727,97.939,0.39173882976263835,96.91162954545455,98.39855227272727,96.919,98.446
2,18,13.508818181818183,13.509,0.882197862965836,12.142956818181819,15.374677272727272,11.507,14.51,13.363636363636363,13.0,0.8176766117006858,11.954545454545455,15.045454545454545,11.0,15.0,0.1451818181818182,0.009,0.13661617222128827,-0.08254545454545453,0.41881818181818176,0.006,0.509,97.93227272727273,98.446,0.46177747673151914,97.04722727272727,98.72040454545454,96.406,98.953
2,19,13.19027272727273,13.009,0.9782804681583731,11.552813636363638,14.965320454545456,11.007,14.01,12.954545454545455,13.0,0.9081813631812492,11.409090909090908,14.772727272727273,11.0,14.0,0.23572727272727273,0.505,0.14111871797172573,-0.03772727272727272,0.5087295454545454,0.009,0.509,97.64645454545453,98.446,0.705517429249772,96.33097727272728,98.76537727272728,96.919,98.953
2,20,13.008363636363638,13.009,1.083722853473385,11.279727272727273,15.329318181818183,10.006,14.01,12.636363636363637,13.0,1.0661973829944118,10.818181818181818,14.818181818181818,9.5,13.5,0.37199999999999994,0.508,0.07062191264370107,0.23490909090909093,0.508275,0.009,0.51,97.5869090909091,98.446,0.9810461156295017,95.51044999999999,99.04154772727271,96.919,99.457
2,21,12.871818181818183,13.009,1.0964740333382839,11.143181818181818,15.055093181818181,10.006,13.509,12.454545454545455,12.5,1.0943128716948478,10.635227272727274,14.590909090909092,9.0,13.5,0.41727272727272724,0.509,0.11327914763651867,0.19027045454545452,0.6433704545454546,0.009,0.514,97.00427272727273,98.446,1.3877793123673192,94.129,98.85972727272726,96.919,99.457
2,22,12.917181818181819,13.009,1.0875759352229308,11.097543181818182,15.009545454545457,10.506,13.509,12.590909090909092,12.5,1.1176643296263007,10.726136363636364,14.954545454545455,10.5,13.5,0.32627272727272727,0.505,0.0757873929200618,0.1899045454545454,0.4620909090909091,0.009,0.509,96.84545454545454,98.446,1.629422353661435,93.42090227272726,98.90472954545457,97.429,98.953
2,23,11.9075,12.5085,0.6911105756518111,10.656200000000002,13.008602500000002,10.506,13.509,11.5,12.0,0.6749485577105528,10.2,12.65,10.243750000000006,13.0,0.40750000000000003,0.5085,0.10016899609049587,0.2063,0.5086,0.505,0.509,98.2886,98.446,0.4564783358617479,97.372295,99.051805,97.684,99.457
3,0,12.0899,12.5915,0.6515817753743578,10.886500000000002,13.194244999999997,10.586,13.594,11.8,12.25,0.6110100926607787,10.6,12.85,10.25,13.5,0.2899,0.0935,0.08257608612667472,0.13840000000000002,0.4417,0.088,0.593,99.46400000000001,99.7325,0.5865861497777727,98.3052975,100.45541250000001,98.947,100.7745
3,1,12.0399,12.592,0.6786605672613929,10.686297499999998,13.193099999999998,10.586,14.095,11.8,12.5,0.6633249580710799,10.498750000000001,12.95,10.5,13.5,0.2399,0.33899999999999997,0.1305805370898231,-0.010099999999999993,0.4422025,0.092,0.591,99.4138,99.7325,0.48508099667306437,98.5172625,100.25160000000001,98.158,99.994
3,2,11.7389,11.839500000000001,0.6973172791332348,10.33375,12.9922,10.586,13.594,11.75,12.0,0.6881940940687525,10.55,12.951249999999998,10.493750000000006,14.0,-0.011100000000000013,0.08449999999999999,0.14556880389240912,-0.2634,0.24060249999999997,-0.406,0.34099999999999997,99.72619999999999,99.7325,0.5585574435792418,98.62794500000001,100.66841,98.93945000000001,101.036
3,3,11.889299999999999,11.589,0.7443382750992842,10.4857,13.1939475,10.586,14.094999999999999,11.55,11.25,0.7009913614937696,10.2,12.851249999999999,10.0,13.5,0.3393,0.34149999999999997,0.1870784772940668,-0.011407499999999987,0.694414999999999,0.077,0.596,99.8324,99.7325,0.4823971669347433,98.83329499999999,100.6184,99.4709875,101.036
3,4,11.8893,11.588999999999999,0.7880396359180024,10.4839575,13.342805,10.085,14.596,11.7,11.5,0.7272474743090475,10.35,13.0,10.0,13.5,0.1893,0.089,0.1257767908284796,-0.012799999999999995,0.393415,0.082,0.3445,99.6214,99.994,0.5703629487732643,98.512845,100.51441249999999,98.6805,100.5224625
3,5,11.9393,11.839500000000001,0.8085261769966936,10.4352925,13.343005,9.834,14.596,11.8,11.75,0.7753135566408671,10.3,13.15,9.5,14.0,0.13929999999999998,0.095,0.1577660750746004,-0.20931499999999997,0.4361075,-0.15754999999999994,0.589,99.5163,99.7325,0.583818656205275,98.30510500000001,100.56560000000002,98.421,101.036
3,6,11.9393,11.839500000000001,0.8015769187462091,10.433765000000001,13.4432,9.583,14.596,11.95,12.0,0.8043285674675767,10.55,13.45,9.743750000000006,14.0,-0.01070000000000001,0.08549999999999999,0.1634693345350538,-0.3111025,0.2833149999999999,-0.41,0.582,99.41210000000002,99.7325,0.5625943170309804,98.3064775,100.25410500000001,98.421,100.77600000000001
3,7,11.9392,11.839500000000001,0.8323262287775817,10.385197499999999,13.4432,9.583,14.602262499999995,11.9,11.75,0.7916228058025278,10.45,13.451249999999998,10.0,14.5,0.03919999999999999,0.0875,0.11750298341366107,-0.16410249999999998,0.2413,-0.4100499999999999,0.34249999999999997,99.5159,99.471,0.60354781546747,98.362595,100.5149225,98.946,100.516
3,8,11.839,11.588999999999999,0.8262594292620474,10.333750000000002,13.392805,9.583,15.097,11.7,11.5,0.8306623862918074,10.15,13.201249999999998,9.75,14.75,0.139,0.0945,0.11663894908839174,-0.06667999999999902,0.38382499999999997,-0.16099999999999998,0.578,99.88279999999999,100.255,0.5752247444839852,98.781095,100.721825,99.4705,100.516
3,9,11.81618181818182,11.088,0.7627621316121347,10.40240909090909,13.365363636363638,9.583,15.097,11.318181818181818,11.5,0.9250865494465598,9.590909090909092,13.045454545454545,9.0,15.0,0.498,0.098,0.34193704896449206,-0.0027454545454545214,1.2248568181818182,-0.41,0.598,99.36118181818182,99.994,0.7994883456786801,97.88014545454546,100.73721590909093,98.947,100.516
3,10,12.40881818181818,11.589,0.7593612724841585,11.133088636363636,13.821095454545457,10.085,15.598,12.045454545454545,11.0,0.7491041481619152,10.772727272727273,13.455681818181818,10.0,15.0,0.36336363636363633,0.585,0.07899024942442094,0.22472045454545456,0.5010022727272726,0.088,0.59,98.79827272727272,99.471,0.4828115214959722,97.78908409090909,99.56536363636364,98.421,99.994
3,11,13.092272727272727,12.09,0.7022449856244691,11.816636363636364,14.45882272727273,11.589,15.598,12.909090909090908,12.0,0.6735866746488255,11.590909090909092,14.227272727272727,11.0,15.5,0.1831818181818182,0.098,0.11377120726838483,-0.04537045454545453,0.36809318181818174,0.09,0.589,98.79745454545456,99.471,0.5237895546120234,97.69145,99.6144590909091,98.947,99.994
3,12,14.640727272727274,13.093,1.031676835332646,13.00181590909091,16.643561363636366,12.592,16.099,13.681818181818182,13.0,0.5771116453855956,12.58977272727273,14.727272727272727,12.5,15.5,0.9589090909090909,0.593,0.6267343420758033,0.18345227272727269,2.278563636363636,0.093,0.599,97.88645454545454,98.947,0.5974870308769181,96.77876590909091,98.94627727272729,95.242,99.471
3,13,14.777999999999999,14.095,0.652295164644183,13.592861363636366,16.14532045454545,13.093,16.099,15.318181818181818,13.5,0.9822810356806505,13.817045454545456,17.273863636363636,13.0,16.5,-0.5401818181818182,0.093,0.4208341460865511,-1.4025454545454545,0.09618863636363634,-0.904,0.101,97.83972727272727,98.947,0.5506865977356095,96.68172727272727,98.85099999999998,95.775,98.947
3,14,15.142363636363639,14.095,0.5628536911897712,14.231636363636364,16.28064090909091,14.095,16.099,15.363636363636363,14.5,0.5995866344669509,14.272727272727273,16.59090909090909,14.0,16.5,-0.2212727272727273,-0.401,0.18172992403359498,-0.54055,0.09763636363636362,-0.405,0.104,97.40554545454543,97.895,0.6411588707338152,96.05543863636363,98.55617727272728,95.242,98.947
3,15,15.233454545454544,14.596,0.5490511048185581,14.277181818181816,16.23509090909091,14.095,16.099,15.636363636363637,15.5,0.486597225129914,14.863636363636363,16.682954545454546,14.5,16.5,-0.4029090909090909,-0.405,0.17886259096379262,-0.7673704545454544,-0.03908409090909091,-0.905,0.099,97.21036363636364,97.895,0.7372156002977109,95.75863863636363,98.41675454545457,95.775,98.947
3,16,15.142454545454546,14.596,0.5208243180266584,14.277181818181816,16.235272727272726,14.095,16.099,15.5,15.0,0.4954336943068623,14.636363636363637,16.59090909090909,14.5,16.5,-0.35754545454545456,-0.396,0.18440017568697822,-0.7193068181818181,-0.03645909090909192,-0.905,0.099,97.30336363636364,97.895,0.8268592083379266,95.59731590909091,98.56238636363635,96.837,98.947
3,17,14.914727272727275,14.095,0.5498814928676424,13.912818181818182,16.007638636363637,13.594,16.099,15.318181818181818,15.0,0.5012381364396445,14.5,16.227272727272727,14.0,16.0,-0.40345454545454545,-0.4,0.17881215962498767,-0.7680022727272726,-0.08418181818181818,-0.906,0.098,97.10272727272726,98.421,1.0310061466257925,94.8563590909091,98.56373181818182,96.837,98.947
3,18,14.185727272727274,13.594,0.7331852561492975,13.001636363636363,15.597370454545455,12.592,15.598,14.454545454545455,13.5,0.5856408512147784,13.454545454545455,15.727272727272727,13.0,15.5,-0.26881818181818184,-0.407,0.20436628516562289,-0.6340136363636364,0.0970022727272727,-0.905,0.098,97.48227272727273,98.947,1.1344508170028125,95.13367954545456,99.18437045454546,96.837,99.471
3,19,13.729909090909091,13.594,0.8757548894789461,12.272363636363638,15.552577272727271,12.09,14.095,13.590909090909092,13.0,0.8028873514843496,12.272727272727273,15.363636363636363,11.5,14.5,0.13899999999999998,0.095,0.1582586490527453,-0.18055000000000002,0.4598181818181818,0.085,0.59,97.57027272727274,98.947,1.2888248776654085,94.92097272727273,99.42145909090908,96.307,99.471
3,20,13.365272727272727,13.093,0.9585022320921428,11.906413636363638,15.414368181818181,11.088,14.095,13.136363636363637,13.0,0.8818650409292927,11.680681818181819,15.001136363636363,11.5,14.0,0.2289090909090909,0.094,0.13735127193013702,-0.042013636363636364,0.5033636363636362,0.083,0.592,97.84581818181817,99.471,1.5010749410047448,94.69536136363635,99.8028181818182,97.895,100.516
3,21,13.18290909090909,13.093,1.0372231762525228,11.587504545454545,15.459834090909093,10.586,13.594,13.090909090909092,13.0,0.9927422576291616,11.409090909090908,15.272727272727273,11.0,13.5,0.092,0.093,0.09617313932316407,-0.0911840909090909,0.27699999999999997,0.082,0.097,98.22763636363638,99.994,1.515405521920706,95.08572727272727,100.27499999999999,97.367,100.516
3,22,13.182818181818181,13.093,1.0547284770643954,11.496140909090911,15.460952272727269,10.586,13.594,12.818181818181818,12.5,1.0771864177162636,11.090909090909092,15.1375,10.0,13.5,0.36463636363636365,0.585,0.07832499574642622,0.22508863636363635,0.5019090909090909,0.094,0.593,97.39599999999997,99.471,1.7641533586191636,93.58731363636363,99.66127954545453,97.367,100.516
3,23,13.137272727272729,13.093,1.0690222983549809,11.406361363636362,15.460779545454546,11.088,14.095,12.818181818181818,13.0,1.083497550596567,11.045454545454545,15.0,10.5,13.5,0.3190909090909091,0.585,0.10358250594183402,0.0931477272727273,0.5000045454545454,0.089,0.594,97.57509090909093,99.471,1.932505050937986,93.7439,100.0380090909091,98.421,100.516
5,0,12.0718,12.823,0.6717810787583837,10.769900000000002,13.224744999999997,10.069,13.574,11.85,12.75,0.6413960468297952,10.548750000000002,12.95,10.0,13.5,0.22179999999999994,0.0735,0.07678856975126208,0.07129,0.37249999999999994,0.069,0.572,104.00789999999999,104.497,0.6990696746390882,102.71099999999998,105.19927249999999,102.3365,105.678
5,1,12.0215,13.073,0.7176782976298564,10.618247499999999,13.274647499999999,10.069,13.574,11.75,12.5,0.6677075208003376,10.4,12.75,10.0,13.5,0.27149999999999996,0.0735,0.08226599810641357,0.12009999999999998,0.42269999999999996,0.069,0.573,104.20040000000002,104.97049999999999,0.6414546697416211,102.9661525,105.29462999999998,102.349,105.4425
5,2,11.8212,12.072,0.6971775128648687,10.4693,13.173002499999999,10.069,14.074,11.7,12.25,0.69602043392737,10.35,12.90125,9.5,13.5,0.1212,0.073,0.08980742359812652,-0.030605000000000018,0.27229999999999993,0.068,0.074,104.2492,104.734,0.6069543054373105,103.11181750000002,105.293505,102.58449999999999,105.678
5,3,11.721,11.571,0.7161090078410625,10.417752500000002,12.9727,10.0685,14.074,11.45,11.5,0.7243771270700243,10.0,12.7,9.5,13.5,0.271,0.074,0.13342038824707414,0.021399999999999992,0.5214025,0.07050000000000001,0.574,105.0056,105.67699999999999,0.6369757051009775,103.913485,106.050915,103.3005,106.615
5,4,11.770999999999999,11.3205,0.7320981871003065,10.26765,13.122900000000001,10.0685,14.074,11.5,11.5,0.6952217871538069,10.148750000000001,12.751249999999999,9.993750000000006,13.5,0.271,0.32199999999999995,0.11096035327989902,0.0701975,0.47170249999999997,0.067,0.574,105.19590000000001,105.67699999999999,0.5943369311912041,104.008045,106.2806175,103.7815,106.615
5,5,11.721,11.3205,0.7865897985043481,10.218797499999999,13.1731025,9.818000000000001,14.575,11.55,11.5,0.7797791710193056,9.95,12.95,10.5,14.0,0.17099999999999999,0.07150000000000001,0.10011748654011998,-0.028600000000000004,0.37059999999999993,0.07,0.565,104.91219999999998,104.97049999999999,0.6068683510907085,103.822095,106.0423775,103.308,106.152825
5,6,11.721,11.3205,0.8143511936914357,10.317752500000001,13.222902500000002,9.568000000000001,14.575,11.55,11.5,0.8348319857578795,10.0,13.25,10.0,14.0,0.17099999999999999,0.07150000000000001,0.12463760802154913,-0.07820749999999999,0.4197024999999999,0.066,0.5700124999999999,105.4345,105.4425,0.5125299828627922,104.44025,106.42035249999999,103.785,106.615
5,7,11.720900000000002,11.571,0.8576804954190236,10.068697499999997,13.2229,9.067,14.825,11.65,11.75,0.8401388774085706,10.25,13.15,9.487500000000011,14.5,0.07089999999999999,0.07,0.07476815275681661,-0.07870250000000001,0.22130999999999995,0.066,0.075,105.2918,105.4425,0.5556443266854945,104.2087,106.37202249999999,103.785,106.615
5,8,11.720900000000002,11.571,0.8576804954190236,10.2688,13.373202500000001,9.568,14.575,11.4,11.5,0.8717797887081347,9.85,13.001249999999999,9.0,14.5,0.3209,0.32049999999999995,0.08317484261749127,0.17070000000000002,0.47110499999999994,0.072,0.5705,105.38670000000002,106.147,0.5292081936461503,104.43647999999999,106.285505,104.25998750000001,106.615
5,9,11.661818181818182,11.07,0.7953981029325882,10.204047727272728,13.163638636363634,9.568,15.075,10.954545454545455,11.0,0.9304313404753964,9.361363636363638,12.546590909090908,8.5,14.5,0.7072727272727272,0.568,0.29423012301471824,0.2990909090909091,1.297731818181818,0.075,0.575,100.55890909090908,105.207,4.8546468618962395,90.67683636363637,106.05254545454545,102.829,105.678
5,10,12.02590909090909,11.07,0.7378392342083675,10.841229545454546,13.391275,10.069,15.075,11.636363636363637,11.0,0.7418983913855698,10.227272727272727,13.0,9.5,15.0,0.3895454545454545,0.568,0.10170915428866617,0.20745227272727274,0.5723681818181818,0.07,0.572,100.27236363636362,105.207,4.9564164992512065,90.04310681818183,106.01199772727271,103.308,106.147
5,11,12.708727272727272,11.571,0.6753008365422856,11.480179545454545,14.074,11.07,15.576,12.5,11.5,0.7103136311133657,11.272727272727273,13.773863636363636,10.5,15.5,0.2087272727272727,0.076,0.07002818794912528,0.07372727272727271,0.3444545454545454,0.071,0.57,100.11081818181819,105.207,4.695457127166412,90.15881590909092,105.45012500000001,103.308,106.615
5,12,14.073818181818183,13.073,0.9847892235783415,12.525775,16.257454545454546,12.072,15.576,13.227272727272727,12.5,0.5968235477152674,12.136363636363637,14.454545454545455,12.0,15.5,0.8465454545454545,0.077,0.5858714467066267,0.11800000000000001,2.075102272727272,0.072,0.574,99.90345454545455,104.734,4.430369127579729,90.78323636363636,105.11925681818181,103.308,105.207
5,13,14.301727272727275,13.574,0.7089081885792482,13.118818181818183,15.80309090909091,12.573,15.576,14.590909090909092,13.0,0.9337562992806426,13.090909090909092,16.40909090909091,12.5,16.0,-0.2891818181818182,0.073,0.2941727327510401,-0.8795477272727271,0.16518409090909086,-0.425,0.073,104.36636363636363,105.207,0.8399045429823039,102.74764318181818,105.74942954545453,103.308,106.615
5,14,14.620272727272727,13.574,0.6310848825044219,13.57381590909091,15.940770454545456,13.073,15.576,14.772727272727273,13.5,0.6787811146849126,13.590909090909092,16.09090909090909,13.5,16.5,-0.15245454545454548,0.074,0.15599967154023484,-0.4270045454545444,0.16464090909090903,-0.427,0.079,104.83899999999998,106.147,0.8514102525702979,103.27301136363637,106.26803636363638,102.829,106.615
5,15,14.711181818181815,13.574,0.6039117457826225,13.710272727272729,15.848545454545452,13.073,16.076,15.272727272727273,14.5,0.6006195148785065,14.181818181818182,16.40909090909091,14.0,16.0,-0.5615454545454546,-0.427,0.19183190386075769,-0.9249113636363636,-0.19836136363636367,-0.927,0.076,104.53445454545454,105.678,0.9129487226826785,102.72211136363637,106.00975000000001,102.829,106.615
5,16,14.756727272727272,14.074,0.6231500926875715,13.664818181818184,16.030636363636365,13.073,16.076,15.090909090909092,14.5,0.5753188120835178,14.136363636363637,16.181818181818183,14.0,16.0,-0.3341818181818182,-0.424,0.1482108337459493,-0.5639045454545444,-0.061175,-0.926,0.074,102.84709090909091,105.207,1.9178336711202688,98.6682022727273,105.74016136363636,101.867,106.147
5,17,14.711363636363636,14.074,0.5690062193736993,13.710454545454546,15.894363636363638,13.574,15.576,14.909090909090908,14.0,0.5753188120835178,13.954545454545455,16.09090909090909,13.5,16.0,-0.19772727272727272,-0.423,0.12365098175613569,-0.42482272727272724,0.029274999999999978,-0.426,0.076,101.76472727272727,103.785,1.8151097742456193,97.84865,104.71440454545457,100.413,105.678
5,18,14.301727272727272,13.574,0.6727054885907839,13.209727272727275,15.53009090909091,12.573,15.576,14.409090909090908,13.5,0.6023370463082708,13.453409090909092,15.592045454545454,13.0,15.5,-0.10736363636363638,0.073,0.12237165987472699,-0.33527500000000005,0.12072727272727271,-0.427,0.076,100.67427272727272,102.349,1.7336344644123651,97.34729772727273,103.55567045454546,99.436,103.308
5,19,13.982999999999999,13.574,0.8450819325528577,12.57254318181818,15.804045454545456,12.072,15.075,13.727272727272727,13.0,0.7272727272727273,12.454545454545455,15.227272727272727,12.0,15.0,0.2557272727272727,0.075,0.15544072772189002,-0.01809090909090909,0.5745477272727273,0.072,0.573,100.88327272727271,101.384,1.3997904524405798,97.8058840909091,103.03701136363638,99.926,103.308
5,20,13.52781818181818,13.574,0.8939118913077996,11.98099772727273,15.48409318181818,11.571,14.074,13.272727272727273,13.0,0.869596657714045,11.818181818181818,15.046590909090908,11.5,14.0,0.25509090909090903,0.074,0.07635794351074471,0.11827045454545453,0.39272954545454547,0.072,0.574,100.64045454545455,102.349,1.6354290866682852,97.20889545454544,103.38674318181819,99.436,104.26
5,21,13.254636363636363,13.073,1.0038933687736802,11.479906818181819,15.393090909090908,10.57,14.074,13.227272727272727,13.0,0.9708563145342746,11.498863636363637,15.227272727272727,11.0,14.0,0.027363636363636364,0.073,0.08186510775518832,-0.1109090909090909,0.16482272727272723,0.069,0.075,101.40463636363634,103.308,1.4746488535655922,98.60654772727273,103.59803636363635,99.436,105.207
5,22,13.072454545454548,13.073,1.0798153997423174,11.297720454545455,15.21177954545454,10.069,13.574,12.909090909090908,13.0,1.0220704961858325,11.317045454545456,15.0,10.5,13.5,0.16336363636363638,0.073,0.09161800862348096,0.02303181818181915,0.3456454545454546,0.068,0.573,102.59336363636363,103.785,1.4059758841377257,99.44812954545455,104.63993409090908,101.867,104.734
5,23,12.981636363636364,13.073,1.0560101865273774,11.206909090909091,14.939679545454545,10.069,13.574,12.863636363636363,13.0,1.074690037957899,11.136363636363637,15.045454545454545,10.0,13.5,0.11799999999999998,0.073,0.10569561786736303,-0.064275,0.3003659090909091,0.068,0.572,102.37781818181817,104.734,1.3588258154355963,99.42872954545456,104.62627045454543,100.413,105.207
