elapsed_hour,temperature_in_C_mean,temperature_in_C_median,temperature_in_C_sem,temperature_in_C_ci_lower,temperature_in_C_ci_upper,temperature_out_C_mean,temperature_out_C_median,temperature_out_C_sem,temperature_out_C_ci_lower,temperature_out_C_ci_upper,temperature_diff_C_mean,temperature_diff_C_median,temperature_diff_C_sem,temperature_diff_C_ci_lower,temperature_diff_C_ci_upper,humidity_perc_RH_mean,humidity_perc_RH_median,humidity_perc_RH_sem,humidity_perc_RH_ci_lower,humidity_perc_RH_ci_upper
80,9.005,9.005,0.0,9.005,9.005,6.0,6.0,0.0,6.0,6.0,3.005,3.005,0.0,3.005,3.005,92.251,92.251,0.0,92.251,92.251
81,9.811,9.7945,0.1370018248053653,9.5755,10.0465,7.0,6.25,0.8416254115301732,6.0,8.625,2.811,3.5755,0.7683442153965456,1.2715,3.585,82.5015,91.944,10.101471481092908,62.63125,93.72749999999999
82,10.687750000000001,10.7965,0.23383162567682453,10.3035,11.048,10.25,10.0,0.25,10.0,10.75,0.43775,0.3275,0.2529207303352838,0.038000000000000006,0.8374999999999999,83.61149999999999,93.80799999999999,10.86424497683418,61.61000000000001,95.15
83,12.064749999999998,12.0485,0.2804069587224965,11.58,12.549499999999998,11.625,11.5,0.375,11.0,12.25,0.43975,0.58,0.14398690623340257,0.15325,0.59,84.36375,93.80799999999999,10.29641492118333,63.73425,95.549
84,14.1935,13.802,0.47817874970210333,13.584,15.095500000000001,13.75,13.75,0.4330127018922193,13.0,14.5,0.4435,0.584,0.33377375071546095,-0.219,0.9655,82.66624999999999,89.7195,9.143454984987896,65.44324999999999,94.53150000000001
85,15.57,15.336500000000001,0.3667580946618633,15.0425,16.216500000000003,16.0,16.0,0.28867513459481287,15.5,16.5,-0.43,-0.4575,0.204967070525975,-0.7827500000000001,-0.049749999999999996,92.87975,94.264,3.150092468880873,86.71050000000001,97.88624999999999
86,16.070750000000004,15.8375,0.36652475473470214,15.543499999999998,16.71675,16.75,17.0,0.47871355387816905,15.993750000000006,17.5,-0.67925,-0.6635,0.3073522341440409,-1.1625,-0.196,93.33475,94.5315,4.235440795143601,85.25575,100.217
87,16.321,16.338,0.34109407304535067,15.783249999999999,16.8485,16.875,17.0,0.3145764348029479,16.25,17.375,-0.554,-0.4445,0.31736440674194494,-1.168,-0.049499999999999995,93.50125,95.05799999999999,3.77628588198775,86.18550000000002,99.26024999999998
88,16.5715,16.588500000000003,0.42614600393135993,15.783249999999999,17.34275,16.75,16.75,0.3227486121839514,16.25,17.25,-0.1785,-0.16249999999999998,0.16078064767460873,-0.45599999999999996,0.099,93.26750000000001,95.05799999999999,3.4222689963434116,86.58225000000002,98.52074999999999
89,16.196,16.588500000000003,0.5746574341872444,15.032499999999999,16.967000000000002,16.875,17.0,0.5153882032022076,15.875,17.75,-0.679,-0.663,0.1555297399213411,-0.9465000000000001,-0.4115,92.27574999999999,94.7835,2.5687961309726393,87.14325,94.91315625000001
90,14.9445,15.096,0.33140974135753276,14.281749999999999,15.45575,15.375,16.0,0.625,14.125,16.0,-0.4305,-0.6635,0.3332902888874302,-0.9040000000000001,0.15974374999999727,91.12474999999999,92.797,2.5325216805587263,86.71050000000001,94.82175
91,14.318249999999999,14.3445,0.33583661081940797,13.6555,14.834499999999998,14.125,14.25,0.42695628191498325,13.375,14.75,0.19324999999999998,0.0945,0.10535050624779488,0.07999999999999999,0.40525,93.8155,95.842,2.7842075623056557,88.28443750000001,97.31424999999999
92,13.943,14.084,0.14474748126766596,13.65525,14.0945,13.5,13.5,0.2041241452319315,13.125,13.875,0.443,0.5515,0.12464014869481929,0.20399999999999996,0.5945,93.217,93.904,2.1715068117170016,89.74274999999999,96.99825
93,13.692499999999999,13.593499999999999,0.12871706698543642,13.53025,13.95375,13.375,13.5,0.3145764348029479,12.75,13.875,0.3175,0.0935,0.23054591010613626,0.079,0.7799999999999999,95.2355,96.372,1.9378082765502538,91.65050000000001,97.91
94,13.69275,13.584,0.13497492050994744,13.53025,13.964,13.25,13.25,0.14433756729740643,13.0,13.5,0.4427500000000001,0.3015,0.23911621128647886,0.08399999999999999,0.8440000000000001,95.69900000000001,95.8335,2.377189622222004,91.2525,100.011
95,13.818,13.834,0.1601879104884843,13.5415,14.0945,13.375,13.5,0.125,13.125,13.5,0.443,0.5515,0.12464014869481929,0.204,0.5945,95.609,95.8485,0.9555786205226644,94.0675,97.1505
96,13.69275,13.584,0.13497492050994744,13.530125,13.964,13.375,13.5,0.125,13.125,13.5,0.31775000000000003,0.3015,0.13612762088079944,0.08399999999999999,0.5515,95.577,95.56700000000001,1.974677231009328,92.04374999999999,99.12025
97,13.943249999999999,14.052,0.12468451855249181,13.703999999999999,14.09475,13.5,13.5,0.0,13.5,13.5,0.44325000000000003,0.552,0.12468451855249178,0.204,0.59475,96.34700000000001,96.0995,1.5677218609604617,93.555,99.28275000000001
98,14.3185,14.334,0.16017152264577703,14.042,14.594999999999999,13.75,13.75,0.14433756729740643,13.5,14.0,0.5685,0.585,0.2215210674706434,0.1565,0.9640000000000002,96.34325000000001,96.0995,1.7684198867444738,93.28225,99.648
99,14.693999999999999,14.8025,0.24857359741801496,14.292,15.096,14.25,14.25,0.14433756729740643,14.0,14.5,0.444,0.33549999999999996,0.25371670553329095,0.041999999999999996,0.846,97.08425000000001,96.0995,1.653648762333365,94.78,100.37325
100,14.81925,14.835,0.1603321422339681,14.526250000000001,15.096,14.375,14.25,0.23935677693908453,14.0,14.75,0.44425,0.33599999999999997,0.2499544541844907,0.0535,0.8454999999999999,96.69250000000001,95.8335,2.2110024310253467,94.02449999999999,101.06549999999999
101,14.81925,14.835,0.1603321422339681,14.542499999999999,15.096,14.375,14.5,0.125,14.125,14.5,0.44425,0.585,0.1448351793131305,0.15625,0.596,96.6975,95.82400000000001,1.8403054320773313,94.05775,100.21075
102,14.94425,15.0525,0.12474198371037734,14.68375,15.096499999999999,14.5,14.5,0.2041241452319315,14.125,14.875,0.44425,0.5425,0.11716325860382452,0.21649999999999997,0.585,97.42875000000001,95.822,1.8054931632382314,95.40450000000001,101.05975
103,15.194749999999999,15.3355,0.25929949704283417,14.7815,15.597000000000001,14.625,14.5,0.125,14.5,14.875,0.56975,0.5865,0.22193932166247604,0.157,0.9657500000000001,97.7935,96.312,1.8632933880631912,95.56700000000001,101.664
104,14.94425,15.085,0.14483517931313053,14.65625,15.096499999999999,14.625,14.5,0.125,14.5,14.875,0.31925,0.33599999999999997,0.15450910167365545,0.053500000000000006,0.585,98.275,96.799,2.0619926446684214,95.56700000000001,102.16799999999999
105,15.445,15.5535,0.12498866615284253,15.20525,15.597000000000001,15.0,15.0,0.2041241452319315,14.625,15.375,0.445,0.5854999999999999,0.1447601464492213,0.15725,0.597,98.17900000000002,97.05600000000001,1.601274856689712,96.09049999999999,101.54825
106,16.321,16.554000000000002,0.24918901794956114,15.83125,16.5985,15.75,15.75,0.3227486121839514,15.25,16.25,0.571,0.588,0.22195006946007775,0.15825,0.96675,98.04875,96.556,1.783443456490843,95.8335,101.454
107,16.69625,16.804000000000002,0.2489060649455265,16.18475,17.099,16.625,16.75,0.23935677693908453,16.25,17.0,0.07125,0.0865,0.22271071482979887,-0.34775,0.349,97.53099999999999,96.05449999999999,1.9711845423501095,95.042,101.33371875
108,17.072,17.0875,0.305139585545151,16.544,17.6,17.0,17.0,0.2041241452319315,16.625,17.375,0.072,0.0875,0.22292038937701505,-0.34750000000000003,0.47075,97.67125,96.0675,1.8903226080486915,95.49225000000001,101.45400000000001
109,16.8215,17.087000000000003,0.27021765918113777,16.2825,17.099,16.625,16.75,0.23935677693908453,16.25,17.0,0.1965,0.099,0.12852075059434306,0.0335,0.45699999999999996,97.92675,96.312,1.80636639763366,95.83349999999999,101.45400000000001
110,16.446250000000003,16.587000000000003,0.14517310069936107,16.1575,16.5985,16.0,16.0,0.2041241452319315,15.625,16.375,0.44625000000000004,0.554,0.1248007578769723,0.20699999999999996,0.5985,98.03825,97.041,1.7175495322794414,95.567,100.93631249999999
111,16.070500000000003,16.086,0.020479664710797294,16.032249999999998,16.0975,15.625,15.5,0.125,15.5,15.875,0.4455,0.5535,0.12484423628399242,0.18475,0.5974999999999999,98.54125,97.7805,1.6065729766078656,95.93275000000001,101.22325
112,15.945500000000001,16.086,0.14492325555272376,15.657249999999998,16.0975,15.5,15.5,0.0,15.5,15.5,0.4455,0.586,0.14492325555272348,0.15725,0.5974999999999999,98.93925,98.261,1.416157616875087,96.64625000000001,101.4635
113,15.57025,15.586,0.020364900359851473,15.532249999999998,15.597000000000001,15.375,15.5,0.125,15.125,15.5,0.19524999999999998,0.097,0.1053671161542664,0.0815,0.40725,99.0465,98.236,1.5906195071941838,96.6215,101.69025
114,15.19475,15.3355,0.25605903453435647,14.776499999999999,15.587000000000002,15.125,15.0,0.125,15.0,15.375,0.06974999999999999,0.08549999999999999,0.22230698557025447,-0.34375,0.4674999999999999,98.4455,97.5135,1.355526496728608,96.6215,100.971
115,14.1935,14.0945,0.12871706698543628,14.030999999999999,14.45475,14.375,14.5,0.125,14.125,14.5,-0.18150000000000002,-0.1975,0.13000544860376687,-0.4055000000000001,0.042499999999999996,98.56,97.3125,1.6083560447446552,96.613,101.71075
116,13.81775,13.802,0.1301283821206325,13.5935,14.042,13.5,13.5,0.0,13.5,13.5,0.31775,0.302,0.13012838212063244,0.0935,0.542,98.09324999999998,97.407,2.0910544538980003,94.80425,102.3125
117,13.692499999999999,13.593499999999999,0.12871706698543642,13.53025,13.95375,13.5,13.5,0.0,13.5,13.5,0.1925,0.0935,0.12871706698543645,0.030249999999999996,0.45375,97.80924999999999,96.878,2.6941837469816328,93.43525,103.11449999999999
118,13.567499999999999,13.5835,0.02003538536356764,13.530000000000001,13.5935,13.375,13.5,0.125,13.125,13.5,0.19249999999999998,0.08399999999999999,0.13472719349361756,0.030249999999999996,0.46324999999999994,97.958,97.398,2.36638701399412,93.93925,102.53675
119,13.44225,13.5415,0.11815129777817349,13.2125,13.589,13.0,13.0,0.0,13.0,13.0,0.4422499999999999,0.5415,0.11815129777817367,0.2125,0.584,97.73225,97.92500000000001,2.366287999342713,93.1855,101.83825
120,13.066749999999999,13.092500000000001,0.21810371195068357,12.654,13.4535,12.875,13.0,0.125,12.625,13.0,0.19174999999999998,0.0925,0.12896406153136875,0.029249999999999998,0.4534999999999999,98.09299999999999,98.1705,2.5521785791750555,93.43975,102.66875
121,12.44075,12.5915,0.3312955314619664,11.77825,12.9525,12.5,12.75,0.3535533905932738,11.875,13.0,-0.05924999999999998,0.04,0.11764379499149116,-0.28774999999999995,0.08211249999999991,97.95875,97.917,2.7490602144187384,92.935,103.02425
122,11.06325,11.048,0.2019498184368251,10.71175,11.43,11.5,11.75,0.3535533905932738,10.875,12.0,-0.43675,-0.67,0.3345898920071157,-0.9125000000000001,0.1525,99.346,98.43350000000001,1.533061805668642,97.16049999999998,102.44399999999999
123,10.81275,10.828,0.15492007347876735,10.546,11.0795,10.75,10.75,0.14433756729740643,10.5,11.0,0.06275,0.038000000000000006,0.205649935164914,-0.293,0.44325,99.32225,98.188,2.4334789011824207,95.43175000000001,103.30175
124,10.5625,10.587,0.21764860823507848,10.1515,10.949,10.5,10.5,0.2041241452319315,10.125,10.875,0.0625,0.047,0.20175294297729585,-0.309,0.42899999999999994,99.545,97.9065,2.420799351453977,96.4255,104.303
125,10.31225,10.3275,0.15489371355868492,10.0455,10.579,10.375,10.25,0.23935677693908453,10.0,10.75,-0.06275000000000001,0.038000000000000006,0.31253729777420164,-0.66875,0.4425,99.72749999999999,99.212,1.8604498783896324,97.35249999999999,103.28875
126,9.68575,9.5845,0.12911840496226717,9.524500000000002,9.94825,10.0,10.0,0.2041241452319315,9.625,10.375,-0.31425000000000003,-0.2045,0.22768010270260042,-0.6865000000000001,0.053000000000000005,100.10475,99.464,1.2948442876140218,98.14725000000001,102.703
127,9.4355,9.5755,0.14355399680956274,9.14940625,9.5845,9.5,9.5,0.2041241452319315,9.125,9.875,-0.0645,-0.1745,0.2500488285648758,-0.456,0.32699999999999996,100.32849999999999,98.9585,1.649546831708635,98.31800000000001,103.51675
128,9.43525,9.5365,0.11796636173079153,9.20575,9.5755,9.25,9.0,0.25,9.0,9.75,0.18524999999999997,0.295,0.22757649812755268,-0.1865,0.5365,100.36099999999999,99.7345,1.2397414380964007,98.57149999999999,102.577
129,9.685749999999999,9.5845,0.10682257486130922,9.5725,9.90025,9.25,9.25,0.14433756729740643,9.0,9.5,0.43574999999999997,0.5369999999999999,0.11882506399465279,0.18875,0.5814999999999999,99.73375,99.481,2.17763673030344,96.2035,103.51675
130,10.187000000000001,10.077000000000002,0.1347497680888539,10.02575,10.45835,9.875,9.75,0.23935677693908453,9.5,10.25,0.312,0.32699999999999996,0.3378103511340843,-0.22825,0.83725,98.962,98.43350000000001,2.353619659163305,94.94200000000001,103.51065625
131,11.06325,11.038499999999999,0.2058403001520029,10.707,11.44425,10.875,11.0,0.125,10.625,11.0,0.18824999999999997,0.2885,0.24198704338593555,-0.2035,0.58,99.2305,99.22,2.4560283827078737,94.95474999999999,103.51675
132,11.81475,11.8305,0.15973956669111963,11.539,12.0905,11.5,11.5,0.2041241452319315,11.125,11.875,0.31475,0.5805,0.2692893038474916,-0.22225,0.5905,99.9295,98.3055,1.9278482175731564,97.67699999999999,103.806
133,12.190749999999998,12.081499999999998,0.1349230490563668,12.028749999999999,12.462,12.375,12.25,0.23935677693908453,12.0,12.75,-0.18425,-0.19999999999999998,0.13012838212063244,-0.4085,0.039999999999999994,100.55875,99.291,1.5684650870091628,98.6965,103.642
134,12.566249999999998,12.582,0.22169174356900787,12.153749999999999,12.963000000000001,12.5,12.5,0.2041241452319315,12.125,12.875,0.06624999999999998,0.08199999999999999,0.2988543053618825,-0.4505,0.583,100.63550000000001,99.28,2.0717018969919376,97.89975625,104.57275
135,12.816249999999998,12.832,0.15499106157022977,12.549499999999998,13.083000000000002,13.125,13.0,0.375,12.5,13.75,-0.30875,-0.4495,0.36469356428833966,-0.908,0.2905,100.7675,99.28,2.0054288194797634,98.17049999999999,104.57275
136,12.566249999999998,12.582,0.22169174356900787,12.153749999999999,12.963,12.875,12.75,0.23935677693908453,12.5,13.375,-0.30875,-0.408,0.1287817113050866,-0.47125,-0.0475,100.30575,98.5685,1.9588327040612754,98.0645,104.15775000000001
137,12.19075,12.582,0.3946074790218757,11.402999999999999,12.5915,12.5,12.75,0.3535533905932738,11.875,13.0,-0.30924999999999997,-0.4085,0.12896406153136875,-0.472,-0.0475,101.11174999999999,99.50299999999999,2.2696438551382196,97.917,105.14425
138,10.81325,10.838,0.3356663459945505,10.2765,11.3295,11.5,12.0,0.5,10.5,12.0,-0.68675,-0.6705,0.3059224779253724,-1.1662499999999998,-0.2115,101.274,99.5335,1.9553438316572334,98.94999999999999,105.04974999999999
139,9.9365,9.8355,0.2470521200070948,9.5455,10.3275,10.0,10.0,0.408248290463863,9.25,10.75,-0.06349999999999999,-0.16449999999999998,0.22405672644816238,-0.422,0.295,102.16375,101.75999999999999,1.3244756431005695,100.21374999999999,104.5175
140,9.31025,9.334,0.33551834897662475,8.77375,9.826,9.375,9.5,0.3145764348029479,8.75,9.875,-0.06474999999999999,0.036500000000000005,0.11801156369893022,-0.294,0.07600000000000001,101.92349999999999,101.5,1.082029689980824,100.238,103.67949999999999
141,8.684000000000001,8.8255,0.2547636159266076,8.269,9.0745,8.75,8.75,0.3227486121839514,8.125,9.253124999999997,-0.066,0.0425,0.1237787003755762,-0.3047437499999996,0.083,102.17925,102.2785,1.280628776226739,99.83574999999999,104.42349999999999
142,8.308,8.3245,0.15389336134696224,8.043,8.573,8.125,8.25,0.23935677693908453,7.75,8.5,0.183,0.0815,0.10673097020078098,0.0695,0.39725,102.39375,101.9685,1.3319980214574896,100.238,104.5495
143,7.932500000000001,8.072,0.14321109128369444,7.64675,8.0805,7.75,7.75,0.3227486121839514,7.25,8.25,0.1825,0.2905,0.23347251801157812,-0.19974999999999998,0.543,102.88775000000001,102.488,1.4295888322054933,100.7575,105.35000000000001
144,7.682,7.824,0.2544064988687724,7.268,8.072,7.625,7.75,0.23935677693908453,7.25,8.0,0.057,0.07200000000000001,0.018645821694595995,0.021,0.08,102.8875,102.7215,1.3531184045258833,100.7575,105.01750000000001
145,7.431500000000001,7.571,0.14321109128369452,7.14575,7.5794999999999995,7.375,7.25,0.23935677693908453,7.0,7.75,0.056499999999999995,0.0335,0.20597592901437134,-0.301,0.43699999999999994,103.00450000000001,102.488,1.532141991896747,100.7575,105.70025
146,7.431500000000001,7.571,0.14321109128369452,7.14575,7.5795312500000005,7.25,7.25,0.14433756729740643,7.0,7.5,0.1815,0.07100000000000001,0.13450929335923223,0.02075,0.45275,103.261,103.703,1.2782395445820538,101.17399999999999,105.24700000000001
147,7.431500000000001,7.571,0.14321109128369452,7.14575,7.5794999999999995,6.875,6.75,0.23935677693908453,6.5,7.25,0.5565,0.5335,0.20597592901437134,0.19899999999999995,0.937,102.66125000000001,101.784,1.3574748846663771,100.84975,105.4645
148,7.55675,7.571,0.01826825570947225,7.5185,7.5794999999999995,7.25,7.25,0.14433756729740643,7.0,7.5,0.30674999999999997,0.29,0.13708414386791784,0.07100000000000001,0.5425,103.013,102.7215,1.2656008454485168,101.0085,105.0175
149,8.057749999999999,8.043,0.20800295470657776,7.6945,8.43625,7.625,7.75,0.23935677693908453,7.25,8.0,0.43274999999999997,0.5725,0.14330409100929392,0.14725,0.5815,102.17575,101.784,1.2932251270241648,99.9815,104.64725
150,8.559000000000001,8.574000000000002,0.3030937698688863,8.034500000000001,9.0835,8.0,8.0,0.2041241452319315,7.625,8.375,0.5589999999999999,0.574,0.22105617687215467,0.14775,0.9552499999999999,102.289,101.5245,1.352608282787989,100.46714375,104.86925
151,8.684000000000001,8.824000000000002,0.257696526945941,8.27275,9.0835,8.375,8.5,0.3145764348029479,7.75,8.875,0.30900000000000005,0.2925,0.13674489630939307,0.07400000000000001,0.544,103.155,102.7715,1.2774935746739897,101.08475,105.60875
152,8.80925,8.824000000000002,0.15884446008595976,8.535,9.0835,8.375,8.5,0.125,8.125,8.5,0.4342499999999999,0.574,0.14347727752737247,0.1485,0.5834999999999999,102.55425,101.57,1.3937573542406863,100.61325000000001,105.228
153,9.31,9.295000000000002,0.13608453255238082,9.076,9.544,8.875,8.75,0.23935677693908453,8.5,9.25,0.435,0.575,0.14338991131410417,0.1495,0.584,102.77999999999999,101.80699999999999,1.6508110632857644,100.48825,106.04475
154,9.9365,10.0455,0.12427288521636586,9.697249999999999,10.086,9.625,9.5,0.375,9.0,10.375,0.3115,0.32649999999999996,0.33755555098383433,-0.2285,0.8365,102.00675,100.97749999999999,1.693000018458357,99.4605,104.82900000000001
155,10.813,10.7965,0.3222873976230944,10.303500000000001,11.341631249999999,10.75,10.75,0.3227486121839514,10.25,11.25,0.06300000000000003,-0.1725,0.364169145681875,-0.4535,0.8347500000000001,100.5505,98.95,2.2150233444969962,97.65324999999999,105.04825
156,12.190249999999999,12.049,0.3214406049334778,11.70075,12.821,11.875,11.75,0.42695628191498325,11.125,12.625,0.31525000000000003,0.5805,0.45213740076072745,-0.5965,0.96175,99.56425,98.95,2.840567061198635,94.69300000000001,105.04825
157,13.066999999999998,12.833,0.3665062527888621,12.5405,13.71375,13.25,13.25,0.3227486121839514,12.75,13.75,-0.18300000000000002,0.08299999999999999,0.45267004171544933,-1.09575,0.46375,98.809,98.6965,3.333712220133385,92.8075,104.923
158,13.818,13.8345,0.3407005038642198,13.2805,14.3445,14.25,14.5,0.25,13.75,14.5,-0.432,-0.1655,0.3713625811342154,-1.0997500000000002,0.084,98.407,98.424,3.744167798056067,91.66375,105.13325
159,13.943,13.8345,0.2535451964969295,13.5415,14.3445,14.875,14.75,0.23935677693908453,14.5,15.25,-0.932,-0.916,0.020252571853141672,-0.96975,-0.9055,97.38850000000001,97.9065,4.185340298788934,89.60575,104.65325
160,13.818,13.8345,0.3407005038642198,13.2805,14.347618749999997,14.75,14.75,0.14433756729740643,14.5,15.0,-0.9320000000000002,-0.9155,0.22172092067882695,-1.3445,-0.536,96.2315,97.89500000000001,4.8429858128362655,86.98000000000002,103.8195
161,13.442499999999999,13.584,0.3339145349736467,12.779499999999999,13.964,14.25,14.5,0.47871355387816905,13.5,15.0,-0.8075000000000001,-0.6990000000000001,0.22601382701064993,-1.1775,-0.45899999999999996,96.56825,98.6965,4.009377993633592,88.55799999999999,102.45024999999998
162,12.566249999999998,12.582,0.22169174356900787,12.153749999999999,12.963000000000001,13.25,13.5,0.25,12.75,13.5,-0.6837500000000001,-0.7005,0.13640220855983234,-0.918,-0.44896875000000047,98.74674999999999,99.202,2.0673978158948185,94.82050000000001,102.21775
163,11.68975,11.831,0.2553449872231683,11.273249999999999,12.081,12.125,12.0,0.3145764348029479,11.625,12.75,-0.43525,-0.4515,0.20138328919417983,-0.785,-0.06924999999999999,98.62225,98.68700000000001,1.5521282901766418,95.81275000000001,101.367
164,10.9385,11.0885,0.3309850198020044,10.27675,11.45025,10.875,11.25,0.4732423621500228,10.0,11.5,0.0635,0.07999999999999999,0.18766392833999826,-0.28675,0.39725,99.74975,99.9865,1.954758313065838,96.2035,103.05924999999999
165,10.4375,10.578,0.1438897147123448,10.1509,10.587,10.25,10.5,0.47871355387816905,9.5,11.0,0.1875,0.087,0.36210622290519484,-0.422,0.7969999999999999,100.23275,99.7255,1.470662966998219,97.9135,103.05924999999999
166,10.312000000000001,10.2965,0.1361329007502105,10.078,10.565999999999999,10.25,10.25,0.14433756729740643,10.0,10.5,0.061999999999999986,0.0465,0.2084438373599309,-0.3015,0.44099999999999995,100.71475,99.7255,1.3668835219213067,99.06549999999999,103.41474999999998
167,10.562750000000001,10.547,0.2088729179030474,10.19875,10.963,10.375,10.25,0.23935677693908453,10.0,10.75,0.18774999999999997,0.3285,0.25808344096435165,-0.2235,0.588,100.8425,99.9865,1.5305453548762713,98.50675,103.7695
168,10.4375,10.2965,0.2391800228558673,10.078,10.83775,10.25,10.0,0.25,10.0,10.75,0.1875,0.0875,0.10625637235792809,0.07350000000000001,0.40125,100.46525,99.7255,1.8785757626013737,97.54750000000001,104.12275
169,10.3125,10.078,0.25908251581301245,10.026250000000001,10.83325,10.125,10.0,0.125,10.0,10.375,0.1875,0.078,0.1346244777148643,0.026250000000000002,0.45825000000000005,100.44449999999999,99.1905,1.6353763328359605,98.3055,103.5105
170,9.81125,9.577,0.2588330784501857,9.5251375,10.3315,9.75,9.5,0.25,9.5,10.25,0.06125,0.077,0.019224008426964447,0.020750000000000005,0.086,100.33675,99.45349999999999,1.536500318635392,98.2695,103.5405
171,9.05975,9.076,0.22048029957345408,8.64925,9.453999999999999,9.25,9.25,0.3227486121839514,8.75,9.75,-0.19024999999999997,-0.2065,0.13657682514492225,-0.425,0.044500000000000005,100.82424999999999,99.553,1.3038762323037654,99.464,103.41824999999999
172,8.684000000000001,8.8255,0.2547636159266076,8.269,9.0745,8.375,8.5,0.375,7.75,9.0,0.309,0.2925,0.1364288581398134,0.07450000000000001,0.5435,101.35625,101.0085,1.2728853296742773,99.12100000000001,103.666
173,8.057500000000001,8.0805,0.21739231050491808,7.648,8.444,7.875,8.0,0.3145764348029479,7.25,8.25,0.1825,0.0805,0.10689285913162458,0.069,0.39675000000000005,101.34825000000001,100.749,1.012276837546594,99.98525000000001,103.454
174,7.932500000000001,8.072,0.14321109128369444,7.64675,8.0805,7.625,7.75,0.23935677693908453,7.25,8.0,0.3075,0.2905,0.13696501986517093,0.07200000000000001,0.5429999999999999,101.69250000000001,100.489,1.3314827261365412,100.21450000000002,104.3743375
175,7.682,7.5735,0.13308706423490835,7.52275,7.94975,7.375,7.25,0.23935677693908453,7.0,7.753124999999997,0.307,0.2905,0.1369446360151917,0.07150000000000001,0.5425,101.5805,101.2885,0.8053922957168143,100.35525,103.22399999999999
176,7.93225,8.0405,0.1237762598400839,7.693250000000001,8.0805,7.375,7.5,0.125,7.125,7.5,0.5572499999999999,0.5405,0.20858586361496312,0.19324999999999998,0.938,101.81425,100.575,1.4636566295298468,100.03699999999999,104.63875000000002
177,8.809500000000002,9.043500000000002,0.2485238083832882,8.30075,9.08425,8.0,7.75,0.3535533905932738,7.5,8.625,0.8094999999999999,0.8240000000000001,0.3393828958565826,0.27425,1.3335,102.6965,102.32300000000001,1.1322685561885624,101.0015,104.64375
178,10.0615,10.2955,0.34932852254957164,9.42675,10.547,9.5,9.5,0.2041241452319315,9.125,9.875,0.5615000000000001,0.5455,0.20923770374066591,0.19649999999999995,0.9425000000000001,101.065,99.81450000000001,1.5527463304309117,99.21324999999999,104.16725
179,11.43925,11.548,0.317199825294193,10.82475,11.945,10.875,11.0,0.3145764348029479,10.25,11.375,0.5642499999999999,0.5794999999999999,0.22147963600897183,0.1525,0.9607499999999999,101.19275,99.8355,1.687490462936014,99.054,104.73925
180,12.56625,12.582,0.30411137625328466,12.04,13.092500000000001,12.25,12.25,0.14433756729740643,12.0,12.5,0.31625000000000003,0.33199999999999996,0.16002727632084057,0.039999999999999994,0.5925,99.48325,99.464,2.1357817606597034,95.57100000000001,103.41474999999998
181,13.067,13.083,0.30426441351780414,12.540499999999998,13.5935,12.625,12.5,0.125,12.5,12.875,0.44199999999999995,0.33349999999999996,0.25354519649692964,0.040499999999999994,0.8434999999999999,99.57225,98.95,2.645663728159721,95.06875,104.69800000000001
182,13.69275,13.584,0.39004922232114914,13.041,14.469249999999999,13.625,13.5,0.125,13.5,13.875,0.06775000000000002,-0.16599999999999998,0.3663912696831081,-0.45899999999999996,0.7137500000000001,98.4485,98.443,3.1473884809473414,92.5555,104.095
183,13.943249999999999,14.084,0.3935656182053169,13.2915,14.5955,14.5,14.5,0.408248290463863,13.75,15.25,-0.5567500000000001,-0.6975,0.238873528252923,-0.915,-0.1555,98.3265,98.68700000000001,3.15715115518194,92.42875000000001,103.86375
184,13.693,13.834,0.2589115035425553,13.28025,14.0945,14.25,14.5,0.4330127018922193,13.375,14.875,-0.557,-0.6555,0.22368541898538374,-0.9155,-0.1985,97.961,97.9065,2.5589965806933006,93.43975,102.53675
185,13.567749999999998,13.834,0.3739474952004182,12.904499999999999,14.0945,13.5,13.75,0.3535533905932738,12.875,14.0,0.06775,0.08399999999999999,0.020495426319059578,0.0295,0.0945,98.47274999999999,97.67,1.9230360706878749,95.67975,102.0685
186,12.44075,12.5915,0.3312955314619664,11.77825,12.9525,12.5,13.0,0.5,11.5,13.0,-0.05924999999999998,-0.16749999999999998,0.22024243271147065,-0.4085,0.39849999999999997,99.371,99.212,1.5487052118893836,96.68175,102.21925
187,12.06525,12.090499999999999,0.21808422493767568,11.652999999999999,12.452250000000001,11.5,11.5,0.2041241452319315,11.125,11.875,0.5652499999999999,0.5814999999999999,0.019851007531105302,0.52775,0.5905,99.49950000000001,99.212,0.6810289396689887,98.51025,100.59026875
188,12.065249999999999,12.081,0.019576239850049613,12.028499999999998,12.09075,11.625,11.5,0.125,11.5,11.875,0.44025000000000003,0.5489999999999999,0.12428084794797091,0.20149999999999996,0.5905,100.1075,99.553,0.5878902250137077,99.464,101.26800000000001
189,11.940000000000001,12.081,0.14439933056169843,11.65275,12.0905,11.75,11.75,0.14433756729740643,11.5,12.0,0.18999999999999997,0.08149999999999999,0.13454057628338995,0.028000000000000004,0.4604999999999999,100.34774999999999,99.464,0.9894383402550511,99.23400000000001,102.34525
190,11.940000000000001,12.081,0.14439933056169843,11.64825,12.090499999999999,11.5,11.5,0.2041241452319315,11.25,11.875,0.43999999999999995,0.5485,0.12423566315676025,0.20174999999999996,0.5905,100.5715,99.553,1.4122171988283752,98.74222499999999,103.41824999999999
191,11.81475,11.8305,0.15496363820802156,11.548,12.0815,11.375,11.5,0.125,11.125,11.5,0.43975,0.5395,0.11829157126918778,0.20975,0.5814999999999999,100.82424999999999,99.553,1.3038762323037654,99.464,103.41824999999999
192,11.564499999999999,11.589500000000001,0.21787094804034784,11.152750000000001,11.951250000000002,11.125,11.0,0.125,11.0,11.375,0.4395,0.5805,0.14422580675223604,0.1525,0.5894999999999999,101.549,100.53049999999999,1.4164349026105416,99.7255,104.257
193,11.56425,11.58,0.019576239850049613,11.5275,11.589506250000001,11.125,11.0,0.125,11.0,11.375,0.43925,0.548,0.12428084794797091,0.20049999999999998,0.5894999999999999,100.94725,99.81450000000001,1.4362331736757301,99.21324999999999,103.814
194,11.56425,11.58,0.019576239850049613,11.523,11.589500000000001,11.25,11.25,0.14433756729740643,11.0,11.5,0.31425,0.2985,0.13604495274234418,0.08049999999999999,0.548,101.17925,99.5745,1.8258781620086248,99.054,104.75
195,11.689499999999999,11.58,0.13498487569600762,11.5275,11.961,11.25,11.25,0.14433756729740643,11.0,11.5,0.43949999999999995,0.32999999999999996,0.25325398976784813,0.039,0.8400000000000001,100.3355,99.9945,2.6566807140992044,95.96225000000001,105.04974999999999
196,11.81475,11.8305,0.15973956669111963,11.539,12.0905,11.875,12.0,0.125,11.625,12.0,-0.06025,0.0485,0.12448251215866964,-0.29924999999999996,0.0905,99.06649999999999,98.9585,3.2355973302210104,93.318,104.923
197,11.93975,11.8305,0.25330330139972507,11.5386,12.340499999999999,11.875,12.0,0.125,11.625,12.0,0.06474999999999999,0.0485,0.20910538610949264,-0.29925,0.445,98.6775,98.43350000000001,3.334491178075999,92.676,104.91675
198,11.93975,11.8305,0.25330330139972507,11.539,12.3405,12.0,12.0,0.2041241452319315,11.625,12.375,-0.06025,-0.20149999999999998,0.23926114568256446,-0.4195,0.34335624999999764,98.94,98.68700000000001,3.0354806868105735,93.5665,104.6995
199,12.065000000000001,12.081,0.22149379223806692,11.652637499999999,12.46125,12.125,12.25,0.23935677693908453,11.75,12.5,-0.06,-0.20149999999999998,0.23913280828861605,-0.419,0.3363624999999999,99.34425,99.212,2.5351089186002755,94.82400000000001,102.61273749999997
200,12.065249999999999,12.081,0.019576239850049613,12.028499999999998,12.0905,11.875,12.0,0.125,11.625,12.0,0.19024999999999997,0.0905,0.10600658391502546,0.07674999999999998,0.4035,101.04025,99.5335,1.724218246771563,98.94999999999999,104.3485
201,12.065249999999999,12.081,0.019576239850049613,12.028499999999998,12.0905,11.5,11.5,0.0,11.5,11.5,0.56525,0.581,0.019576239850049505,0.5285,0.5907499999999999,101.271,100.48,1.6671786047091652,98.6965,103.99525
202,12.190249999999999,12.081,0.13473701236111776,12.023999999999997,12.445649999999999,11.5,11.5,0.0,11.5,11.5,0.69025,0.581,0.13473701236111776,0.5283875000000001,0.9612499999999999,101.532,100.7675,1.663007967509478,99.21974999999999,104.60875
203,12.565999999999999,12.5915,0.19183022007320283,12.202000000000002,12.90450625,12.0,12.0,0.0,12.0,12.0,0.566,0.5914999999999999,0.19183022007320258,0.30624999999999997,0.9045,100.3305,99.5335,1.029723142402851,98.94999999999999,102.21925
204,13.317,13.301,0.13624487757955034,13.083,13.551000000000002,12.5,12.5,0.2041241452319315,12.125,12.875,0.817,0.833,0.15458331087151678,0.5509999999999999,1.083,100.81099999999999,100.269,1.269841263045636,98.9585,103.46175
205,13.818,13.834,0.1601879104884843,13.5415,14.0945,13.375,13.5,0.125,13.125,13.5,0.44299999999999995,0.584,0.14474748126766604,0.15525,0.5945,100.18475,98.443,2.0055764913111656,97.82249999999999,104.095
206,13.943,13.8345,0.2535451964969295,13.5415,14.3445,13.75,13.75,0.3227486121839514,13.25,14.25,0.19299999999999998,0.2915,0.2295687986929699,-0.17650000000000002,0.57275,99.16775,98.95,3.5231813127484672,92.809,105.74575
207,14.068249999999999,14.084,0.30440881913418116,13.5415,14.595,14.125,14.25,0.23935677693908453,13.75,14.5,-0.056749999999999995,0.0515,0.12474198371037716,-0.296,0.095,99.66,97.917,2.70225310312216,95.92975,105.13325
208,14.193249999999999,14.334,0.25904097970527096,13.65025,14.594999999999999,14.125,14.25,0.23935677693908453,13.75,14.5,0.06825,0.08399999999999999,0.02036490035985118,0.030249999999999996,0.095,101.01925,98.8105,2.332498995176633,98.56,105.676
209,13.943,14.084,0.14474748126766596,13.65525,14.0945,13.5,13.5,0.2041241452319315,13.125,13.875,0.44299999999999995,0.5415,0.11741024941063138,0.21474999999999997,0.584,101.3825,99.769,2.1049524341419232,98.69336875,105.39625000000001
210,13.69275,13.584,0.13497492050994744,13.53025,13.964,13.375,13.5,0.125,13.125,13.5,0.31775000000000003,0.3015,0.13612762088079944,0.08399999999999999,0.5515,100.69149999999999,100.506,1.0839592935161368,98.9585,102.4245
211,13.442499999999999,13.5835,0.14457322250910304,13.155000000000001,13.5935,13.0,13.0,0.0,13.0,13.0,0.4425,0.5834999999999999,0.1445732225091032,0.155,0.5934999999999999,100.33475,99.7925,1.0489036637524616,98.863,102.34875
212,13.31725,13.3335,0.15472145671065354,13.051,13.5835,13.0,13.0,0.0,13.0,13.0,0.31725,0.33349999999999996,0.15472145671065363,0.051000000000000004,0.5834999999999999,100.19149999999999,99.51849999999999,1.1566335129734635,98.4335,102.0925
213,13.06675,13.0825,0.01979214911692679,13.02975,13.092500000000001,12.75,12.75,0.14433756729740643,12.5,13.0,0.31675,0.301,0.13607618883062042,0.078,0.5505,100.8305,100.53049999999999,0.9317848911274184,99.4735,102.4795
214,13.06675,13.0825,0.01979214911692679,13.02975,13.092500000000001,12.625,12.5,0.125,12.5,12.875,0.44175,0.5505,0.12448251215866964,0.20274999999999999,0.5925,100.58474999999999,100.054,1.1323442773732724,98.863,102.83725000000001
215,13.06675,13.0825,0.01979214911692679,13.02975,13.092500000000001,12.625,12.5,0.125,12.5,12.875,0.44175,0.5505,0.12448251215866964,0.20274999999999996,0.5925,100.69825,99.553,1.3530773182514961,99.1235,103.41824999999999
216,12.9415,13.0825,0.1445732225091035,12.654,13.092500000000001,12.625,12.5,0.125,12.5,12.875,0.3165,0.33249999999999996,0.15990022930982098,0.040499999999999994,0.5925,101.2905,100.031,1.6545235719082405,99.21199999999999,104.478
217,12.8165,13.0825,0.2695392673928362,12.279,13.092500000000001,12.5,12.5,0.0,12.5,12.5,0.3165,0.5825,0.26953926739283585,-0.221,0.5925,100.46125,99.4735,1.830603788143864,97.9135,103.99674999999999
218,12.06525,12.090499999999999,0.21808422493767568,11.652993749999998,12.452250000000001,12.125,12.5,0.375,11.375,12.5,-0.059749999999999984,-0.16799999999999998,0.22050675537648878,-0.4095,0.29,101.18825,99.7255,1.6619959574258916,99.30599999999998,104.47449999999999
219,11.314,11.33,0.15452831455755936,11.048,11.58,11.25,11.25,0.14433756729740643,11.0,11.5,0.064,0.07999999999999999,0.019467922333931784,0.023000000000000003,0.089,101.6825,100.2465,1.846475674539652,99.306,105.17575
220,11.0635,11.079,0.019332614929181254,11.027249999999999,11.0885,11.0,11.0,0.0,11.0,11.0,0.0635,0.079,0.019332614929181202,0.02725,0.0885,101.30625,99.9865,2.1590989777759932,98.4085,105.52374999999999
221,11.0635,11.079,0.019332614929181254,11.027137499999998,11.0885,11.0,11.0,0.2041241452319315,10.625,11.375,0.0635,0.0795,0.18785743708106598,-0.2915,0.39775,102.3925,101.0515,1.9098540301988203,99.8595,106.26650000000001
222,10.93825,11.079,0.14414944502147756,10.6515,11.0885,10.875,10.75,0.23935677693908453,10.5,11.25,0.06325,0.0475,0.20137004701130037,-0.28675,0.42899999999999994,102.48124999999999,101.222,1.9575790905690984,99.71549999999999,105.9975
223,10.5625,10.578,0.019259196937220995,10.5265,10.587,10.5,10.5,0.2041241452319315,10.125,10.875,0.0625,0.079,0.18807157325514842,-0.2885,0.397,102.49725000000001,101.4735,1.681555300656706,99.97678749999999,105.31
224,10.4375,10.578,0.1438897147123448,10.151,10.587,10.5,10.5,0.2041241452319315,10.125,10.875,-0.06250000000000003,-0.16299999999999998,0.24705785422312185,-0.474,0.32899999999999996,102.25475,101.4735,1.6441241019156674,99.59125,104.95975
225,10.5625,10.578,0.019259196937220995,10.526,10.587499999999999,10.5,10.5,0.2041241452319315,10.125,10.875,0.0625,0.047,0.20175294297729585,-0.2885,0.42899999999999994,101.90324999999999,101.239,1.4205451638367577,99.7255,104.257
226,11.18875,11.079,0.13487239339464546,11.027249999999999,11.46,10.875,10.75,0.23935677693908453,10.5,11.375,0.31375,0.32899999999999996,0.3378901140410395,-0.22725,0.8395000000000001,101.89775,100.9865,1.5196874335972308,99.71549999999999,104.60025
227,11.81475,11.8305,0.15973956669111963,11.539,12.0905,11.75,11.75,0.14433756729740643,11.5,12.0,0.06474999999999999,0.08049999999999999,0.2214912996786405,-0.34725,0.46099999999999997,101.5265,100.269,1.754801864409007,99.21199999999999,105.228
228,12.315749999999998,12.331499999999998,0.15973956669111988,12.04,12.5915,12.5,12.5,0.2041241452319315,12.125,12.875,-0.18425,-0.16799999999999998,0.15443465446589377,-0.44999999999999996,0.0815,100.93125,99.7855,1.445123891747692,99.202,103.7695
229,12.69125,12.5825,0.13478833715619976,12.529,12.96225,12.875,12.75,0.23935677693908453,12.5,13.375,-0.18375000000000002,-0.2095,0.3275241403316709,-0.7,0.33249999999999996,100.6525,99.028,2.0192694017061372,98.0595,104.56649999999999
230,13.31725,13.333,0.1600272763208404,13.041,13.5935,13.125,13.25,0.23935677693908453,12.75,13.5,0.19224999999999998,0.33349999999999996,0.25528656284001056,-0.225,0.583,100.05799999999999,98.424,1.8933193514741944,97.8005,103.73225
231,13.31725,13.333,0.1600272763208404,13.041,13.5935,14.0,14.0,0.2041241452319315,13.625,14.375,-0.6827500000000001,-0.417,0.2694600697073069,-1.225,-0.4065,99.31450000000001,98.16,2.2519721172045313,96.18325,103.60025
232,13.31725,13.333,0.1600272763208404,13.041,13.5935,14.0,14.0,0.2041241452319315,13.625,14.375,-0.68275,-0.6665,0.15446271124988925,-0.9485,-0.417,99.93175,98.424,2.120810276560983,97.28725,104.084
233,12.94175,13.0825,0.33380642469351424,12.279,13.463750000000001,13.375,13.5,0.5153882032022076,12.375,14.25,-0.43325,-0.4175,0.1868311960924442,-0.78625,-0.09599999999999999,100.321,98.95,1.8095803841406608,98.01775,103.99525
234,11.815,11.84,0.3358667890697145,11.27775,12.452250000000001,12.25,12.5,0.4330127018922193,11.375,12.875,-0.43500000000000005,-0.4515,0.27457209132272226,-0.91,0.04,100.3255,99.202,1.847248877836082,97.7760625,103.99525
235,10.81325,10.838,0.3356663459945505,10.1515,11.3295,11.0,11.0,0.2041241452319315,10.625,11.375,-0.18675,-0.17049999999999998,0.15466704831131076,-0.45299999999999996,0.07949999999999999,101.066,99.71549999999999,1.546224595587587,99.31299999999999,104.12625
236,10.187,10.3285,0.25511663999041684,9.77125,10.578,9.875,10.0,0.3145764348029479,9.25,10.375,0.31199999999999994,0.296,0.13086698081130574,0.0865,0.5375,101.67474999999999,100.53049999999999,1.3589413388737577,99.97699999999999,104.257
237,9.811250000000001,9.8275,0.15435369286155748,9.5455,10.077000000000002,9.5,9.5,0.28867513459481287,9.0,10.0,0.31124999999999997,0.295,0.13629036099445918,0.07700000000000001,0.56575,101.43875,100.0755,1.5863987715892887,99.54599999999999,104.73925
238,9.686,9.577,0.13412866956769548,9.525250000000002,9.95575,9.25,9.25,0.14433756729740643,9.0,9.5,0.436,0.5449999999999999,0.12412560842415503,0.19675000000000042,0.5854999999999999,102.02425000000001,101.2645,1.6528386377683677,99.7340875,105.09025
239,9.686,9.577,0.13412866956769548,9.52525,9.95575,9.25,9.25,0.14433756729740643,9.0,9.5,0.436,0.5449999999999999,0.12412560842415503,0.19725000000000004,0.5854999999999999,101.5365,101.2645,1.6166452146343062,98.95750000000001,104.3875
240,9.5605,9.5755,0.018914280319377585,9.524500000000002,9.5845,9.25,9.25,0.14433756729740643,9.0,9.5,0.3105,0.294,0.13671533686215798,0.07550000000000001,0.5455,101.80575,101.2645,1.0680140741113846,100.238,103.67949999999999
241,9.685749999999999,9.5755,0.13481306501967816,9.524500000000002,9.957249999999998,9.25,9.25,0.14433756729740643,9.0,9.5,0.43575,0.544,0.12402780266268258,0.19674999999999998,0.585,101.41799999999999,100.97749999999999,1.1849630795936228,99.464,103.372
242,10.061250000000001,10.078,0.18869038793748877,9.709,10.39675,9.375,9.5,0.125,9.125,9.5,0.68625,0.7875,0.2310300756034446,0.31375,1.0465,102.03725,101.9945,1.3354466403292429,99.953,104.16425
243,10.9385,11.0475,0.12432651902684842,10.6995,11.0885,9.875,9.75,0.23935677693908453,9.5,10.25,1.0635000000000001,1.0795,0.2208855284229066,0.6525,1.3414999999999975,101.419,100.506,1.3542518229635125,99.464,103.773
244,11.18875,11.079,0.13487239339464546,11.027249999999999,11.46,10.75,10.75,0.14433756729740643,10.5,11.0,0.43875,0.5385,0.1182464763393255,0.20849999999999996,0.58,101.65875,100.7675,1.5877323648839572,99.4735,104.60875
245,11.314,11.3295,0.15957913397433893,11.038499999999999,11.589749999999999,10.75,10.75,0.14433756729740643,10.5,11.0,0.564,0.548,0.20908251959453714,0.17925000000000002,0.94425,101.528,100.506,1.6380171956769365,99.21199999999999,104.478
246,11.314,11.3295,0.15957913397433893,11.038499999999999,11.589500000000001,10.875,11.0,0.125,10.625,11.0,0.439,0.548,0.12452777467965395,0.19974999999999998,0.5894999999999999,101.88374999999999,101.0035,1.8803321681288112,99.22,105.31
247,11.314,11.3295,0.15957913397433893,11.038499999999999,11.589500000000001,10.875,11.0,0.125,10.625,11.0,0.439,0.548,0.12452777467965395,0.17925000000000002,0.5894999999999999,101.49475,99.5305,2.3518502423623815,98.6965,106.09074999999999
248,11.18875,11.079,0.13487239339464546,11.027249999999999,11.46,10.875,11.0,0.125,10.625,11.0,0.31375000000000003,0.2975,0.1366372173555458,0.079,0.5485,101.064,99.7255,1.8885802868821855,98.64099999999999,104.8255
249,11.18875,11.079,0.13487239339464546,11.027249999999999,11.46,11.0,11.0,0.2041241452319315,10.625,11.375,0.18875000000000003,0.2885,0.23045005785780714,-0.18224999999999997,0.5692499999999999,101.64925,99.7255,2.290339180667351,99.00400000000002,106.21824999999998
250,11.689499999999999,11.7985,0.23390257943568415,11.304499999999999,12.0495,11.125,11.0,0.125,11.0,11.375,0.5644999999999999,0.5485,0.20926956300427446,0.19974999999999998,0.9654999999999999,100.79274999999998,99.4735,2.714202196318468,96.8125,106.35249999999999
251,12.064999999999998,12.049,0.20908251959453703,11.70075,12.445249999999998,11.875,12.0,0.125,11.625,12.0,0.18999999999999997,0.08049999999999999,0.1348103606305292,0.028499999999999998,0.46099999999999997,99.327,98.9585,2.840590343572969,95.61099999999999,104.829
252,12.69125,12.8,0.24816908718318137,12.29,13.092500000000001,12.625,12.5,0.125,12.5,12.875,0.06624999999999999,0.0505,0.2091261082855669,-0.212193749999998,0.44599999999999995,98.96674999999999,98.443,2.3622382174186685,95.85649999999998,103.38999999999999
253,13.3175,13.3015,0.3327733212463601,12.682,13.844,13.125,13.25,0.23935677693908453,12.75,13.5,0.19249999999999998,0.08349999999999999,0.13504844809672314,0.030249999999999996,0.46375,97.0565,98.18,3.842517870268571,89.5995,103.38999999999999
254,13.56775,13.5835,0.3043997850962885,13.041,14.0945,13.75,13.75,0.3227486121839514,13.25,14.25,-0.18225000000000002,-0.198,0.13614047585735356,-0.41600000000000004,0.051500000000000004,97.80825,98.6965,3.803030707541028,90.50649999999999,104.22175
255,13.69275,13.584,0.39004922232114914,13.041,14.3445,13.875,14.0,0.3145764348029479,13.25,14.375,-0.18225000000000002,-0.198,0.32189681964878125,-0.6930000000000001,0.34424999999999994,98.3115,98.443,3.450551296532191,92.0455,104.446
256,13.69275,13.584,0.39004922232114914,13.041,14.3445,13.75,13.75,0.14433756729740643,13.5,14.0,-0.057249999999999995,-0.198,0.43714611878257215,-0.7090000000000001,0.6977500000000001,98.09225,99.22,3.441935559512022,92.81066875000002,103.51675
257,13.567749999999998,13.834,0.3739474952004182,12.7745,14.0945,13.875,14.25,0.4732423621500228,13.0,14.5,-0.30725,-0.4055,0.10519456180493997,-0.42075,-0.0955,97.3945,99.202,2.2319428569447446,92.935,100.04650000000001
258,13.06675,13.083,0.22171091350374872,12.654124999999997,13.463000000000001,13.125,13.25,0.23935677693908453,12.625,13.5,-0.058249999999999996,-0.19949999999999998,0.23911621128647886,-0.417,0.34299999999999997,97.9125,98.941,1.4161420303062828,95.18950000000001,99.715
259,12.9415,13.0825,0.1445732225091035,12.64925,13.092500000000001,12.75,13.0,0.25,12.25,13.0,0.19149999999999998,0.0925,0.10560026830773994,0.078,0.404,97.77025,98.6965,1.5554414901135503,94.69300000000001,99.92125
260,12.69125,12.5825,0.13478833715619976,12.52425,12.962250000000001,12.125,12.0,0.125,12.0,12.375,0.56625,0.55,0.20891879403251398,0.20274999999999996,0.9460000000000001,98.7515,98.443,0.798953534318488,97.5795,100.15975
261,12.8165,12.8005,0.1362133742821656,12.5825,13.0505,12.5,12.5,0.0,12.5,12.5,0.3165,0.3005,0.1362133742821656,0.08249999999999999,0.5505,99.26075,99.22,0.5534481871262507,98.318,100.2035
262,13.44225,13.301,0.23936630750100688,13.083,13.84375,12.625,12.5,0.125,12.5,12.875,0.81725,0.583,0.2595356028884413,0.525,1.33875,100.084,99.5305,0.9794444854099681,98.6965,101.8585
263,13.69275,13.584,0.13497492050994744,13.53025,13.969,13.125,13.0,0.125,13.0,13.375,0.56775,0.584,0.02014271994211969,0.53025,0.594,100.4405,99.291,1.451767457274062,98.6965,103.45925
264,13.943249999999999,14.052,0.12468451855249181,13.683,14.0945,13.5,13.5,0.0,13.5,13.5,0.44325000000000003,0.552,0.12468451855249178,0.20399999999999996,0.5945,100.322,99.291,1.3350971874736322,98.6965,102.93175
265,14.193249999999999,14.0845,0.1348007016549492,14.03125,14.464,13.75,13.75,0.14433756729740643,13.5,14.0,0.44325000000000003,0.542,0.11745735041565797,0.21474999999999997,0.584,100.6965,99.313,1.5072733384050352,99.054,103.69399999999999
266,14.193249999999999,14.0845,0.1348007016549492,14.03125,14.464,13.875,14.0,0.125,13.625,14.0,0.31825000000000003,0.3025,0.13610803001047855,0.0845,0.5525249999999996,100.306,99.5305,1.5750147618355819,98.10024999999999,103.28724999999999
267,14.3185,14.334,0.16017152264577703,14.042,14.595,13.875,14.0,0.125,13.625,14.0,0.44350000000000006,0.552,0.12478615040673918,0.204,0.5954999999999999,100.91775,99.7925,1.8017839944066565,98.48274999999998,104.63875
268,14.3185,14.334,0.16017152264577703,14.042,14.595,14.0,14.0,0.0,14.0,14.0,0.3185,0.33399999999999996,0.16017152264577703,0.041999999999999996,0.595,101.04775,100.269,1.4875868251971027,98.9585,103.773
269,14.443750000000001,14.584499999999998,0.14466073816577413,14.151250000000001,14.595012500000001,14.0,14.0,0.0,14.0,14.0,0.44375,0.5845,0.14466073816577413,0.156,0.595,100.3005,99.028,1.6739632363545687,98.17999999999999,103.814
270,14.693999999999999,14.5855,0.1349141702466179,14.5315,14.965,14.0,14.0,0.0,14.0,14.0,0.694,0.5854999999999999,0.13491417024661767,0.5315,0.9649999999999999,100.53949999999999,99.506,1.6592882761392997,98.17999999999999,104.053
271,14.693999999999999,14.5855,0.1349141702466179,14.5315,14.965,14.375,14.5,0.125,14.125,14.5,0.319,0.303,0.13599080851292855,0.08549999999999999,0.5525,100.178,98.54750000000001,1.839659977640795,98.12275,103.92699999999999
272,14.81925,14.835,0.1603321422339681,14.542499999999999,15.096,14.5,14.5,0.0,14.5,14.5,0.31925,0.33499999999999996,0.16033214223396794,0.042499999999999996,0.596,101.035,99.81450000000001,2.0939023775397594,98.07024999999999,105.22025
273,15.194500000000001,15.085999999999999,0.13510150504959856,15.03175,15.46575,14.875,15.0,0.125,14.625,15.0,0.31949999999999995,0.3035,0.13602358864059816,0.086,0.5529999999999999,100.06425,98.8105,1.7457916721361664,97.80850000000001,103.642
274,15.319749999999999,15.3355,0.16061982806200095,15.042499999999999,15.597000000000001,15.0,15.0,0.0,15.0,15.0,0.31975,0.33549999999999996,0.16061982806200067,0.02625,0.597,99.575,98.3055,1.575978056107805,97.67699999999999,102.7425
275,15.69525,15.587,0.13485385608131498,15.53275,15.966000000000001,15.375,15.5,0.125,15.125,15.5,0.32025000000000003,0.3045,0.1358543184198917,0.087,0.5535,99.71225000000001,99.0725,1.458472452888066,97.55699999999999,102.50725
276,15.945750000000002,15.8375,0.253859336050499,15.5435,16.348,15.625,15.5,0.125,15.5,15.875,0.32075,0.33649999999999997,0.16061982806200067,0.0435,0.598,98.48474999999999,98.18,1.8556521034845601,95.30850000000001,101.96575
277,15.945750000000002,15.8375,0.253859336050499,15.543499999999998,16.348,15.875,16.0,0.125,15.625,16.0,0.07075,0.055,0.20938098250159523,-0.29325,0.4505,97.7225,98.188,2.888236789115463,92.42725000000002,102.55225000000002
278,15.945750000000002,15.8375,0.253859336050499,15.543499999999998,16.348,16.25,16.5,0.25,15.75,16.5,-0.30425,-0.195,0.23342285485073366,-0.79325,0.07550000000000001,97.46875,97.398,2.3553684911636807,93.1855,101.82275
279,15.945750000000002,15.8375,0.253859336050499,15.543499999999998,16.3511125,15.875,16.0,0.125,15.625,16.0,0.07075,0.055,0.20938098250159523,-0.31525,0.4505,97.619,98.443,2.517310866778277,92.8075,101.60649999999998
280,15.945750000000002,15.8375,0.253859336050499,15.543499999999998,16.348000000000003,15.875,16.0,0.125,15.625,16.0,0.07075,0.055,0.20938098250159523,-0.31525,0.45049999999999996,97.3675,97.4135,1.900914626348767,94.18725,100.50175
281,15.820500000000001,15.836,0.1604766338131506,15.5435,16.0975,15.75,16.0,0.25,15.25,16.0,0.0705,0.0975,0.19149260211994265,-0.29324999999999996,0.40725,97.61725000000001,97.398,1.0595167432214851,95.80225,99.6515
282,15.57,15.587,0.22194143371619468,15.157,15.847000000000001,15.375,15.5,0.125,15.125,15.5,0.19499999999999998,0.087,0.13496789741762052,0.032,0.4715,97.88274999999999,98.18,1.367522478486796,95.30850000000001,100.15975
283,15.445,15.586,0.14508503253839355,15.156500000000001,15.597000000000001,15.375,15.5,0.125,15.125,15.5,0.07,0.086,0.02060744202143164,0.0315,0.09701249999999999,98.127,97.92500000000001,0.692583689287199,97.0805,99.30175
284,15.194500000000001,15.085999999999999,0.13510150504959856,15.031749999999999,15.44990625,14.875,15.0,0.125,14.625,15.0,0.31949999999999995,0.3035,0.13602358864059816,0.086,0.5535374999999996,99.735,99.0725,0.8986069774934984,98.56,101.43025
285,14.94425,15.085,0.14483517931313053,14.65625,15.096,14.75,14.75,0.14433756729740643,14.5,15.0,0.19424999999999998,0.086,0.13485385608131492,0.03175,0.46499999999999997,99.72524999999999,100.031,0.6698813794247472,98.60199999999998,100.74549999999999
286,14.94425,15.085,0.14483517931313053,14.65625,15.096,14.375,14.5,0.125,14.125,14.5,0.56925,0.585,0.020364900359851168,0.53125,0.596,99.94075,99.28,1.2175028661841716,98.30480624999998,102.0925
287,14.568750000000001,14.584499999999998,0.02014685666135868,14.530999999999999,14.595,14.375,14.5,0.125,14.125,14.5,0.19374999999999998,0.095,0.10552280559196671,0.08025,0.40599999999999997,99.95025,99.75649999999999,0.8908065048969196,98.4335,101.467
288,14.443750000000001,14.584499999999998,0.14466073816577413,14.155999999999999,14.595,14.0,14.0,0.0,14.0,14.0,0.44375,0.5845,0.14466073816577413,0.156,0.5954999999999999,99.60825,99.0725,0.9656503313829508,98.3065,101.43025
289,14.1935,14.0945,0.12871706698543628,14.03125,14.45475,14.0,14.0,0.0,14.0,14.0,0.1935,0.0945,0.12871706698543645,0.031249999999999997,0.45474999999999993,99.25349999999999,98.9665,1.232082687971876,97.3355,101.2465
290,13.692499999999999,13.593499999999999,0.12871706698543642,13.53025,13.932749999999999,13.75,13.75,0.14433756729740643,13.5,14.0,-0.05750000000000001,0.041499999999999995,0.11755034382481974,-0.28600000000000003,0.0835,99.96825,99.313,1.1611925891800519,98.322,102.26975
291,13.692499999999999,13.593499999999999,0.12871706698543642,13.53025,13.95375,13.5,13.5,0.0,13.5,13.5,0.1925,0.0935,0.12871706698543645,0.051,0.45375,99.99025,99.4735,1.2007346622658435,98.27149375,102.21925
292,13.192,13.092500000000001,0.128845514732437,13.030000000000001,13.4535,13.0,13.0,0.0,13.0,13.0,0.192,0.0925,0.12884551473243708,0.02975,0.4535,101.07575,100.53049999999999,0.9630959951289039,99.7255,102.83724999999998
293,13.06675,13.0825,0.01979214911692679,13.02975,13.092500000000001,13.0,13.0,0.0,13.0,13.0,0.06675,0.08249999999999999,0.01979214911692681,0.02975,0.09275,100.4725,99.81450000000001,0.9695062746917467,99.21324999999999,102.38975
294,13.06675,13.0825,0.01979214911692679,13.02975,13.092500000000001,13.0,13.0,0.0,13.0,13.0,0.06675,0.08249999999999999,0.01979214911692681,0.029749999999999995,0.0925,100.607,100.0005,1.7841990266409924,97.833,103.51675
295,12.9415,13.0825,0.1445732225091035,12.654,13.092500000000001,12.875,13.0,0.125,12.625,13.0,0.0665,0.08249999999999999,0.020035385363567793,0.028999999999999998,0.0925,100.84200000000001,100.315,1.0354479706870823,99.34375000000001,102.86976250000001
296,12.565999999999999,12.55,0.2013938926581442,12.21625,12.932275,12.375,12.5,0.125,12.125,12.5,0.191,0.3,0.22660795808326473,-0.17974999999999997,0.5405,101.545,101.5,1.3451791702223153,99.4555,103.67949999999999
297,12.440499999999998,12.5405,0.11818523596456536,12.21075,12.582,12.25,12.25,0.14433756729740643,12.0,12.5,0.1905,0.2905,0.23014723548198446,-0.1805,0.5495,101.53275,101.239,1.4804494461142523,99.22,103.90375
298,13.19175,13.291,0.23011785929533288,12.82125,13.551000000000002,12.5,12.5,0.2041241452319315,12.25,12.875,0.69175,0.7909999999999999,0.24142817254827573,0.3005,1.083,101.04775,100.269,1.4875868251971027,98.9585,103.773
299,13.818,13.802,0.13624487757955034,13.584,14.052,13.625,13.5,0.125,13.5,13.875,0.19299999999999998,0.094,0.10577176686936202,0.079,0.40599999999999997,100.94024999999999,100.054,1.4720879941430116,98.863,103.90375
300,14.3185,14.0845,0.2594637097296397,14.03125,14.83975,14.25,14.25,0.14433756729740643,14.0,14.5,0.06849999999999999,0.041999999999999996,0.2051131801388362,-0.28525,0.44875,99.481,99.212,2.043365646835303,95.94225,103.28875
301,14.44375,14.335,0.2536665708497412,14.042,14.845500000000001,14.875,15.0,0.3145764348029479,14.25,15.375,-0.43125,-0.447,0.2798676398466485,-0.9205,0.052500000000000005,98.973,98.705,2.4604728542836347,94.82400000000001,103.38999999999999
302,14.819500000000001,14.835999999999999,0.3409580863781745,14.278487500000002,15.3465,15.25,15.25,0.3227486121839514,14.75,15.75,-0.43050000000000005,-0.4575,0.20494491129732076,-0.7835,-0.05049999999999999,96.892,99.481,5.078671135247881,86.45575000000001,104.22175
303,14.944500000000001,14.835999999999999,0.2538091474579539,14.542499999999999,15.3465,15.625,16.0,0.5543389456520863,14.5,16.375,-0.6805000000000001,-0.9035,0.462784056913517,-1.4140000000000001,0.05299999999999999,97.93825,99.4735,4.0810627981568715,89.73250000000002,104.3485
304,14.819500000000001,14.835999999999999,0.3409580863781745,14.151250000000001,15.3465,15.5,15.5,0.45643546458763845,14.746875000000003,16.375,-0.6805,-0.4575,0.24152794869331376,-1.1585,-0.4145,97.032,98.443,4.378594409168313,88.55799999999999,104.095
305,14.568999999999999,14.5855,0.22172092067882712,14.1565,14.965,15.25,15.5,0.4330127018922193,14.375,15.875,-0.681,-0.665,0.30766892379092603,-1.1644999999999999,-0.1975,97.3275,98.9585,3.81355880379469,89.86200000000001,103.16199999999999
306,14.193249999999999,14.335,0.25563397498506835,13.775500000000001,14.5845,14.5,14.75,0.3535533905932738,13.875,15.0,-0.30675,-0.1985,0.22605028017382917,-0.6765000000000001,0.041999999999999996,97.75675,98.9585,2.4739138483719834,92.9385,101.6295
307,13.943,14.084,0.14474748126766596,13.65525,14.0945,13.75,14.0,0.25,13.25,14.0,0.19299999999999998,0.0945,0.10544429809145682,0.07925,0.40525625000000004,98.029,99.22,1.8228129360962977,94.5805,100.447
308,13.567499999999999,13.593499999999999,0.2179099584690887,13.15525,13.95375,13.75,14.0,0.25,13.25,14.0,-0.18250000000000002,-0.1985,0.13000544860376687,-0.4065,0.041499999999999995,97.91825,98.941,1.6044251501706146,94.81525000000002,99.9985
309,13.31725,13.3335,0.15472145671065354,13.030000000000001,13.5835,13.25,13.5,0.25,12.75,13.5,0.06725,0.08349999999999999,0.18725311523888372,-0.282,0.40036874999999994,97.798,98.941,1.9170760722169238,93.81700000000001,100.38850000000001
310,12.9415,13.0825,0.1445732225091035,12.654,13.092500000000001,12.875,13.0,0.125,12.625,13.0,0.0665,0.08249999999999999,0.020035385363567793,0.02425,0.0925,98.7775,99.7345,1.7709038417335567,95.4595,101.1915
311,12.565999999999999,12.5915,0.21789026290008184,12.154,12.9525,12.5,12.75,0.3535533905932738,11.875,13.0,0.066,0.08199999999999999,0.1872418222513336,-0.28325,0.39925,98.03575000000001,99.17599999999999,1.6950186515689623,95.05949999999999,100.49025
312,12.440499999999998,12.5405,0.11818523596456536,12.21075,12.582,12.125,12.0,0.125,12.0,12.375,0.3155,0.299,0.1362023617024805,0.08149999999999999,0.5702499999999999,98.42425,99.68299999999999,1.9565919935353595,94.68525,100.98400000000001
313,12.9415,12.8325,0.25030265013912,12.529,13.342750000000002,12.5,12.5,0.2041241452319315,12.125,12.875,0.4415,0.5405,0.11790426907736067,0.21184375000000033,0.583,98.65400000000001,99.4875,1.8330966059285227,95.5895,101.45150000000001
314,13.192,13.083,0.13486165751119422,13.030000000000001,13.463000000000001,13.0,13.0,0.2041241452319315,12.75,13.375,0.19199999999999998,0.093,0.10577176686936202,0.078,0.405,98.91650000000001,100.1685,1.8142233646016879,95.6765,101.46950000000001
315,13.69275,13.584,0.13497492050994744,13.53025,13.964,13.125,13.0,0.125,13.0,13.375,0.56775,0.584,0.02014271994211969,0.53025,0.594,99.39800000000001,99.741,1.2793010461446015,97.3445,101.45150000000001
316,14.44375,14.335,0.2536665708497412,14.042,14.845500000000001,13.75,13.75,0.14433756729740643,13.5,14.0,0.69375,0.8345,0.258949922765001,0.277993750000003,1.0955,98.772,99.22749999999999,1.5642486481801205,96.2035,101.1915
317,14.944500000000001,14.835999999999999,0.2538091474579539,14.542499999999999,15.3465,14.75,14.75,0.14433756729740643,14.5,15.0,0.19449999999999998,0.086,0.1351015050495984,0.03175,0.46574999999999994,98.3875,98.9725,2.1730372178128934,94.711,101.6725
318,15.069500000000001,15.085999999999999,0.2219288549663308,14.656749999999999,15.46575,15.125,15.5,0.375,14.375,15.5,-0.05550000000000001,-0.15350000000000003,0.22361220151562988,-0.41400000000000003,0.30300000000000005,99.61249999999998,98.9665,1.5452394906076319,97.3355,102.3235
319,15.069500000000001,15.085999999999999,0.2219288549663308,14.656749999999999,15.46575,14.75,15.0,0.25,14.25,15.0,0.31949999999999995,0.3035,0.13602358864059816,0.086,0.5529999999999999,99.606,98.705,1.294601547452602,97.82249999999999,101.96575
320,15.194500000000001,15.085999999999999,0.13510150504959856,15.031749999999999,15.46575,14.875,15.0,0.125,14.625,15.0,0.31949999999999995,0.3035,0.13602358864059816,0.08600000000000001,0.553,99.86925000000001,99.8355,0.8487887816373032,98.547,101.1915
321,15.69525,15.587,0.13485385608131498,15.53275,15.966000000000001,15.25,15.25,0.14433756729740643,15.0,15.5,0.44525000000000003,0.5435,0.11716325860382455,0.2175,0.586,99.25349999999999,98.9665,1.232082687971876,97.3355,101.2465
322,15.945750000000002,15.8375,0.253859336050499,15.543499999999998,16.348,15.75,15.75,0.14433756729740643,15.5,16.0,0.19574999999999998,0.0875,0.13504158310189743,0.033,0.46675,98.88575,98.7115,0.9211525728672757,97.3245,100.447
323,17.82175,16.5985,1.4028331080947105,16.207,20.65975,16.125,16.25,0.23935677693908453,15.75,16.5,1.69675,0.0985,1.6057588743332545,0.082,4.9097687500000005,98.25275,97.93299999999999,0.8775074904713539,96.82549999999999,99.68
324,21.82525,22.0905,0.8727861875434703,20.27975,23.1055,17.625,16.25,1.4630874888399532,16.0,20.5,4.2002500000000005,6.0905000000000005,2.250811312060609,-0.22025000000000006,6.843500000000001,97.18549999999999,97.5675,1.0985662246765098,95.05301875,98.93424999999999
325,19.57375,19.589,0.0209577948903659,19.5345,19.6015,21.625,21.5,1.0077822185373186,20.25,23.25,-2.05125,-1.911,0.993248909303873,-3.6585,-0.444,96.58449999999999,96.0975,1.1429559994447165,94.7365,98.4325
326,19.57375,19.589,0.0209577948903659,19.5345,19.60153125,19.375,19.5,0.125,19.125,19.5,0.19874999999999998,0.0915,0.13479019190331815,0.035750000000000004,0.469,95.31475,95.5175,1.688596970613966,92.42521875000001,98.196
327,19.44875,19.589,0.1453503669299343,19.1595,19.6015,19.375,19.5,0.125,19.125,19.5,0.07375,0.089,0.02095779489036637,0.0345,0.1015,94.14349999999999,94.18,2.0576797005365037,90.5925,97.69449999999999
328,19.32375,19.3415,0.15431859630863237,19.058500000000002,19.589000000000002,19.25,19.25,0.14433756729740643,19.0,19.5,0.07375,0.046,0.2041794043645604,-0.27725,0.45249999999999996,90.27699999999999,89.024,2.73499405849446,86.30075,95.50625
329,19.32375,19.1015,0.22981346602552874,19.085250000000002,19.7845,19.0,19.0,0.0,19.0,19.0,0.32375,0.1015,0.22981346602552832,0.08525,0.7845,89.61275,87.4415,2.624743935923401,86.51525000000001,94.88149999999999
330,20.19925,20.1025,0.2979978677216782,19.7105,20.784750000000003,19.25,19.0,0.25,19.0,19.75,0.9492499999999999,1.0565,0.12521073902292354,0.6875,1.1025,89.3535,87.952,2.2751107482201096,86.35499999999999,93.692
331,21.19975,21.103,0.10456447373112313,21.09,21.409750000000003,20.0,20.0,0.2041241452319315,19.625,20.375,1.19975,1.1030000000000002,0.1285187243167314,1.03625,1.4615,87.23825000000001,87.1195,1.9136432693947925,84.208,90.26849999999999
332,21.57525,21.6035,0.1913510626222566,21.2115,21.91075,20.75,20.5,0.25,20.5,21.25,0.82525,0.8405,0.16121485405094244,0.5469999999999999,1.1035,85.88125000000001,85.862,1.6133380186743262,83.0895,88.673
333,21.95025,22.057499999999997,0.125210739022924,21.71025,22.1035,21.5,21.5,0.0,21.5,21.5,0.45025000000000004,0.5575,0.12521073902292354,0.21025,0.6047499999999999,84.4,83.697,1.5678018050761375,81.98325,87.520425
334,22.07525,22.0905,0.021179294133658228,22.035749999999997,22.1035,21.75,21.75,0.14433756729740643,21.5,22.0,0.32525,0.34299999999999997,0.15434883381483644,0.06,0.5905,82.45400000000001,80.6185,2.3180190896539234,79.65249999999999,87.09100000000001
335,21.929000000000002,22.101,0.17450596933438575,21.58,22.106000000000005,22.0,22.0,0.0,22.0,22.0,-0.071,0.101,0.17450596933438506,-0.42,0.106,83.28066666666666,79.785,4.073747919436243,78.655,91.402
