rock,date_time,elapsed_date_time,temperature_in_C,temperature_out_C,temperature_diff_C,humidity_perc_RH
1,5/05/2025 11:00,1/01/2000 11:00,21.601,24.5,-2.899,54.008
1,5/05/2025 12:00,1/01/2000 12:00,22.601,23,-0.399,45.988
1,5/05/2025 13:00,1/01/2000 13:00,22.601,22.5,0.101,44.731
1,5/05/2025 14:00,1/01/2000 14:00,22.601,22,0.601,44.731
1,5/05/2025 15:00,1/01/2000 15:00,22.601,22,0.601,44.101
1,5/05/2025 16:00,1/01/2000 16:00,22.601,22,0.601,44.101
1,5/05/2025 17:00,1/01/2000 17:00,22.601,22,0.601,44.101
1,5/05/2025 18:00,1/01/2000 18:00,22.601,22,0.601,44.731
1,5/05/2025 19:00,1/01/2000 19:00,22.601,22,0.601,44.731
1,5/05/2025 20:00,1/01/2000 20:00,22.101,22,0.101,44.731
1,5/05/2025 21:00,1/01/2000 21:00,22.101,21.5,0.601,44.731
1,5/05/2025 22:00,1/01/2000 22:00,21.601,21.5,0.101,44.731
1,5/05/2025 23:00,1/01/2000 23:00,21.601,21,0.601,44.731
1,6/05/2025 0:00,2/01/2000 0:00,21.1,21,0.1,44.731
1,6/05/2025 1:00,2/01/2000 1:00,21.1,20.5,0.6,44.731
1,6/05/2025 2:00,2/01/2000 2:00,21.1,20.5,0.6,44.731
1,6/05/2025 3:00,2/01/2000 3:00,20.6,20.5,0.1,45.36
1,6/05/2025 4:00,2/01/2000 4:00,20.6,20,0.6,44.731
1,6/05/2025 5:00,2/01/2000 5:00,20.1,20,0.1,45.36
1,6/05/2025 6:00,2/01/2000 6:00,20.1,19.5,0.6,45.36
1,6/05/2025 7:00,2/01/2000 7:00,20.1,19.5,0.6,45.36
1,6/05/2025 8:00,2/01/2000 8:00,20.6,19.5,1.1,45.36
1,6/05/2025 9:00,2/01/2000 9:00,20.6,20,0.6,45.36
1,6/05/2025 10:00,2/01/2000 10:00,21.601,20.5,1.101,46.614
1,6/05/2025 11:00,2/01/2000 11:00,20.6,21.5,-0.9,46.614
1,6/05/2025 12:00,2/01/2000 12:00,18.599,20,-1.401,45.988
1,6/05/2025 13:00,2/01/2000 13:00,20.1,18.5,1.6,45.36
1,6/05/2025 14:00,2/01/2000 14:00,19.599,19.5,0.099,46.614
1,6/05/2025 15:00,2/01/2000 15:00,19.099,19,0.099,45.988
1,6/05/2025 16:00,2/01/2000 16:00,18.599,18,0.599,46.614
1,6/05/2025 17:00,2/01/2000 17:00,13.593,17,-3.407,47.862
1,6/05/2025 18:00,2/01/2000 18:00,12.591,13,-0.409,47.862
1,6/05/2025 19:00,2/01/2000 19:00,12.091,12,0.091,48.483
1,6/05/2025 20:00,2/01/2000 20:00,11.089,11.5,-0.411,49.103
1,6/05/2025 21:00,2/01/2000 21:00,10.087,10.5,-0.413,48.483
1,6/05/2025 22:00,2/01/2000 22:00,9.085,9.5,-0.415,49.721
1,6/05/2025 23:00,2/01/2000 23:00,8.584,9,-0.416,50.338
1,7/05/2025 0:00,3/01/2000 0:00,9.085,8.5,0.585,49.721
1,7/05/2025 1:00,3/01/2000 1:00,9.586,8.5,1.086,49.103
1,7/05/2025 2:00,3/01/2000 2:00,9.586,9,0.586,48.483
1,7/05/2025 3:00,3/01/2000 3:00,10.588,9.5,1.088,49.103
1,7/05/2025 4:00,3/01/2000 4:00,12.591,10,2.591,49.103
1,7/05/2025 5:00,3/01/2000 5:00,14.594,12.5,2.094,47.239
1,7/05/2025 6:00,3/01/2000 6:00,14.594,14,0.594,47.862
1,7/05/2025 7:00,3/01/2000 7:00,14.594,14,0.594,48.483
1,7/05/2025 8:00,3/01/2000 8:00,14.594,14,0.594,48.483
1,7/05/2025 9:00,3/01/2000 9:00,15.095,14,1.095,48.483
1,7/05/2025 10:00,3/01/2000 10:00,15.095,14.5,0.595,48.483
1,7/05/2025 11:00,3/01/2000 11:00,15.095,14.5,0.595,49.103
1,7/05/2025 12:00,3/01/2000 12:00,15.095,14.5,0.595,49.103
1,7/05/2025 13:00,3/01/2000 13:00,15.596,14.5,1.096,49.103
1,7/05/2025 14:00,3/01/2000 14:00,15.596,15,0.596,49.721
1,7/05/2025 15:00,3/01/2000 15:00,16.096,15,1.096,49.721
1,7/05/2025 16:00,3/01/2000 16:00,16.096,15.5,0.596,49.721
1,7/05/2025 17:00,3/01/2000 17:00,16.096,15.5,0.596,49.721
1,7/05/2025 18:00,3/01/2000 18:00,16.597,15.5,1.097,49.721
1,7/05/2025 19:00,3/01/2000 19:00,16.597,16,0.597,49.721
1,7/05/2025 20:00,3/01/2000 20:00,16.597,16,0.597,49.721
1,7/05/2025 21:00,3/01/2000 21:00,16.597,16,0.597,50.338
1,7/05/2025 22:00,3/01/2000 22:00,16.597,16,0.597,50.338
1,7/05/2025 23:00,3/01/2000 23:00,16.597,16,0.597,50.338
1,8/05/2025 0:00,4/01/2000 0:00,16.597,16,0.597,50.338
1,8/05/2025 1:00,4/01/2000 1:00,16.597,16,0.597,50.954
1,8/05/2025 2:00,4/01/2000 2:00,16.597,16,0.597,50.954
1,8/05/2025 3:00,4/01/2000 3:00,16.597,16,0.597,50.954
1,8/05/2025 4:00,4/01/2000 4:00,16.096,16,0.096,50.954
1,8/05/2025 5:00,4/01/2000 5:00,16.096,15.5,0.596,51.568
1,8/05/2025 6:00,4/01/2000 6:00,17.097,15.5,1.597,51.568
1,8/05/2025 7:00,4/01/2000 7:00,12.091,17,-4.909,51.568
1,8/05/2025 8:00,4/01/2000 8:00,6.58,8.5,-1.92,55.219
1,8/05/2025 9:00,4/01/2000 9:00,10.087,6.5,3.587,90.254
1,8/05/2025 10:00,4/01/2000 10:00,11.089,10,1.089,93.275
1,8/05/2025 11:00,4/01/2000 11:00,12.591,12,0.591,93.275
1,8/05/2025 12:00,4/01/2000 12:00,15.596,14.5,1.096,85.618
1,8/05/2025 13:00,4/01/2000 13:00,16.597,16.5,0.097,84.045
1,8/05/2025 14:00,4/01/2000 14:00,17.097,17.5,-0.403,81.927
1,8/05/2025 15:00,4/01/2000 15:00,17.097,17,0.097,82.989
1,8/05/2025 16:00,4/01/2000 16:00,17.598,17.5,0.098,83.518
1,8/05/2025 17:00,4/01/2000 17:00,17.097,18,-0.903,84.571
1,8/05/2025 18:00,4/01/2000 18:00,15.095,16,-0.905,84.045
1,8/05/2025 19:00,4/01/2000 19:00,14.594,14.5,0.094,85.618
1,8/05/2025 20:00,4/01/2000 20:00,14.094,13.5,0.594,87.693
1,8/05/2025 21:00,4/01/2000 21:00,13.593,13.5,0.093,89.745
1,8/05/2025 22:00,4/01/2000 22:00,14.094,13,1.094,89.745
1,8/05/2025 23:00,4/01/2000 23:00,14.094,13.5,0.594,93.275
1,9/05/2025 0:00,5/01/2000 0:00,14.094,13.5,0.594,90.761
1,9/05/2025 1:00,5/01/2000 1:00,14.094,13.5,0.594,92.776
1,9/05/2025 2:00,5/01/2000 2:00,14.594,13.5,1.094,92.274
1,9/05/2025 3:00,5/01/2000 3:00,15.095,14,1.095,94.271
1,9/05/2025 4:00,5/01/2000 4:00,15.095,14,1.095,92.274
1,9/05/2025 5:00,5/01/2000 5:00,15.095,14.5,0.595,93.275
1,9/05/2025 6:00,5/01/2000 6:00,15.095,14.5,0.595,95.752
1,9/05/2025 7:00,5/01/2000 7:00,15.596,14.5,1.096,96.732
1,9/05/2025 8:00,5/01/2000 8:00,15.095,14.5,0.595,97.706
1,9/05/2025 9:00,5/01/2000 9:00,15.596,15,0.596,97.706
1,9/05/2025 10:00,5/01/2000 10:00,16.597,15.5,1.097,97.22
1,9/05/2025 11:00,5/01/2000 11:00,17.097,17,0.097,96.732
1,9/05/2025 12:00,5/01/2000 12:00,17.598,17.5,0.098,96.243
1,9/05/2025 13:00,5/01/2000 13:00,17.097,17,0.097,96.732
1,9/05/2025 14:00,5/01/2000 14:00,16.597,16,0.597,98.19
1,9/05/2025 15:00,5/01/2000 15:00,16.096,15.5,0.596,99.155
1,9/05/2025 16:00,5/01/2000 16:00,16.096,15.5,0.596,99.155
1,9/05/2025 17:00,5/01/2000 17:00,15.596,15.5,0.096,99.635
1,9/05/2025 18:00,5/01/2000 18:00,15.095,15,0.095,98.19
1,9/05/2025 19:00,5/01/2000 19:00,14.094,14.5,-0.406,97.706
1,9/05/2025 20:00,5/01/2000 20:00,13.593,13.5,0.093,93.774
1,9/05/2025 21:00,5/01/2000 21:00,13.593,13.5,0.093,92.274
1,9/05/2025 22:00,5/01/2000 22:00,13.593,13,0.593,92.776
1,9/05/2025 23:00,5/01/2000 23:00,13.092,13,0.092,91.771
1,10/05/2025 0:00,6/01/2000 0:00,13.092,13,0.092,91.771
1,10/05/2025 1:00,6/01/2000 1:00,12.591,12.5,0.091,91.267
1,10/05/2025 2:00,6/01/2000 2:00,11.089,12,-0.911,96.732
1,10/05/2025 3:00,6/01/2000 3:00,11.089,10.5,0.589,94.766
1,10/05/2025 4:00,6/01/2000 4:00,10.588,10.5,0.088,95.752
1,10/05/2025 5:00,6/01/2000 5:00,10.588,10,0.588,95.752
1,10/05/2025 6:00,6/01/2000 6:00,9.586,10,-0.414,97.706
1,10/05/2025 7:00,6/01/2000 7:00,9.586,9,0.586,98.19
1,10/05/2025 8:00,6/01/2000 8:00,9.085,9,0.085,98.19
1,10/05/2025 9:00,6/01/2000 9:00,9.586,9,0.586,94.766
1,10/05/2025 10:00,6/01/2000 10:00,10.588,9.5,1.088,93.774
1,10/05/2025 11:00,6/01/2000 11:00,11.59,11,0.59,93.275
1,10/05/2025 12:00,6/01/2000 12:00,12.091,11.5,0.591,98.19
1,10/05/2025 13:00,6/01/2000 13:00,12.091,12.5,-0.409,99.635
1,10/05/2025 14:00,6/01/2000 14:00,12.591,13,-0.409,100.114
1,10/05/2025 15:00,6/01/2000 15:00,12.591,13.5,-0.909,100.114
1,10/05/2025 16:00,6/01/2000 16:00,12.591,13,-0.409,98.19
1,10/05/2025 17:00,6/01/2000 17:00,12.591,13,-0.409,101.067
1,10/05/2025 18:00,6/01/2000 18:00,10.588,12,-1.412,100.114
1,10/05/2025 19:00,6/01/2000 19:00,9.586,10,-0.414,102.484
1,10/05/2025 20:00,6/01/2000 20:00,9.085,9.5,-0.415,102.484
1,10/05/2025 21:00,6/01/2000 21:00,8.584,8.5,0.084,102.484
1,10/05/2025 22:00,6/01/2000 22:00,8.083,8,0.083,103.421
1,10/05/2025 23:00,6/01/2000 23:00,8.083,7.5,0.583,103.421
1,11/05/2025 0:00,7/01/2000 0:00,7.582,7.5,0.082,103.888
1,11/05/2025 1:00,7/01/2000 1:00,7.582,7,0.582,103.421
1,11/05/2025 2:00,7/01/2000 2:00,7.582,7,0.582,104.816
1,11/05/2025 3:00,7/01/2000 3:00,7.582,6.5,1.082,102.013
1,11/05/2025 4:00,7/01/2000 4:00,7.582,7,0.582,103.888
1,11/05/2025 5:00,7/01/2000 5:00,8.083,7.5,0.583,102.013
1,11/05/2025 6:00,7/01/2000 6:00,9.085,8,1.085,102.013
1,11/05/2025 7:00,7/01/2000 7:00,9.085,8.5,0.585,102.953
1,11/05/2025 8:00,7/01/2000 8:00,9.085,8.5,0.585,101.067
1,11/05/2025 9:00,7/01/2000 9:00,9.085,8.5,0.585,101.541
1,11/05/2025 10:00,7/01/2000 10:00,10.087,9,1.087,102.484
1,11/05/2025 11:00,7/01/2000 11:00,11.59,10.5,1.09,97.22
1,11/05/2025 12:00,7/01/2000 12:00,13.092,12,1.092,93.275
1,11/05/2025 13:00,7/01/2000 13:00,14.094,13.5,0.594,90.761
1,11/05/2025 14:00,7/01/2000 14:00,14.594,14.5,0.094,89.234
1,11/05/2025 15:00,7/01/2000 15:00,14.594,15.5,-0.906,86.659
1,11/05/2025 16:00,7/01/2000 16:00,14.594,15,-0.406,82.989
1,11/05/2025 17:00,7/01/2000 17:00,14.094,15,-0.906,85.095
1,11/05/2025 18:00,7/01/2000 18:00,12.591,13.5,-0.909,93.275
1,11/05/2025 19:00,7/01/2000 19:00,11.59,12,-0.41,94.766
1,11/05/2025 20:00,7/01/2000 20:00,11.089,11,0.089,94.766
1,11/05/2025 21:00,7/01/2000 21:00,10.588,10,0.588,97.22
1,11/05/2025 22:00,7/01/2000 22:00,10.087,10,0.087,98.674
1,11/05/2025 23:00,7/01/2000 23:00,10.588,10,0.588,98.19
1,12/05/2025 0:00,8/01/2000 0:00,10.087,10,0.087,96.732
1,12/05/2025 1:00,8/01/2000 1:00,10.087,10,0.087,98.19
1,12/05/2025 2:00,8/01/2000 2:00,9.586,9.5,0.086,97.706
1,12/05/2025 3:00,8/01/2000 3:00,9.085,9,0.085,99.635
1,12/05/2025 4:00,8/01/2000 4:00,8.584,8,0.584,98.674
1,12/05/2025 5:00,8/01/2000 5:00,8.083,8,0.083,99.635
1,12/05/2025 6:00,8/01/2000 6:00,8.083,7.5,0.583,100.114
1,12/05/2025 7:00,8/01/2000 7:00,7.582,7,0.582,101.541
1,12/05/2025 8:00,8/01/2000 8:00,8.083,7,1.083,100.114
1,12/05/2025 9:00,8/01/2000 9:00,9.085,7.5,1.585,101.541
1,12/05/2025 10:00,8/01/2000 10:00,10.588,9.5,1.088,99.635
1,12/05/2025 11:00,8/01/2000 11:00,12.091,11,1.091,99.155
1,12/05/2025 12:00,8/01/2000 12:00,13.092,12.5,0.592,94.271
1,12/05/2025 13:00,8/01/2000 13:00,13.593,12.5,1.093,93.774
1,12/05/2025 14:00,8/01/2000 14:00,14.594,13.5,1.094,90.761
1,12/05/2025 15:00,8/01/2000 15:00,14.594,14.5,0.094,90.254
1,12/05/2025 16:00,8/01/2000 16:00,14.094,14.5,-0.406,91.771
1,12/05/2025 17:00,8/01/2000 17:00,14.094,14,0.094,94.766
1,12/05/2025 18:00,8/01/2000 18:00,12.591,13,-0.409,95.752
1,12/05/2025 19:00,8/01/2000 19:00,12.091,11.5,0.591,98.19
1,12/05/2025 20:00,8/01/2000 20:00,12.091,11.5,0.591,99.635
1,12/05/2025 21:00,8/01/2000 21:00,12.091,12,0.091,99.155
1,12/05/2025 22:00,8/01/2000 22:00,12.091,11.5,0.591,99.635
1,12/05/2025 23:00,8/01/2000 23:00,12.091,11.5,0.591,99.635
1,13/05/2025 0:00,9/01/2000 0:00,11.59,11,0.59,101.067
1,13/05/2025 1:00,9/01/2000 1:00,11.59,11,0.59,99.635
1,13/05/2025 2:00,9/01/2000 2:00,11.59,11.5,0.09,99.155
1,13/05/2025 3:00,9/01/2000 3:00,12.091,11,1.091,94.271
1,13/05/2025 4:00,9/01/2000 4:00,12.091,12,0.091,91.267
1,13/05/2025 5:00,9/01/2000 5:00,12.591,12,0.591,90.761
1,13/05/2025 6:00,9/01/2000 6:00,12.591,12,0.591,91.771
1,13/05/2025 7:00,9/01/2000 7:00,12.591,12,0.591,93.275
1,13/05/2025 8:00,9/01/2000 8:00,12.091,12,0.091,100.114
1,13/05/2025 9:00,9/01/2000 9:00,12.091,11.5,0.591,102.013
1,13/05/2025 10:00,9/01/2000 10:00,12.591,11.5,1.091,101.541
1,13/05/2025 11:00,9/01/2000 11:00,12.591,12,0.591,100.114
1,13/05/2025 12:00,9/01/2000 12:00,13.593,12.5,1.093,101.067
1,13/05/2025 13:00,9/01/2000 13:00,14.094,13.5,0.594,97.706
1,13/05/2025 14:00,9/01/2000 14:00,14.594,14,0.594,90.761
1,13/05/2025 15:00,9/01/2000 15:00,14.594,14.5,0.094,95.26
1,13/05/2025 16:00,9/01/2000 16:00,14.594,14.5,0.094,98.674
1,13/05/2025 17:00,9/01/2000 17:00,14.094,13.5,0.594,100.591
1,13/05/2025 18:00,9/01/2000 18:00,14.094,13.5,0.594,101.541
1,13/05/2025 19:00,9/01/2000 19:00,13.593,13,0.593,100.114
1,13/05/2025 20:00,9/01/2000 20:00,13.593,13,0.593,100.591
1,13/05/2025 21:00,9/01/2000 21:00,13.092,12.5,0.592,101.067
1,13/05/2025 22:00,9/01/2000 22:00,13.092,12.5,0.592,100.114
1,13/05/2025 23:00,9/01/2000 23:00,13.092,12.5,0.592,99.635
1,14/05/2025 0:00,10/01/2000 0:00,13.092,12.5,0.592,100.591
1,14/05/2025 1:00,10/01/2000 1:00,13.092,12.5,0.592,97.22
1,14/05/2025 2:00,10/01/2000 2:00,12.091,12.5,-0.409,99.155
1,14/05/2025 3:00,10/01/2000 3:00,11.089,11,0.089,99.155
1,14/05/2025 4:00,10/01/2000 4:00,11.089,11,0.089,97.706
1,14/05/2025 5:00,10/01/2000 5:00,11.089,11,0.089,101.067
1,14/05/2025 6:00,10/01/2000 6:00,11.089,11,0.089,102.484
1,14/05/2025 7:00,10/01/2000 7:00,10.588,10.5,0.088,102.953
1,14/05/2025 8:00,10/01/2000 8:00,10.588,10.5,0.088,102.953
1,14/05/2025 9:00,10/01/2000 9:00,10.588,10.5,0.088,102.484
1,14/05/2025 10:00,10/01/2000 10:00,11.59,10.5,1.09,102.013
1,14/05/2025 11:00,10/01/2000 11:00,12.091,11.5,0.591,101.067
1,14/05/2025 12:00,10/01/2000 12:00,12.591,12.5,0.091,100.114
1,14/05/2025 13:00,10/01/2000 13:00,13.092,12.5,0.592,99.635
1,14/05/2025 14:00,10/01/2000 14:00,13.593,13,0.593,97.706
1,14/05/2025 15:00,10/01/2000 15:00,13.593,14,-0.407,95.26
1,14/05/2025 16:00,10/01/2000 16:00,13.593,14,-0.407,96.732
1,14/05/2025 17:00,10/01/2000 17:00,13.092,13.5,-0.408,97.706
1,14/05/2025 18:00,10/01/2000 18:00,11.59,12.5,-0.91,97.22
1,14/05/2025 19:00,10/01/2000 19:00,10.588,11,-0.412,99.155
1,14/05/2025 20:00,10/01/2000 20:00,10.087,10,0.087,101.067
1,14/05/2025 21:00,10/01/2000 21:00,9.586,9,0.586,99.635
1,14/05/2025 22:00,10/01/2000 22:00,9.586,9,0.586,102.013
1,14/05/2025 23:00,10/01/2000 23:00,9.586,9,0.586,102.013
1,15/05/2025 0:00,11/01/2000 0:00,9.586,9,0.586,102.013
1,15/05/2025 1:00,11/01/2000 1:00,10.087,9.5,0.587,102.484
1,15/05/2025 2:00,11/01/2000 2:00,10.087,9,1.087,102.953
1,15/05/2025 3:00,11/01/2000 3:00,11.089,10,1.089,101.541
1,15/05/2025 4:00,11/01/2000 4:00,11.59,11,0.59,101.541
1,15/05/2025 5:00,11/01/2000 5:00,11.59,10.5,1.09,101.541
1,15/05/2025 6:00,11/01/2000 6:00,11.59,11,0.59,102.013
1,15/05/2025 7:00,11/01/2000 7:00,11.59,11,0.59,100.114
1,15/05/2025 8:00,11/01/2000 8:00,11.59,11,0.59,98.19
1,15/05/2025 9:00,11/01/2000 9:00,11.59,11,0.59,98.674
1,15/05/2025 10:00,11/01/2000 10:00,12.091,11,1.091,95.752
1,15/05/2025 11:00,11/01/2000 11:00,12.591,12,0.591,92.776
1,15/05/2025 12:00,11/01/2000 12:00,13.092,12.5,0.592,93.774
1,15/05/2025 13:00,11/01/2000 13:00,14.094,13.5,0.594,86.659
1,15/05/2025 14:00,11/01/2000 14:00,14.094,14,0.094,87.693
1,15/05/2025 15:00,11/01/2000 15:00,14.594,14,0.594,89.745
1,15/05/2025 16:00,11/01/2000 16:00,14.594,13.5,1.094,88.722
1,15/05/2025 17:00,11/01/2000 17:00,14.094,14.5,-0.406,90.761
1,15/05/2025 18:00,11/01/2000 18:00,13.593,13,0.593,93.774
1,15/05/2025 19:00,11/01/2000 19:00,13.092,13,0.092,93.275
1,15/05/2025 20:00,11/01/2000 20:00,13.092,12,1.092,97.22
1,15/05/2025 21:00,11/01/2000 21:00,13.092,12.5,0.592,98.19
1,15/05/2025 22:00,11/01/2000 22:00,14.094,12.5,1.594,100.114
1,15/05/2025 23:00,11/01/2000 23:00,14.094,13.5,0.594,99.635
1,16/05/2025 0:00,12/01/2000 0:00,14.094,13.5,0.594,99.635
1,16/05/2025 1:00,12/01/2000 1:00,14.594,14,0.594,99.155
1,16/05/2025 2:00,12/01/2000 2:00,14.594,14,0.594,100.114
1,16/05/2025 3:00,12/01/2000 3:00,14.594,14,0.594,100.114
1,16/05/2025 4:00,12/01/2000 4:00,14.594,14,0.594,101.067
1,16/05/2025 5:00,12/01/2000 5:00,14.594,14,0.594,99.635
1,16/05/2025 6:00,12/01/2000 6:00,15.095,14,1.095,100.591
1,16/05/2025 7:00,12/01/2000 7:00,15.095,14.5,0.595,98.674
1,16/05/2025 8:00,12/01/2000 8:00,15.095,14.5,0.595,99.635
1,16/05/2025 9:00,12/01/2000 9:00,15.596,15,0.596,98.674
1,16/05/2025 10:00,12/01/2000 10:00,15.596,15,0.596,98.19
1,16/05/2025 11:00,12/01/2000 11:00,16.096,15.5,0.596,98.674
1,16/05/2025 12:00,12/01/2000 12:00,16.597,16,0.597,94.271
1,16/05/2025 13:00,12/01/2000 13:00,16.597,16,0.597,90.254
1,16/05/2025 14:00,12/01/2000 14:00,16.597,16.5,0.097,91.771
1,16/05/2025 15:00,12/01/2000 15:00,16.597,16,0.597,90.761
1,16/05/2025 16:00,12/01/2000 16:00,16.597,16,0.597,92.776
1,16/05/2025 17:00,12/01/2000 17:00,16.096,16,0.096,95.26
1,16/05/2025 18:00,12/01/2000 18:00,16.096,15.5,0.596,94.271
1,16/05/2025 19:00,12/01/2000 19:00,15.596,15.5,0.096,96.732
1,16/05/2025 20:00,12/01/2000 20:00,15.596,15,0.596,98.674
1,16/05/2025 21:00,12/01/2000 21:00,15.095,14.5,0.595,100.591
1,16/05/2025 22:00,12/01/2000 22:00,15.095,14.5,0.595,100.114
1,16/05/2025 23:00,12/01/2000 23:00,14.594,14.5,0.094,101.067
1,17/05/2025 0:00,13/01/2000 0:00,14.594,14,0.594,98.674
1,17/05/2025 1:00,13/01/2000 1:00,14.094,14,0.094,96.732
1,17/05/2025 2:00,13/01/2000 2:00,13.593,13.5,0.093,99.155
1,17/05/2025 3:00,13/01/2000 3:00,13.593,13.5,0.093,97.706
1,17/05/2025 4:00,13/01/2000 4:00,13.092,13,0.092,101.067
1,17/05/2025 5:00,13/01/2000 5:00,13.092,13,0.092,99.635
1,17/05/2025 6:00,13/01/2000 6:00,13.092,13,0.092,97.22
1,17/05/2025 7:00,13/01/2000 7:00,13.092,13,0.092,100.114
1,17/05/2025 8:00,13/01/2000 8:00,12.091,12.5,-0.409,102.484
1,17/05/2025 9:00,13/01/2000 9:00,12.591,12,0.591,102.484
1,17/05/2025 10:00,13/01/2000 10:00,13.593,12.5,1.093,101.067
1,17/05/2025 11:00,13/01/2000 11:00,14.094,14,0.094,100.114
1,17/05/2025 12:00,13/01/2000 12:00,15.095,14.5,0.595,94.766
1,17/05/2025 13:00,13/01/2000 13:00,15.095,15,0.095,93.275
1,17/05/2025 14:00,13/01/2000 14:00,15.596,15.5,0.096,82.459
1,17/05/2025 15:00,13/01/2000 15:00,15.596,16,-0.404,86.659
1,17/05/2025 16:00,13/01/2000 16:00,15.596,16,-0.404,85.095
1,17/05/2025 17:00,13/01/2000 17:00,15.095,15.5,-0.405,86.659
1,17/05/2025 18:00,13/01/2000 18:00,14.594,15,-0.406,90.761
1,17/05/2025 19:00,13/01/2000 19:00,14.094,14,0.094,92.776
1,17/05/2025 20:00,13/01/2000 20:00,13.593,14,-0.407,93.275
1,17/05/2025 21:00,13/01/2000 21:00,13.593,13.5,0.093,92.274
1,17/05/2025 22:00,13/01/2000 22:00,13.092,13,0.092,93.774
1,17/05/2025 23:00,13/01/2000 23:00,12.591,12.5,0.091,93.275
1,18/05/2025 0:00,14/01/2000 0:00,12.591,12,0.591,92.776
1,18/05/2025 1:00,14/01/2000 1:00,13.593,13,0.593,93.774
1,18/05/2025 2:00,14/01/2000 2:00,13.593,13.5,0.093,93.774
1,18/05/2025 3:00,14/01/2000 3:00,14.094,13.5,0.594,96.243
1,18/05/2025 4:00,14/01/2000 4:00,15.095,14,1.095,94.766
1,18/05/2025 5:00,14/01/2000 5:00,15.596,15,0.596,92.776
1,18/05/2025 6:00,14/01/2000 6:00,15.596,15.5,0.096,96.732
1,18/05/2025 7:00,14/01/2000 7:00,15.596,15,0.596,97.706
1,18/05/2025 8:00,14/01/2000 8:00,15.596,15,0.596,99.155
1,18/05/2025 9:00,14/01/2000 9:00,16.096,15.5,0.596,96.732
1,18/05/2025 10:00,14/01/2000 10:00,16.597,16,0.597,97.22
1,18/05/2025 11:00,14/01/2000 11:00,16.597,16.5,0.097,96.732
1,18/05/2025 12:00,14/01/2000 12:00,21.601,16,5.601,97.706
1,18/05/2025 13:00,14/01/2000 13:00,19.599,20.5,-0.901,94.766
1,18/05/2025 14:00,14/01/2000 14:00,19.599,19,0.599,91.771
1,18/05/2025 15:00,14/01/2000 15:00,19.599,19.5,0.099,90.254
1,18/05/2025 16:00,14/01/2000 16:00,19.599,19,0.599,88.208
1,18/05/2025 17:00,14/01/2000 17:00,19.099,19,0.099,86.139
1,18/05/2025 18:00,14/01/2000 18:00,20.1,19,1.1,85.618
1,18/05/2025 19:00,14/01/2000 19:00,21.1,20,1.1,82.989
1,18/05/2025 20:00,14/01/2000 20:00,21.601,20.5,1.101,82.989
1,18/05/2025 21:00,14/01/2000 21:00,22.101,21.5,0.601,81.394
1,18/05/2025 22:00,14/01/2000 22:00,22.101,21.5,0.601,79.246
1,18/05/2025 23:00,14/01/2000 23:00,22.101,22,0.101,79.785
1,19/05/2025 0:00,15/01/2000 0:00,21.601,21.5,0.101,78.705
1,19/05/2025 1:00,15/01/2000 1:00,21.1,21,0.1,78.162
1,19/05/2025 2:00,15/01/2000 2:00,20.6,20.5,0.1,78.162
1,19/05/2025 3:00,15/01/2000 3:00,20.1,20,0.1,78.162
1,19/05/2025 4:00,15/01/2000 4:00,19.599,19.5,0.099,78.162
1,19/05/2025 5:00,15/01/2000 5:00,19.099,19,0.099,78.162
1,19/05/2025 6:00,15/01/2000 6:00,18.599,18.5,0.099,78.162
1,19/05/2025 7:00,15/01/2000 7:00,18.098,18,0.098,78.162
1,19/05/2025 8:00,15/01/2000 8:00,18.098,17.5,0.598,77.618
1,19/05/2025 9:00,15/01/2000 9:00,15.596,17.5,-1.904,79.246
1,19/05/2025 10:00,15/01/2000 10:00,14.594,15,-0.406,80.859
1,19/05/2025 11:00,15/01/2000 11:00,15.095,14.5,0.595,81.394
1,19/05/2025 12:00,15/01/2000 12:00,15.596,15,0.596,81.394
1,19/05/2025 13:00,15/01/2000 13:00,16.096,15.5,0.596,81.927
1,19/05/2025 14:00,15/01/2000 14:00,16.096,15.5,0.596,81.394
1,19/05/2025 15:00,15/01/2000 15:00,17.097,15.5,1.597,82.989
1,19/05/2025 16:00,15/01/2000 16:00,21.1,17,4.1,79.246
1,19/05/2025 17:00,15/01/2000 17:00,15.095,19,-3.905,84.045
1,19/05/2025 18:00,15/01/2000 18:00,14.594,14.5,0.094,81.394
1,19/05/2025 19:00,15/01/2000 19:00,14.094,14,0.094,80.323
1,19/05/2025 20:00,15/01/2000 20:00,13.593,13.5,0.093,81.394
1,19/05/2025 21:00,15/01/2000 21:00,12.591,13,-0.409,80.859
1,19/05/2025 22:00,15/01/2000 22:00,11.59,11.5,0.09,81.394
1,19/05/2025 23:00,15/01/2000 23:00,11.089,11,0.089,82.989
1,20/05/2025 0:00,16/01/2000 0:00,10.588,10.5,0.088,82.989
1,20/05/2025 1:00,16/01/2000 1:00,10.087,10,0.087,82.989
1,20/05/2025 2:00,16/01/2000 2:00,10.087,9.5,0.587,82.459
1,20/05/2025 3:00,16/01/2000 3:00,9.586,9.5,0.086,82.989
1,20/05/2025 4:00,16/01/2000 4:00,9.586,9.5,0.086,83.518
1,20/05/2025 5:00,16/01/2000 5:00,10.087,9.5,0.587,82.459
1,20/05/2025 6:00,16/01/2000 6:00,10.087,9.5,0.587,84.045
1,20/05/2025 7:00,16/01/2000 7:00,10.087,10,0.087,83.518
1,20/05/2025 8:00,16/01/2000 8:00,11.089,10,1.089,84.045
1,20/05/2025 9:00,16/01/2000 9:00,15.095,13.5,1.595,78.705
1,20/05/2025 10:00,16/01/2000 10:00,15.596,14.5,1.096,79.246
1,20/05/2025 11:00,16/01/2000 11:00,16.096,15,1.096,78.705
1,20/05/2025 12:00,16/01/2000 12:00,17.598,15.5,2.098,79.246
1,20/05/2025 13:00,16/01/2000 13:00,17.097,17,0.097,79.785
1,20/05/2025 14:00,16/01/2000 14:00,17.097,16.5,0.597,79.246
1,20/05/2025 15:00,16/01/2000 15:00,17.598,17,0.598,79.785
1,20/05/2025 16:00,16/01/2000 16:00,18.098,17.5,0.598,79.785
1,20/05/2025 17:00,16/01/2000 17:00,17.598,18,-0.402,79.785
1,20/05/2025 18:00,16/01/2000 18:00,17.598,17,0.598,80.323
1,20/05/2025 19:00,16/01/2000 19:00,17.097,17.5,-0.403,79.246
1,20/05/2025 20:00,16/01/2000 20:00,17.097,17,0.097,79.246
1,20/05/2025 21:00,16/01/2000 21:00,17.598,17,0.598,79.246
1,20/05/2025 22:00,16/01/2000 22:00,17.598,17,0.598,78.705
1,20/05/2025 23:00,16/01/2000 23:00,17.598,17,0.598,79.246
1,21/05/2025 0:00,17/01/2000 0:00,17.097,17,0.097,78.705
1,21/05/2025 1:00,17/01/2000 1:00,14.594,17,-2.406,79.785
1,21/05/2025 2:00,17/01/2000 2:00,12.591,14,-1.409,81.394
1,21/05/2025 3:00,17/01/2000 3:00,12.091,12,0.091,81.927
1,21/05/2025 4:00,17/01/2000 4:00,9.586,11.5,-1.914,81.927
1,21/05/2025 5:00,17/01/2000 5:00,8.584,9,-0.416,81.927
1,21/05/2025 6:00,17/01/2000 6:00,9.085,8,1.085,81.394
1,21/05/2025 7:00,17/01/2000 7:00,9.586,8.5,1.086,82.459
1,21/05/2025 8:00,17/01/2000 8:00,9.586,9,0.586,82.459
1,21/05/2025 9:00,17/01/2000 9:00,9.586,9,0.586,81.927
1,21/05/2025 10:00,17/01/2000 10:00,11.089,9.5,1.589,80.859
1,21/05/2025 11:00,17/01/2000 11:00,12.591,11,1.591,79.785
1,21/05/2025 12:00,17/01/2000 12:00,13.593,12,1.593,80.323
1,21/05/2025 13:00,17/01/2000 13:00,23.101,13.5,9.601,72.095
2,5/05/2025 10:58,1/01/2000 10:00,20.513,24.5,-3.987,61.607
2,5/05/2025 11:58,1/01/2000 11:00,22.514,23,-0.486,43.936
2,5/05/2025 12:58,1/01/2000 12:00,22.514,22,0.514,43.282
2,5/05/2025 13:58,1/01/2000 13:00,22.014,22,0.014,42.627
2,5/05/2025 14:58,1/01/2000 14:00,22.014,22,0.014,43.282
2,5/05/2025 15:58,1/01/2000 15:00,22.014,22,0.014,43.282
2,5/05/2025 16:58,1/01/2000 16:00,22.514,22,0.514,43.936
2,5/05/2025 17:58,1/01/2000 17:00,22.014,22.5,-0.486,43.282
2,5/05/2025 18:58,1/01/2000 18:00,22.014,22,0.014,43.936
2,5/05/2025 19:58,1/01/2000 19:00,22.014,22,0.014,43.936
2,5/05/2025 20:58,1/01/2000 20:00,21.513,21.5,0.013,44.588
2,5/05/2025 21:58,1/01/2000 21:00,21.513,21.5,0.013,43.936
2,5/05/2025 22:58,1/01/2000 22:00,21.013,21,0.013,43.282
2,5/05/2025 23:58,1/01/2000 23:00,21.013,21,0.013,43.936
2,6/05/2025 0:58,2/01/2000 0:00,21.013,21,0.013,43.282
2,6/05/2025 1:58,2/01/2000 1:00,20.513,20.5,0.013,43.282
2,6/05/2025 2:58,2/01/2000 2:00,20.513,20.5,0.013,43.936
2,6/05/2025 3:58,2/01/2000 3:00,20.013,20,0.013,43.936
2,6/05/2025 4:58,2/01/2000 4:00,20.013,20,0.013,43.936
2,6/05/2025 5:58,2/01/2000 5:00,20.013,20,0.013,43.282
2,6/05/2025 6:58,2/01/2000 6:00,20.013,19.5,0.513,44.588
2,6/05/2025 7:58,2/01/2000 7:00,20.013,20,0.013,43.936
2,6/05/2025 8:58,2/01/2000 8:00,20.513,20,0.513,44.588
2,6/05/2025 9:58,2/01/2000 9:00,21.013,20.5,0.513,45.887
2,6/05/2025 10:58,2/01/2000 10:00,20.513,21.5,-0.987,45.887
2,6/05/2025 11:58,2/01/2000 11:00,18.512,20,-1.488,45.238
2,6/05/2025 12:58,2/01/2000 12:00,19.513,18.5,1.013,44.588
2,6/05/2025 13:58,2/01/2000 13:00,19.513,20,-0.487,44.588
2,6/05/2025 14:58,2/01/2000 14:00,18.512,19,-0.488,45.887
2,6/05/2025 15:58,2/01/2000 15:00,18.012,18.5,-0.488,45.887
2,6/05/2025 16:58,2/01/2000 16:00,13.009,18,-4.991,46.535
2,6/05/2025 17:58,2/01/2000 17:00,12.508,13,-0.492,46.535
2,6/05/2025 18:58,2/01/2000 18:00,11.507,12.5,-0.993,47.18
2,6/05/2025 19:58,2/01/2000 19:00,10.506,11.5,-0.994,49.109
2,6/05/2025 20:58,2/01/2000 20:00,9.505,10.5,-0.995,49.109
2,6/05/2025 21:58,2/01/2000 21:00,8.504,9.5,-0.996,49.109
2,6/05/2025 22:58,2/01/2000 22:00,8.504,9,-0.496,49.109
2,6/05/2025 23:58,2/01/2000 23:00,9.005,8.5,0.505,49.109
2,7/05/2025 0:58,3/01/2000 0:00,9.505,8.5,1.005,47.825
2,7/05/2025 1:58,3/01/2000 1:00,9.505,9,0.505,46.535
2,7/05/2025 2:58,3/01/2000 2:00,10.006,9.5,0.506,47.18
2,7/05/2025 3:58,3/01/2000 3:00,12.008,10,2.008,47.18
2,7/05/2025 4:58,3/01/2000 4:00,14.51,12.5,2.01,47.18
2,7/05/2025 5:58,3/01/2000 5:00,14.51,14.5,0.01,47.18
2,7/05/2025 6:58,3/01/2000 6:00,14.51,14,0.51,47.18
2,7/05/2025 7:58,3/01/2000 7:00,14.51,14,0.51,47.825
2,7/05/2025 8:58,3/01/2000 8:00,14.51,14.5,0.01,47.825
2,7/05/2025 9:58,3/01/2000 9:00,14.51,14.5,0.01,48.467
2,7/05/2025 10:58,3/01/2000 10:00,15.01,14.5,0.51,47.825
2,7/05/2025 11:58,3/01/2000 11:00,15.01,14.5,0.51,48.467
2,7/05/2025 12:58,3/01/2000 12:00,15.01,15,0.01,48.467
2,7/05/2025 13:58,3/01/2000 13:00,15.511,15,0.511,48.467
2,7/05/2025 14:58,3/01/2000 14:00,15.511,15,0.511,49.109
2,7/05/2025 15:58,3/01/2000 15:00,15.511,15.5,0.011,49.109
2,7/05/2025 16:58,3/01/2000 16:00,16.011,15.5,0.511,48.467
2,7/05/2025 17:58,3/01/2000 17:00,16.011,15.5,0.511,49.109
2,7/05/2025 18:58,3/01/2000 18:00,16.011,16,0.011,49.109
2,7/05/2025 19:58,3/01/2000 19:00,16.011,16,0.011,49.109
2,7/05/2025 20:58,3/01/2000 20:00,16.511,16,0.511,49.109
2,7/05/2025 21:58,3/01/2000 21:00,16.511,16,0.511,49.109
2,7/05/2025 22:58,3/01/2000 22:00,16.511,16,0.511,49.748
2,7/05/2025 23:58,3/01/2000 23:00,16.511,16,0.511,49.748
2,8/05/2025 0:58,4/01/2000 0:00,16.511,16,0.511,49.748
2,8/05/2025 1:58,4/01/2000 1:00,16.011,16,0.011,49.748
2,8/05/2025 2:58,4/01/2000 2:00,16.011,16,0.011,49.748
2,8/05/2025 3:58,4/01/2000 3:00,16.011,16,0.011,49.748
2,8/05/2025 4:58,4/01/2000 4:00,15.511,16,-0.489,51.023
2,8/05/2025 5:58,4/01/2000 5:00,16.511,15.5,1.011,51.023
2,8/05/2025 6:58,4/01/2000 6:00,10.006,17,-6.994,56.059
2,8/05/2025 7:58,4/01/2000 7:00,6,9,-3,54.81
2,8/05/2025 8:58,4/01/2000 8:00,9.005,6,3.005,92.251
2,8/05/2025 9:58,4/01/2000 9:00,10.006,9.5,0.506,93.821
2,8/05/2025 10:58,4/01/2000 10:00,11.007,11,0.007,94.341
2,8/05/2025 11:58,4/01/2000 11:00,12.508,12.5,0.008,94.341
2,8/05/2025 12:58,4/01/2000 12:00,14.01,14.5,-0.49,93.821
2,8/05/2025 13:58,4/01/2000 13:00,15.01,15.5,-0.49,93.821
2,8/05/2025 14:58,4/01/2000 14:00,15.511,15.5,0.011,93.821
2,8/05/2025 15:58,4/01/2000 15:00,15.511,16,-0.489,94.341
2,8/05/2025 16:58,4/01/2000 16:00,15.511,16,-0.489,94.341
2,8/05/2025 17:58,4/01/2000 17:00,14.51,15.5,-0.99,94.86
2,8/05/2025 18:58,4/01/2000 18:00,14.01,13.5,0.51,94.86
2,8/05/2025 19:58,4/01/2000 19:00,13.509,13,0.509,95.377
2,8/05/2025 20:58,4/01/2000 20:00,13.509,13,0.509,95.892
2,8/05/2025 21:58,4/01/2000 21:00,13.509,12.5,1.009,95.377
2,8/05/2025 22:58,4/01/2000 22:00,13.509,13,0.509,95.892
2,8/05/2025 23:58,4/01/2000 23:00,13.509,13,0.509,94.86
2,9/05/2025 0:58,5/01/2000 0:00,13.509,13,0.509,95.892
2,9/05/2025 1:58,5/01/2000 1:00,14.01,13.5,0.51,95.892
2,9/05/2025 2:58,5/01/2000 2:00,14.01,14,0.01,95.892
2,9/05/2025 3:58,5/01/2000 3:00,14.51,14.5,0.01,95.892
2,9/05/2025 4:58,5/01/2000 4:00,14.51,14.5,0.01,95.892
2,9/05/2025 5:58,5/01/2000 5:00,14.51,14.5,0.01,96.406
2,9/05/2025 6:58,5/01/2000 6:00,15.01,14.5,0.51,95.892
2,9/05/2025 7:58,5/01/2000 7:00,14.51,14.5,0.01,95.892
2,9/05/2025 8:58,5/01/2000 8:00,14.51,14.5,0.01,95.892
2,9/05/2025 9:58,5/01/2000 9:00,15.511,15.5,0.011,96.406
2,9/05/2025 10:58,5/01/2000 10:00,16.511,16.5,0.011,95.892
2,9/05/2025 11:58,5/01/2000 11:00,16.511,17,-0.489,95.377
2,9/05/2025 12:58,5/01/2000 12:00,16.511,17,-0.489,95.892
2,9/05/2025 13:58,5/01/2000 13:00,16.011,16,0.011,95.892
2,9/05/2025 14:58,5/01/2000 14:00,16.011,15.5,0.511,95.892
2,9/05/2025 15:58,5/01/2000 15:00,16.011,15.5,0.511,96.406
2,9/05/2025 16:58,5/01/2000 16:00,15.511,15.5,0.011,96.406
2,9/05/2025 17:58,5/01/2000 17:00,15.511,15,0.511,96.406
2,9/05/2025 18:58,5/01/2000 18:00,14.51,15,-0.49,96.406
2,9/05/2025 19:58,5/01/2000 19:00,14.01,14,0.01,96.919
2,9/05/2025 20:58,5/01/2000 20:00,14.01,13.5,0.51,96.919
2,9/05/2025 21:58,5/01/2000 21:00,13.509,13.5,0.009,96.919
2,9/05/2025 22:58,5/01/2000 22:00,13.509,13.5,0.009,97.429
2,9/05/2025 23:58,5/01/2000 23:00,13.509,13,0.509,97.429
2,10/05/2025 0:58,6/01/2000 0:00,12.508,12.5,0.008,98.446
2,10/05/2025 1:58,6/01/2000 1:00,11.507,11.5,0.007,97.939
2,10/05/2025 2:58,6/01/2000 2:00,11.007,10.5,0.507,98.446
2,10/05/2025 3:58,6/01/2000 3:00,10.506,10.5,0.006,97.429
2,10/05/2025 4:58,6/01/2000 4:00,10.006,10,0.006,98.446
2,10/05/2025 5:58,6/01/2000 5:00,10.006,10,0.006,98.953
2,10/05/2025 6:58,6/01/2000 6:00,9.505,9.5,0.005,99.457
2,10/05/2025 7:58,6/01/2000 7:00,9.005,9.5,-0.495,98.446
2,10/05/2025 8:58,6/01/2000 8:00,9.505,9,0.505,98.953
2,10/05/2025 9:58,6/01/2000 9:00,10.006,9.5,0.506,98.446
2,10/05/2025 10:58,6/01/2000 10:00,10.006,10.5,-0.494,98.446
2,10/05/2025 11:58,6/01/2000 11:00,11.007,11,0.007,98.446
2,10/05/2025 12:58,6/01/2000 12:00,11.507,12,-0.493,97.429
2,10/05/2025 13:58,6/01/2000 13:00,12.008,12,0.008,98.446
2,10/05/2025 14:58,6/01/2000 14:00,12.008,12.5,-0.492,98.446
2,10/05/2025 15:58,6/01/2000 15:00,12.508,12.5,0.008,98.446
2,10/05/2025 16:58,6/01/2000 16:00,12.008,12.5,-0.492,97.939
2,10/05/2025 17:58,6/01/2000 17:00,11.007,11.5,-0.493,97.939
2,10/05/2025 18:58,6/01/2000 18:00,10.006,10,0.006,98.953
2,10/05/2025 19:58,6/01/2000 19:00,9.505,9,0.505,99.457
2,10/05/2025 20:58,6/01/2000 20:00,8.504,8.5,0.004,99.96
2,10/05/2025 21:58,6/01/2000 21:00,8.003,8,0.003,98.953
2,10/05/2025 22:58,6/01/2000 22:00,8.003,7.5,0.503,99.96
2,10/05/2025 23:58,6/01/2000 23:00,7.503,7,0.503,99.96
2,11/05/2025 0:58,7/01/2000 0:00,7.002,7,0.002,99.96
2,11/05/2025 1:58,7/01/2000 1:00,7.002,7,0.002,99.96
2,11/05/2025 2:58,7/01/2000 2:00,7.002,7,0.002,99.96
2,11/05/2025 3:58,7/01/2000 3:00,7.002,6.5,0.502,100.462
2,11/05/2025 4:58,7/01/2000 4:00,7.503,7,0.503,100.462
2,11/05/2025 5:58,7/01/2000 5:00,8.003,8,0.003,99.457
2,11/05/2025 6:58,7/01/2000 6:00,8.003,8,0.003,99.96
2,11/05/2025 7:58,7/01/2000 7:00,8.003,7.5,0.503,100.462
2,11/05/2025 8:58,7/01/2000 8:00,8.504,8.5,0.004,100.462
2,11/05/2025 9:58,7/01/2000 9:00,9.505,9.5,0.005,99.96
2,11/05/2025 10:58,7/01/2000 10:00,10.006,10.5,-0.494,99.457
2,11/05/2025 11:58,7/01/2000 11:00,11.007,11.5,-0.493,98.953
2,11/05/2025 12:58,7/01/2000 12:00,12.008,13,-0.992,98.953
2,11/05/2025 13:58,7/01/2000 13:00,12.508,14,-1.492,98.446
2,11/05/2025 14:58,7/01/2000 14:00,13.009,14.5,-1.491,98.953
2,11/05/2025 15:58,7/01/2000 15:00,13.509,14.5,-0.991,98.446
2,11/05/2025 16:58,7/01/2000 16:00,13.009,14.5,-1.491,98.953
2,11/05/2025 17:58,7/01/2000 17:00,12.508,13,-0.492,98.446
2,11/05/2025 18:58,7/01/2000 18:00,12.008,12.5,-0.492,99.457
2,11/05/2025 19:58,7/01/2000 19:00,11.007,11.5,-0.493,98.953
2,11/05/2025 20:58,7/01/2000 20:00,10.006,9.5,0.506,99.457
2,11/05/2025 21:58,7/01/2000 21:00,10.006,9,1.006,99.457
2,11/05/2025 22:58,7/01/2000 22:00,10.506,10.5,0.006,99.457
2,11/05/2025 23:58,7/01/2000 23:00,10.506,11,-0.494,99.457
2,12/05/2025 0:58,8/01/2000 0:00,10.506,10,0.506,99.457
2,12/05/2025 1:58,8/01/2000 1:00,10.006,10,0.006,99.96
2,12/05/2025 2:58,8/01/2000 2:00,9.505,9.5,0.005,99.96
2,12/05/2025 3:58,8/01/2000 3:00,8.504,8.5,0.004,99.457
2,12/05/2025 4:58,8/01/2000 4:00,8.003,7.5,0.503,100.462
2,12/05/2025 5:58,8/01/2000 5:00,7.503,7,0.503,100.462
2,12/05/2025 6:58,8/01/2000 6:00,7.503,7,0.503,100.462
2,12/05/2025 7:58,8/01/2000 7:00,7.503,7,0.503,99.96
2,12/05/2025 8:58,8/01/2000 8:00,8.003,7.5,0.503,99.96
2,12/05/2025 9:58,8/01/2000 9:00,9.005,9,0.005,100.462
2,12/05/2025 10:58,8/01/2000 10:00,10.506,10,0.506,98.953
2,12/05/2025 11:58,8/01/2000 11:00,11.507,11.5,0.007,98.953
2,12/05/2025 12:58,8/01/2000 12:00,12.008,12,0.008,99.457
2,12/05/2025 13:58,8/01/2000 13:00,12.508,12.5,0.008,98.953
2,12/05/2025 14:58,8/01/2000 14:00,13.009,13.5,-0.491,97.939
2,12/05/2025 15:58,8/01/2000 15:00,13.009,13.5,-0.491,98.953
2,12/05/2025 16:58,8/01/2000 16:00,13.009,13,0.009,98.446
2,12/05/2025 17:58,8/01/2000 17:00,12.508,12.5,0.008,96.919
2,12/05/2025 18:58,8/01/2000 18:00,11.507,11,0.507,98.953
2,12/05/2025 19:58,8/01/2000 19:00,11.507,11,0.507,98.953
2,12/05/2025 20:58,8/01/2000 20:00,12.008,11.5,0.508,99.457
2,12/05/2025 21:58,8/01/2000 21:00,11.507,11.5,0.007,99.457
2,12/05/2025 22:58,8/01/2000 22:00,11.507,11,0.507,98.446
2,12/05/2025 23:58,8/01/2000 23:00,11.507,11,0.507,99.457
2,13/05/2025 0:58,9/01/2000 0:00,11.007,11,0.007,99.457
2,13/05/2025 1:58,9/01/2000 1:00,11.507,11,0.507,98.953
2,13/05/2025 2:58,9/01/2000 2:00,11.507,11,0.507,98.953
2,13/05/2025 3:58,9/01/2000 3:00,11.507,11.5,0.007,98.953
2,13/05/2025 4:58,9/01/2000 4:00,11.507,11.5,0.007,98.446
2,13/05/2025 5:58,9/01/2000 5:00,11.507,11.5,0.007,98.446
2,13/05/2025 6:58,9/01/2000 6:00,11.507,11.5,0.007,98.953
2,13/05/2025 7:58,9/01/2000 7:00,11.507,11.5,0.007,98.953
2,13/05/2025 8:58,9/01/2000 8:00,12.008,11.5,0.508,98.953
2,13/05/2025 9:58,9/01/2000 9:00,12.008,11.5,0.508,98.446
2,13/05/2025 10:58,9/01/2000 10:00,12.008,11.5,0.508,98.446
2,13/05/2025 11:58,9/01/2000 11:00,13.009,12,1.009,98.953
2,13/05/2025 12:58,9/01/2000 12:00,13.509,13,0.509,98.446
2,13/05/2025 13:58,9/01/2000 13:00,13.509,13.5,0.009,97.939
2,13/05/2025 14:58,9/01/2000 14:00,13.509,13,0.509,98.953
2,13/05/2025 15:58,9/01/2000 15:00,13.509,13.5,0.009,97.939
2,13/05/2025 16:58,9/01/2000 16:00,13.509,13.5,0.009,98.446
2,13/05/2025 17:58,9/01/2000 17:00,13.509,13,0.509,98.446
2,13/05/2025 18:58,9/01/2000 18:00,13.509,13,0.509,98.446
2,13/05/2025 19:58,9/01/2000 19:00,13.009,13,0.009,98.446
2,13/05/2025 20:58,9/01/2000 20:00,13.009,13,0.009,98.446
2,13/05/2025 21:58,9/01/2000 21:00,13.009,12.5,0.509,98.953
2,13/05/2025 22:58,9/01/2000 22:00,13.009,12.5,0.509,98.446
2,13/05/2025 23:58,9/01/2000 23:00,13.009,12.5,0.509,98.953
2,14/05/2025 0:58,10/01/2000 0:00,12.508,12.5,0.008,98.953
2,14/05/2025 1:58,10/01/2000 1:00,12.008,12.5,-0.492,98.953
2,14/05/2025 2:58,10/01/2000 2:00,11.507,11,0.507,99.457
2,14/05/2025 3:58,10/01/2000 3:00,11.007,11,0.007,99.457
2,14/05/2025 4:58,10/01/2000 4:00,11.007,11,0.007,99.457
2,14/05/2025 5:58,10/01/2000 5:00,11.007,10.5,0.507,99.457
2,14/05/2025 6:58,10/01/2000 6:00,10.506,10.5,0.006,99.96
2,14/05/2025 7:58,10/01/2000 7:00,10.506,10,0.506,99.96
2,14/05/2025 8:58,10/01/2000 8:00,10.006,10.5,-0.494,99.457
2,14/05/2025 9:58,10/01/2000 9:00,10.506,10.5,0.006,99.457
2,14/05/2025 10:58,10/01/2000 10:00,11.007,11.5,-0.493,99.96
2,14/05/2025 11:58,10/01/2000 11:00,11.507,12,-0.493,98.953
2,14/05/2025 12:58,10/01/2000 12:00,12.008,12.5,-0.492,99.457
2,14/05/2025 13:58,10/01/2000 13:00,12.508,13,-0.492,97.939
2,14/05/2025 14:58,10/01/2000 14:00,13.009,13.5,-0.491,98.953
2,14/05/2025 15:58,10/01/2000 15:00,13.009,14.5,-1.491,98.953
2,14/05/2025 16:58,10/01/2000 16:00,13.009,14,-0.991,98.953
2,14/05/2025 17:58,10/01/2000 17:00,12.008,12,0.008,98.953
2,14/05/2025 18:58,10/01/2000 18:00,11.007,11,0.007,99.457
2,14/05/2025 19:58,10/01/2000 19:00,10.006,10.5,-0.494,99.96
2,14/05/2025 20:58,10/01/2000 20:00,9.505,9,0.505,99.96
2,14/05/2025 21:58,10/01/2000 21:00,9.505,9,0.505,99.457
2,14/05/2025 22:58,10/01/2000 22:00,9.505,9,0.505,98.953
2,14/05/2025 23:58,10/01/2000 23:00,9.505,9,0.505,97.939
2,15/05/2025 0:58,11/01/2000 0:00,9.505,9,0.505,99.96
2,15/05/2025 1:58,11/01/2000 1:00,9.505,9,0.505,99.457
2,15/05/2025 2:58,11/01/2000 2:00,10.506,9.5,1.006,98.953
2,15/05/2025 3:58,11/01/2000 3:00,11.007,10.5,0.507,99.457
2,15/05/2025 4:58,11/01/2000 4:00,11.007,10.5,0.507,98.953
2,15/05/2025 5:58,11/01/2000 5:00,11.007,10.5,0.507,98.953
2,15/05/2025 6:58,11/01/2000 6:00,11.007,10.5,0.507,98.446
2,15/05/2025 7:58,11/01/2000 7:00,11.007,10.5,0.507,98.446
2,15/05/2025 8:58,11/01/2000 8:00,11.007,10.5,0.507,99.457
2,15/05/2025 9:58,11/01/2000 9:00,11.007,10.5,0.507,99.457
2,15/05/2025 10:58,11/01/2000 10:00,12.008,11.5,0.508,98.953
2,15/05/2025 11:58,11/01/2000 11:00,12.008,12,0.008,98.446
2,15/05/2025 12:58,11/01/2000 12:00,12.508,12.5,0.008,97.939
2,15/05/2025 13:58,11/01/2000 13:00,13.009,13,0.009,97.939
2,15/05/2025 14:58,11/01/2000 14:00,13.009,13,0.009,98.446
2,15/05/2025 15:58,11/01/2000 15:00,13.009,13,0.009,97.939
2,15/05/2025 16:58,11/01/2000 16:00,13.009,13.5,-0.491,98.446
2,15/05/2025 17:58,11/01/2000 17:00,12.508,12.5,0.008,99.457
2,15/05/2025 18:58,11/01/2000 18:00,12.508,12.5,0.008,98.446
2,15/05/2025 19:58,11/01/2000 19:00,12.508,12,0.508,98.446
2,15/05/2025 20:58,11/01/2000 20:00,12.508,12,0.508,97.939
2,15/05/2025 21:58,11/01/2000 21:00,13.009,12.5,0.509,98.446
2,15/05/2025 22:58,11/01/2000 22:00,13.509,13,0.509,98.446
2,15/05/2025 23:58,11/01/2000 23:00,13.509,13,0.509,98.446
2,16/05/2025 0:58,12/01/2000 0:00,14.01,13.5,0.51,98.446
2,16/05/2025 1:58,12/01/2000 1:00,14.01,13.5,0.51,98.953
2,16/05/2025 2:58,12/01/2000 2:00,14.01,13.5,0.51,97.429
2,16/05/2025 3:58,12/01/2000 3:00,14.01,13.5,0.51,97.939
2,16/05/2025 4:58,12/01/2000 4:00,14.01,14,0.01,98.446
2,16/05/2025 5:58,12/01/2000 5:00,14.01,14,0.01,97.939
2,16/05/2025 6:58,12/01/2000 6:00,14.51,14,0.51,97.939
2,16/05/2025 7:58,12/01/2000 7:00,14.51,14,0.51,97.939
2,16/05/2025 8:58,12/01/2000 8:00,14.51,14.5,0.01,97.429
2,16/05/2025 9:58,12/01/2000 9:00,15.01,14.5,0.51,97.429
2,16/05/2025 10:58,12/01/2000 10:00,15.01,15,0.01,97.429
2,16/05/2025 11:58,12/01/2000 11:00,15.511,15,0.511,96.919
2,16/05/2025 12:58,12/01/2000 12:00,15.511,15.5,0.011,97.939
2,16/05/2025 13:58,12/01/2000 13:00,15.511,15.5,0.011,97.429
2,16/05/2025 14:58,12/01/2000 14:00,15.511,15.5,0.011,97.429
2,16/05/2025 15:58,12/01/2000 15:00,15.511,15.5,0.011,97.939
2,16/05/2025 16:58,12/01/2000 16:00,15.511,15.5,0.011,96.406
2,16/05/2025 17:58,12/01/2000 17:00,15.511,15,0.511,97.429
2,16/05/2025 18:58,12/01/2000 18:00,15.01,15,0.01,97.939
2,16/05/2025 19:58,12/01/2000 19:00,15.01,15,0.01,97.429
2,16/05/2025 20:58,12/01/2000 20:00,15.01,14.5,0.51,98.446
2,16/05/2025 21:58,12/01/2000 21:00,14.51,14.5,0.01,97.939
2,16/05/2025 22:58,12/01/2000 22:00,14.51,14,0.51,98.446
2,16/05/2025 23:58,12/01/2000 23:00,14.51,14,0.51,98.446
2,17/05/2025 0:58,13/01/2000 0:00,14.01,14,0.01,97.939
2,17/05/2025 1:58,13/01/2000 1:00,14.01,14,0.01,97.939
2,17/05/2025 2:58,13/01/2000 2:00,13.509,13.5,0.009,97.939
2,17/05/2025 3:58,13/01/2000 3:00,13.509,13.5,0.009,98.953
2,17/05/2025 4:58,13/01/2000 4:00,13.009,13,0.009,99.457
2,17/05/2025 5:58,13/01/2000 5:00,13.009,13,0.009,98.953
2,17/05/2025 6:58,13/01/2000 6:00,13.009,13,0.009,98.446
2,17/05/2025 7:58,13/01/2000 7:00,12.508,12.5,0.008,98.953
2,17/05/2025 8:58,13/01/2000 8:00,12.508,12,0.508,98.446
2,17/05/2025 9:58,13/01/2000 9:00,12.508,12,0.508,98.446
2,17/05/2025 10:58,13/01/2000 10:00,13.509,13,0.509,98.446
2,17/05/2025 11:58,13/01/2000 11:00,14.01,13.5,0.51,98.446
2,17/05/2025 12:58,13/01/2000 12:00,14.01,14,0.01,98.953
2,17/05/2025 13:58,13/01/2000 13:00,14.01,14,0.01,97.939
2,17/05/2025 14:58,13/01/2000 14:00,14.01,14.5,-0.49,98.446
2,17/05/2025 15:58,13/01/2000 15:00,14.51,14,0.51,98.953
2,17/05/2025 16:58,13/01/2000 16:00,14.01,14.5,-0.49,97.939
2,17/05/2025 17:58,13/01/2000 17:00,14.01,14,0.01,98.446
2,17/05/2025 18:58,13/01/2000 18:00,13.509,13.5,0.009,98.446
2,17/05/2025 19:58,13/01/2000 19:00,13.509,13,0.509,98.446
2,17/05/2025 20:58,13/01/2000 20:00,13.009,13,0.009,98.446
2,17/05/2025 21:58,13/01/2000 21:00,13.009,12.5,0.509,98.446
2,17/05/2025 22:58,13/01/2000 22:00,12.508,12.5,0.008,98.953
2,17/05/2025 23:58,13/01/2000 23:00,12.008,11.5,0.508,97.939
2,18/05/2025 0:58,14/01/2000 0:00,12.508,12,0.508,98.953
2,18/05/2025 1:58,14/01/2000 1:00,12.508,12,0.508,97.939
2,18/05/2025 2:58,14/01/2000 2:00,13.009,12.5,0.509,98.953
2,18/05/2025 3:58,14/01/2000 3:00,13.509,13,0.509,98.446
2,18/05/2025 4:58,14/01/2000 4:00,14.01,14,0.01,97.939
2,18/05/2025 5:58,14/01/2000 5:00,14.51,14.5,0.01,97.429
2,18/05/2025 6:58,14/01/2000 6:00,14.51,14,0.51,97.939
2,18/05/2025 7:58,14/01/2000 7:00,14.51,14,0.51,97.939
2,18/05/2025 8:58,14/01/2000 8:00,15.01,14.5,0.51,97.939
2,18/05/2025 9:58,14/01/2000 9:00,15.511,15,0.511,97.939
2,18/05/2025 10:58,14/01/2000 10:00,15.511,15.5,0.011,97.429
2,18/05/2025 11:58,14/01/2000 11:00,22.014,15.5,6.514,96.919
2,18/05/2025 12:58,14/01/2000 12:00,19.513,22,-2.487,97.429
2,18/05/2025 13:58,14/01/2000 13:00,19.513,19.5,0.013,97.429
2,18/05/2025 14:58,14/01/2000 14:00,19.513,19.5,0.013,97.939
2,18/05/2025 15:58,14/01/2000 15:00,19.013,19,0.013,97.429
2,18/05/2025 16:58,14/01/2000 16:00,19.013,19,0.013,97.939
2,18/05/2025 17:58,14/01/2000 17:00,20.013,19,1.013,97.429
2,18/05/2025 18:58,14/01/2000 18:00,21.013,20,1.013,95.892
2,18/05/2025 19:58,14/01/2000 19:00,21.513,20.5,1.013,91.725
2,18/05/2025 20:58,14/01/2000 20:00,22.014,21.5,0.514,88.534
2,18/05/2025 21:58,14/01/2000 21:00,22.014,21.5,0.514,83.643
2,18/05/2025 22:58,14/01/2000 22:00,22.014,22,0.014,80.872
2,18/05/2025 23:58,14/01/2000 23:00,21.513,21.5,0.013,79.19
2,19/05/2025 0:58,15/01/2000 0:00,20.513,21,-0.487,79.19
2,19/05/2025 1:58,15/01/2000 1:00,20.013,20.5,-0.487,77.495
2,19/05/2025 2:58,15/01/2000 2:00,19.513,20,-0.487,77.495
2,19/05/2025 3:58,15/01/2000 3:00,19.013,19.5,-0.487,76.926
2,19/05/2025 4:58,15/01/2000 4:00,18.512,19,-0.488,76.357
2,19/05/2025 5:58,15/01/2000 5:00,18.512,18.5,0.012,76.357
2,19/05/2025 6:58,15/01/2000 6:00,18.012,18,0.012,75.785
2,19/05/2025 7:58,15/01/2000 7:00,18.012,17.5,0.512,75.785
2,19/05/2025 8:58,15/01/2000 8:00,16.011,18,-1.989,76.926
2,19/05/2025 9:58,15/01/2000 9:00,15.01,15.5,-0.49,78.626
2,19/05/2025 10:58,15/01/2000 10:00,14.51,14.5,0.01,79.19
2,19/05/2025 11:58,15/01/2000 11:00,15.511,14.5,1.011,79.19
2,19/05/2025 12:58,15/01/2000 12:00,16.011,15,1.011,79.752
2,19/05/2025 13:58,15/01/2000 13:00,16.011,15.5,0.511,79.752
2,19/05/2025 14:58,15/01/2000 14:00,16.011,15.5,0.511,80.313
2,19/05/2025 15:58,15/01/2000 15:00,20.513,16,4.513,79.19
2,19/05/2025 16:58,15/01/2000 16:00,15.01,20,-4.99,79.752
2,19/05/2025 17:58,15/01/2000 17:00,14.51,15,-0.49,79.752
2,19/05/2025 18:58,15/01/2000 18:00,13.509,14,-0.491,79.19
2,19/05/2025 19:58,15/01/2000 19:00,12.508,13,-0.492,80.313
2,19/05/2025 20:58,15/01/2000 20:00,11.507,12,-0.493,79.19
2,19/05/2025 21:58,15/01/2000 21:00,10.506,11,-0.494,80.313
2,19/05/2025 22:58,15/01/2000 22:00,10.006,10,0.006,80.872
2,19/05/2025 23:58,15/01/2000 23:00,9.505,9.5,0.005,80.872
2,20/05/2025 0:58,16/01/2000 0:00,9.505,9.5,0.005,80.872
2,20/05/2025 1:58,16/01/2000 1:00,9.505,9.5,0.005,81.429
2,20/05/2025 2:58,16/01/2000 2:00,9.005,9,0.005,81.429
2,20/05/2025 3:58,16/01/2000 3:00,9.505,9,0.505,80.872
2,20/05/2025 4:58,16/01/2000 4:00,10.006,9.5,0.506,81.429
2,20/05/2025 5:58,16/01/2000 5:00,10.006,9.5,0.506,81.429
2,20/05/2025 6:58,16/01/2000 6:00,10.006,10,0.006,80.872
2,20/05/2025 7:58,16/01/2000 7:00,10.506,10,0.506,81.429
2,20/05/2025 8:58,16/01/2000 8:00,13.509,13.5,0.009,80.872
2,20/05/2025 9:58,16/01/2000 9:00,14.01,13,1.01,80.313
2,20/05/2025 10:58,16/01/2000 10:00,14.51,13.5,1.01,80.313
2,20/05/2025 11:58,16/01/2000 11:00,17.512,14.5,3.012,79.19
2,20/05/2025 12:58,16/01/2000 12:00,16.511,17,-0.489,79.752
2,20/05/2025 13:58,16/01/2000 13:00,17.012,16.5,0.512,79.19
2,20/05/2025 14:58,16/01/2000 14:00,17.512,17,0.512,79.19
2,20/05/2025 15:58,16/01/2000 15:00,18.012,17.5,0.512,78.626
2,20/05/2025 16:58,16/01/2000 16:00,17.512,17.5,0.012,79.19
2,20/05/2025 17:58,16/01/2000 17:00,17.012,17,0.012,79.19
2,20/05/2025 18:58,16/01/2000 18:00,17.012,17.5,-0.488,78.626
2,20/05/2025 19:58,16/01/2000 19:00,17.012,17,0.012,78.626
2,20/05/2025 20:58,16/01/2000 20:00,17.512,17,0.512,78.626
2,20/05/2025 21:58,16/01/2000 21:00,17.512,17,0.512,79.752
2,20/05/2025 22:58,16/01/2000 22:00,17.012,17,0.012,80.313
2,20/05/2025 23:58,16/01/2000 23:00,17.012,17,0.012,78.061
2,21/05/2025 0:58,17/01/2000 0:00,14.51,17,-2.49,78.061
2,21/05/2025 1:58,17/01/2000 1:00,12.508,13.5,-0.992,76.926
2,21/05/2025 2:58,17/01/2000 2:00,12.008,12,0.008,79.19
2,21/05/2025 3:58,17/01/2000 3:00,10.006,11,-0.994,77.495
2,21/05/2025 4:58,17/01/2000 4:00,8.504,9,-0.496,79.19
2,21/05/2025 5:58,17/01/2000 5:00,9.005,8,1.005,79.19
2,21/05/2025 6:58,17/01/2000 6:00,9.505,9,0.505,77.495
2,21/05/2025 7:58,17/01/2000 7:00,9.505,9,0.505,78.626
2,21/05/2025 8:58,17/01/2000 8:00,9.505,9.5,0.005,78.626
2,21/05/2025 9:58,17/01/2000 9:00,10.506,9.5,1.006,78.626
2,21/05/2025 10:58,17/01/2000 10:00,12.008,10.5,1.508,79.752
2,21/05/2025 11:58,17/01/2000 11:00,13.009,12,1.009,79.752
2,21/05/2025 12:58,17/01/2000 12:00,22.514,13.5,9.014,72.905
3,5/05/2025 11:00,1/01/2000 11:00,21.106,24.5,-3.394,56.002
3,5/05/2025 12:00,1/01/2000 12:00,22.607,23.5,-0.893,44.63
3,5/05/2025 13:00,1/01/2000 13:00,22.607,22.5,0.107,43.986
3,5/05/2025 14:00,1/01/2000 14:00,22.607,22.5,0.107,44.63
3,5/05/2025 15:00,1/01/2000 15:00,22.607,22,0.607,43.986
3,5/05/2025 16:00,1/01/2000 16:00,22.607,22,0.607,43.986
3,5/05/2025 17:00,1/01/2000 17:00,22.607,22,0.607,43.986
3,5/05/2025 18:00,1/01/2000 18:00,22.607,22.5,0.107,43.986
3,5/05/2025 19:00,1/01/2000 19:00,22.106,22,0.106,44.63
3,5/05/2025 20:00,1/01/2000 20:00,22.106,22,0.106,44.63
3,5/05/2025 21:00,1/01/2000 21:00,21.606,21.5,0.106,45.273
3,5/05/2025 22:00,1/01/2000 22:00,21.606,21.5,0.106,45.914
3,5/05/2025 23:00,1/01/2000 23:00,21.106,21,0.106,44.63
3,6/05/2025 0:00,2/01/2000 0:00,21.106,21,0.106,45.273
3,6/05/2025 1:00,2/01/2000 1:00,21.106,21,0.106,44.63
3,6/05/2025 2:00,2/01/2000 2:00,20.605,20.5,0.105,45.273
3,6/05/2025 3:00,2/01/2000 3:00,20.605,20.5,0.105,45.273
3,6/05/2025 4:00,2/01/2000 4:00,20.105,20,0.105,45.914
3,6/05/2025 5:00,2/01/2000 5:00,20.105,20,0.105,45.273
3,6/05/2025 6:00,2/01/2000 6:00,20.105,20,0.105,45.273
3,6/05/2025 7:00,2/01/2000 7:00,20.105,19.5,0.605,45.273
3,6/05/2025 8:00,2/01/2000 8:00,20.605,20,0.605,44.63
3,6/05/2025 9:00,2/01/2000 9:00,20.605,20,0.605,44.63
3,6/05/2025 10:00,2/01/2000 10:00,21.606,20.5,1.106,44.63
3,6/05/2025 11:00,2/01/2000 11:00,20.605,21.5,-0.895,45.273
3,6/05/2025 12:00,2/01/2000 12:00,18.603,20.5,-1.897,45.914
3,6/05/2025 13:00,2/01/2000 13:00,20.105,18.5,1.605,44.63
3,6/05/2025 14:00,2/01/2000 14:00,19.604,20,-0.396,45.914
3,6/05/2025 15:00,2/01/2000 15:00,18.603,19.5,-0.897,45.914
3,6/05/2025 16:00,2/01/2000 16:00,18.102,18.5,-0.398,46.554
3,6/05/2025 17:00,2/01/2000 17:00,13.093,18,-4.907,49.102
3,6/05/2025 18:00,2/01/2000 18:00,12.592,13,-0.408,47.193
3,6/05/2025 19:00,2/01/2000 19:00,12.09,12.5,-0.41,47.83
3,6/05/2025 20:00,2/01/2000 20:00,11.088,11.5,-0.412,47.83
3,6/05/2025 21:00,2/01/2000 21:00,10.085,11,-0.915,48.467
3,6/05/2025 22:00,2/01/2000 22:00,9.082,10,-0.918,49.102
3,6/05/2025 23:00,2/01/2000 23:00,8.58,9,-0.42,49.102
3,7/05/2025 0:00,3/01/2000 0:00,9.082,8.5,0.582,49.735
3,7/05/2025 1:00,3/01/2000 1:00,9.583,8.5,1.083,48.467
3,7/05/2025 2:00,3/01/2000 2:00,9.583,9.5,0.083,47.193
3,7/05/2025 3:00,3/01/2000 3:00,10.085,9.5,0.585,48.467
3,7/05/2025 4:00,3/01/2000 4:00,12.592,10,2.592,47.83
3,7/05/2025 5:00,3/01/2000 5:00,14.596,12.5,2.096,47.83
3,7/05/2025 6:00,3/01/2000 6:00,14.095,14.5,-0.405,49.735
3,7/05/2025 7:00,3/01/2000 7:00,14.596,14,0.596,49.735
3,7/05/2025 8:00,3/01/2000 8:00,14.596,14,0.596,50.368
3,7/05/2025 9:00,3/01/2000 9:00,14.596,14.5,0.096,50.999
3,7/05/2025 10:00,3/01/2000 10:00,14.596,14.5,0.096,50.368
3,7/05/2025 11:00,3/01/2000 11:00,15.097,14.5,0.597,50.999
3,7/05/2025 12:00,3/01/2000 12:00,15.097,14.5,0.597,50.999
3,7/05/2025 13:00,3/01/2000 13:00,15.097,15,0.097,49.735
3,7/05/2025 14:00,3/01/2000 14:00,15.598,15,0.598,51.629
3,7/05/2025 15:00,3/01/2000 15:00,15.598,15,0.598,51.629
3,7/05/2025 16:00,3/01/2000 16:00,15.598,15.5,0.098,51.629
3,7/05/2025 17:00,3/01/2000 17:00,16.099,15.5,0.599,51.629
3,7/05/2025 18:00,3/01/2000 18:00,16.099,15.5,0.599,51.629
3,7/05/2025 19:00,3/01/2000 19:00,16.099,16,0.099,52.257
3,7/05/2025 20:00,3/01/2000 20:00,16.6,16,0.6,51.629
3,7/05/2025 21:00,3/01/2000 21:00,16.6,16,0.6,51.629
3,7/05/2025 22:00,3/01/2000 22:00,16.6,16,0.6,52.257
3,7/05/2025 23:00,3/01/2000 23:00,16.6,16,0.6,52.257
3,8/05/2025 0:00,4/01/2000 0:00,16.6,16,0.6,51.629
3,8/05/2025 1:00,4/01/2000 1:00,16.6,16,0.6,52.257
3,8/05/2025 2:00,4/01/2000 2:00,16.6,16,0.6,52.257
3,8/05/2025 3:00,4/01/2000 3:00,16.099,16,0.099,52.257
3,8/05/2025 4:00,4/01/2000 4:00,16.099,16,0.099,52.885
3,8/05/2025 5:00,4/01/2000 5:00,16.099,16,0.099,51.629
3,8/05/2025 6:00,4/01/2000 6:00,17.101,15.5,1.601,52.257
3,8/05/2025 7:00,4/01/2000 7:00,11.589,17,-5.411,50.999
3,8/05/2025 8:00,4/01/2000 8:00,6.573,10.5,-3.927,55.381
3,8/05/2025 9:00,4/01/2000 9:00,9.583,6,3.583,93.634
3,8/05/2025 10:00,4/01/2000 10:00,10.586,10,0.586,95.775
3,8/05/2025 11:00,4/01/2000 11:00,11.589,11,0.589,96.307
3,8/05/2025 12:00,4/01/2000 12:00,13.594,13,0.594,95.242
3,8/05/2025 13:00,4/01/2000 13:00,15.598,16.5,-0.902,94.707
3,8/05/2025 14:00,4/01/2000 14:00,16.099,17.5,-1.401,95.242
3,8/05/2025 15:00,4/01/2000 15:00,16.6,17,-0.4,95.775
3,8/05/2025 16:00,4/01/2000 16:00,16.6,16.5,0.1,95.775
3,8/05/2025 17:00,4/01/2000 17:00,16.6,17,-0.4,94.707
3,8/05/2025 18:00,4/01/2000 18:00,15.097,16,-0.903,94.707
3,8/05/2025 19:00,4/01/2000 19:00,14.095,14,0.095,96.307
3,8/05/2025 20:00,4/01/2000 20:00,14.095,13.5,0.595,97.367
3,8/05/2025 21:00,4/01/2000 21:00,13.594,13.5,0.094,97.367
3,8/05/2025 22:00,4/01/2000 22:00,13.594,13.5,0.094,95.775
3,8/05/2025 23:00,4/01/2000 23:00,14.095,13.5,0.595,96.837
3,9/05/2025 0:00,5/01/2000 0:00,13.594,13.5,0.094,95.242
3,9/05/2025 1:00,5/01/2000 1:00,14.095,13.5,0.595,96.307
3,9/05/2025 2:00,5/01/2000 2:00,14.596,14,0.596,96.307
3,9/05/2025 3:00,5/01/2000 3:00,15.097,14.5,0.597,96.307
3,9/05/2025 4:00,5/01/2000 4:00,15.097,15,0.097,95.775
3,9/05/2025 5:00,5/01/2000 5:00,15.097,14.5,0.597,95.242
3,9/05/2025 6:00,5/01/2000 6:00,15.097,15,0.097,95.242
3,9/05/2025 7:00,5/01/2000 7:00,15.598,15,0.598,95.242
3,9/05/2025 8:00,5/01/2000 8:00,15.097,15,0.097,95.242
3,9/05/2025 9:00,5/01/2000 9:00,15.598,15,0.598,95.775
3,9/05/2025 10:00,5/01/2000 10:00,16.6,16,0.6,95.775
3,9/05/2025 11:00,5/01/2000 11:00,17.101,16.5,0.601,94.707
3,9/05/2025 12:00,5/01/2000 12:00,17.602,17,0.602,95.242
3,9/05/2025 13:00,5/01/2000 13:00,17.101,17,0.101,95.775
3,9/05/2025 14:00,5/01/2000 14:00,16.6,16,0.6,95.242
3,9/05/2025 15:00,5/01/2000 15:00,16.099,15.5,0.599,95.775
3,9/05/2025 16:00,5/01/2000 16:00,16.099,15.5,0.599,97.367
3,9/05/2025 17:00,5/01/2000 17:00,15.598,15.5,0.098,96.837
3,9/05/2025 18:00,5/01/2000 18:00,15.598,15,0.598,96.837
3,9/05/2025 19:00,5/01/2000 19:00,14.095,14.5,-0.405,96.307
3,9/05/2025 20:00,5/01/2000 20:00,13.594,13.5,0.094,97.895
3,9/05/2025 21:00,5/01/2000 21:00,13.594,13.5,0.094,96.837
3,9/05/2025 22:00,5/01/2000 22:00,13.594,13.5,0.094,97.367
3,9/05/2025 23:00,5/01/2000 23:00,13.594,13,0.594,98.421
3,10/05/2025 0:00,6/01/2000 0:00,13.093,13,0.093,97.895
3,10/05/2025 1:00,6/01/2000 1:00,12.592,13,-0.408,97.895
3,10/05/2025 2:00,6/01/2000 2:00,10.586,11.5,-0.914,98.421
3,10/05/2025 3:00,6/01/2000 3:00,10.586,11,-0.414,98.947
3,10/05/2025 4:00,6/01/2000 4:00,10.586,11,-0.414,97.367
3,10/05/2025 5:00,6/01/2000 5:00,10.085,11,-0.915,99.471
3,10/05/2025 6:00,6/01/2000 6:00,9.583,10.5,-0.917,99.471
3,10/05/2025 7:00,6/01/2000 7:00,9.583,10,-0.417,99.471
3,10/05/2025 8:00,6/01/2000 8:00,9.583,10,-0.417,100.516
3,10/05/2025 9:00,6/01/2000 9:00,9.583,9.5,0.083,100.516
3,10/05/2025 10:00,6/01/2000 10:00,10.085,10,0.085,98.421
3,10/05/2025 11:00,6/01/2000 11:00,10.586,11,-0.414,99.994
3,10/05/2025 12:00,6/01/2000 12:00,12.09,11.5,0.59,98.421
3,10/05/2025 13:00,6/01/2000 13:00,12.592,13,-0.408,98.947
3,10/05/2025 14:00,6/01/2000 14:00,13.093,12.5,0.593,97.367
3,10/05/2025 15:00,6/01/2000 15:00,13.093,14,-0.907,97.895
3,10/05/2025 16:00,6/01/2000 16:00,13.093,13.5,-0.407,98.947
3,10/05/2025 17:00,6/01/2000 17:00,12.592,13,-0.408,97.895
3,10/05/2025 18:00,6/01/2000 18:00,11.088,12,-0.912,98.947
3,10/05/2025 19:00,6/01/2000 19:00,10.085,10,0.085,101.036
3,10/05/2025 20:00,6/01/2000 20:00,9.583,9.5,0.083,100.516
3,10/05/2025 21:00,6/01/2000 21:00,9.082,9,0.082,102.073
3,10/05/2025 22:00,6/01/2000 22:00,8.58,8.5,0.08,100.516
3,10/05/2025 23:00,6/01/2000 23:00,8.078,8,0.078,101.555
3,11/05/2025 0:00,7/01/2000 0:00,8.078,8,0.078,101.555
3,11/05/2025 1:00,7/01/2000 1:00,7.577,8,-0.423,101.555
3,11/05/2025 2:00,7/01/2000 2:00,7.577,7.5,0.077,102.59
3,11/05/2025 3:00,7/01/2000 3:00,7.577,7.5,0.077,101.555
3,11/05/2025 4:00,7/01/2000 4:00,7.577,7.5,0.077,101.555
3,11/05/2025 5:00,7/01/2000 5:00,8.58,8,0.58,101.555
3,11/05/2025 6:00,7/01/2000 6:00,9.082,8.5,0.582,101.036
3,11/05/2025 7:00,7/01/2000 7:00,9.082,9,0.082,102.59
3,11/05/2025 8:00,7/01/2000 8:00,9.082,8.5,0.582,102.073
3,11/05/2025 9:00,7/01/2000 9:00,9.583,9,0.583,102.073
3,11/05/2025 10:00,7/01/2000 10:00,10.085,10,0.085,99.471
3,11/05/2025 11:00,7/01/2000 11:00,10.586,11,-0.414,98.947
3,11/05/2025 12:00,7/01/2000 12:00,12.09,11.5,0.59,98.947
3,11/05/2025 13:00,7/01/2000 13:00,13.093,13,0.093,98.947
3,11/05/2025 14:00,7/01/2000 14:00,14.095,14.5,-0.405,97.895
3,11/05/2025 15:00,7/01/2000 15:00,14.095,15,-0.905,97.367
3,11/05/2025 16:00,7/01/2000 16:00,14.095,15,-0.905,96.837
3,11/05/2025 17:00,7/01/2000 17:00,13.594,15,-1.406,98.947
3,11/05/2025 18:00,7/01/2000 18:00,13.093,13.5,-0.407,98.947
3,11/05/2025 19:00,7/01/2000 19:00,12.09,13,-0.91,98.421
3,11/05/2025 20:00,7/01/2000 20:00,11.088,11.5,-0.412,100.516
3,11/05/2025 21:00,7/01/2000 21:00,10.586,11,-0.414,99.994
3,11/05/2025 22:00,7/01/2000 22:00,10.586,10,0.586,99.994
3,11/05/2025 23:00,7/01/2000 23:00,11.088,10.5,0.588,100.516
3,12/05/2025 0:00,8/01/2000 0:00,11.088,11,0.088,99.994
3,12/05/2025 1:00,8/01/2000 1:00,11.088,10.5,0.588,98.421
3,12/05/2025 2:00,8/01/2000 2:00,10.586,10.5,0.086,98.947
3,12/05/2025 3:00,8/01/2000 3:00,9.583,10,-0.417,99.471
3,12/05/2025 4:00,8/01/2000 4:00,9.082,9,0.082,101.555
3,12/05/2025 5:00,8/01/2000 5:00,8.078,8,0.078,101.036
3,12/05/2025 6:00,8/01/2000 6:00,8.078,8,0.078,100.516
3,12/05/2025 7:00,8/01/2000 7:00,8.078,8,0.078,101.036
3,12/05/2025 8:00,8/01/2000 8:00,8.078,7.5,0.578,101.036
3,12/05/2025 9:00,8/01/2000 9:00,9.082,8,1.082,103.105
3,12/05/2025 10:00,8/01/2000 10:00,10.085,9.5,0.585,99.994
3,12/05/2025 11:00,8/01/2000 11:00,11.589,11,0.589,100.516
3,12/05/2025 12:00,8/01/2000 12:00,13.093,12.5,0.593,99.471
3,12/05/2025 13:00,8/01/2000 13:00,13.594,13,0.594,98.947
3,12/05/2025 14:00,8/01/2000 14:00,14.095,14,0.095,98.947
3,12/05/2025 15:00,8/01/2000 15:00,14.596,15.5,-0.904,98.421
3,12/05/2025 16:00,8/01/2000 16:00,14.095,15,-0.905,97.367
3,12/05/2025 17:00,8/01/2000 17:00,14.095,14,0.095,98.421
3,12/05/2025 18:00,8/01/2000 18:00,12.592,13,-0.408,99.471
3,12/05/2025 19:00,8/01/2000 19:00,12.09,11.5,0.59,99.471
3,12/05/2025 20:00,8/01/2000 20:00,12.09,11.5,0.59,99.471
3,12/05/2025 21:00,8/01/2000 21:00,12.09,11.5,0.59,99.471
3,12/05/2025 22:00,8/01/2000 22:00,12.09,11.5,0.59,99.471
3,12/05/2025 23:00,8/01/2000 23:00,11.589,11.5,0.089,99.471
3,13/05/2025 0:00,9/01/2000 0:00,11.589,11,0.589,99.994
3,13/05/2025 1:00,9/01/2000 1:00,11.589,11,0.589,99.994
3,13/05/2025 2:00,9/01/2000 2:00,11.589,11,0.589,99.994
3,13/05/2025 3:00,9/01/2000 3:00,11.589,11,0.589,101.036
3,13/05/2025 4:00,9/01/2000 4:00,12.09,12,0.09,99.471
3,13/05/2025 5:00,9/01/2000 5:00,12.09,12,0.09,98.421
3,13/05/2025 6:00,9/01/2000 6:00,12.09,12.5,-0.41,98.421
3,13/05/2025 7:00,9/01/2000 7:00,12.09,12.5,-0.41,99.471
3,13/05/2025 8:00,9/01/2000 8:00,12.09,12,0.09,98.947
3,13/05/2025 9:00,9/01/2000 9:00,12.09,11.5,0.59,98.947
3,13/05/2025 10:00,9/01/2000 10:00,12.09,11.5,0.59,99.994
3,13/05/2025 11:00,9/01/2000 11:00,12.592,12,0.592,98.947
3,13/05/2025 12:00,9/01/2000 12:00,13.093,12.5,0.593,99.471
3,13/05/2025 13:00,9/01/2000 13:00,14.095,13.5,0.595,98.947
3,13/05/2025 14:00,9/01/2000 14:00,14.095,14.5,-0.405,98.947
3,13/05/2025 15:00,9/01/2000 15:00,14.596,14.5,0.096,97.895
3,13/05/2025 16:00,9/01/2000 16:00,14.596,14.5,0.096,98.947
3,13/05/2025 17:00,9/01/2000 17:00,14.095,14,0.095,98.947
3,13/05/2025 18:00,9/01/2000 18:00,13.594,13.5,0.094,99.471
3,13/05/2025 19:00,9/01/2000 19:00,13.594,13,0.594,99.471
3,13/05/2025 20:00,9/01/2000 20:00,13.093,13,0.093,98.421
3,13/05/2025 21:00,9/01/2000 21:00,13.093,13,0.093,99.994
3,13/05/2025 22:00,9/01/2000 22:00,13.093,12.5,0.593,99.994
3,13/05/2025 23:00,9/01/2000 23:00,13.093,12.5,0.593,99.471
3,14/05/2025 0:00,10/01/2000 0:00,13.093,12.5,0.593,99.471
3,14/05/2025 1:00,10/01/2000 1:00,13.093,12.5,0.593,99.994
3,14/05/2025 2:00,10/01/2000 2:00,12.09,12.5,-0.41,99.994
3,14/05/2025 3:00,10/01/2000 3:00,11.589,11.5,0.089,101.036
3,14/05/2025 4:00,10/01/2000 4:00,11.088,11,0.088,100.516
3,14/05/2025 5:00,10/01/2000 5:00,11.088,11.5,-0.412,101.036
3,14/05/2025 6:00,10/01/2000 6:00,11.088,11.5,-0.412,99.471
3,14/05/2025 7:00,10/01/2000 7:00,10.586,11,-0.414,99.994
3,14/05/2025 8:00,10/01/2000 8:00,10.586,11,-0.414,99.994
3,14/05/2025 9:00,10/01/2000 9:00,10.586,11,-0.414,99.994
3,14/05/2025 10:00,10/01/2000 10:00,11.088,11,0.088,99.471
3,14/05/2025 11:00,10/01/2000 11:00,12.09,12,0.09,99.471
3,14/05/2025 12:00,10/01/2000 12:00,12.592,13,-0.408,98.947
3,14/05/2025 13:00,10/01/2000 13:00,12.592,13.5,-0.908,98.421
3,14/05/2025 14:00,10/01/2000 14:00,13.594,13.5,0.094,97.895
3,14/05/2025 15:00,10/01/2000 15:00,13.594,14,-0.406,97.367
3,14/05/2025 16:00,10/01/2000 16:00,13.594,14.5,-0.906,97.895
3,14/05/2025 17:00,10/01/2000 17:00,13.594,14.5,-0.906,98.947
3,14/05/2025 18:00,10/01/2000 18:00,12.09,13,-0.91,98.947
3,14/05/2025 19:00,10/01/2000 19:00,11.088,11,0.088,99.471
3,14/05/2025 20:00,10/01/2000 20:00,10.586,10.5,0.086,99.994
3,14/05/2025 21:00,10/01/2000 21:00,10.085,10,0.085,100.516
3,14/05/2025 22:00,10/01/2000 22:00,10.085,9.5,0.585,100.516
3,14/05/2025 23:00,10/01/2000 23:00,10.085,9.5,0.585,100.516
3,15/05/2025 0:00,11/01/2000 0:00,9.583,9.5,0.083,100.516
3,15/05/2025 1:00,11/01/2000 1:00,9.583,9,0.583,99.471
3,15/05/2025 2:00,11/01/2000 2:00,9.583,9.5,0.083,101.036
3,15/05/2025 3:00,11/01/2000 3:00,11.088,9.5,1.588,99.471
3,15/05/2025 4:00,11/01/2000 4:00,11.088,11,0.088,99.994
3,15/05/2025 5:00,11/01/2000 5:00,11.589,11,0.589,99.471
3,15/05/2025 6:00,11/01/2000 6:00,11.589,11,0.589,99.994
3,15/05/2025 7:00,11/01/2000 7:00,11.589,11,0.589,98.947
3,15/05/2025 8:00,11/01/2000 8:00,11.088,11,0.088,99.994
3,15/05/2025 9:00,11/01/2000 9:00,11.088,11.5,-0.412,99.994
3,15/05/2025 10:00,11/01/2000 10:00,11.589,11,0.589,99.994
3,15/05/2025 11:00,11/01/2000 11:00,12.09,12,0.09,99.471
3,15/05/2025 12:00,11/01/2000 12:00,13.093,13,0.093,98.947
3,15/05/2025 13:00,11/01/2000 13:00,13.594,13.5,0.094,98.421
3,15/05/2025 14:00,11/01/2000 14:00,14.095,14.5,-0.405,98.947
3,15/05/2025 15:00,11/01/2000 15:00,14.095,14.5,-0.405,98.947
3,15/05/2025 16:00,11/01/2000 16:00,14.095,14,0.095,99.994
3,15/05/2025 17:00,11/01/2000 17:00,14.095,14.5,-0.405,98.947
3,15/05/2025 18:00,11/01/2000 18:00,13.093,13.5,-0.407,99.994
3,15/05/2025 19:00,11/01/2000 19:00,13.093,13,0.093,98.947
3,15/05/2025 20:00,11/01/2000 20:00,12.592,12,0.592,98.947
3,15/05/2025 21:00,11/01/2000 21:00,12.592,12.5,0.092,99.994
3,15/05/2025 22:00,11/01/2000 22:00,13.093,12.5,0.593,98.947
3,15/05/2025 23:00,11/01/2000 23:00,13.594,13,0.594,98.947
3,16/05/2025 0:00,12/01/2000 0:00,14.095,13.5,0.595,98.947
3,16/05/2025 1:00,12/01/2000 1:00,14.095,14,0.095,99.471
3,16/05/2025 2:00,12/01/2000 2:00,14.095,14,0.095,98.947
3,16/05/2025 3:00,12/01/2000 3:00,14.596,14,0.596,99.471
3,16/05/2025 4:00,12/01/2000 4:00,14.596,14,0.596,99.471
3,16/05/2025 5:00,12/01/2000 5:00,14.596,14,0.596,98.421
3,16/05/2025 6:00,12/01/2000 6:00,14.596,14,0.596,98.421
3,16/05/2025 7:00,12/01/2000 7:00,14.596,14.5,0.096,98.421
3,16/05/2025 8:00,12/01/2000 8:00,15.097,14.5,0.597,99.994
3,16/05/2025 9:00,12/01/2000 9:00,15.097,15,0.097,98.947
3,16/05/2025 10:00,12/01/2000 10:00,15.598,15,0.598,98.421
3,16/05/2025 11:00,12/01/2000 11:00,15.598,15.5,0.098,99.471
3,16/05/2025 12:00,12/01/2000 12:00,16.099,15.5,0.599,98.421
3,16/05/2025 13:00,12/01/2000 13:00,16.099,16,0.099,98.947
3,16/05/2025 14:00,12/01/2000 14:00,16.099,16.5,-0.401,97.367
3,16/05/2025 15:00,12/01/2000 15:00,16.099,16,0.099,98.947
3,16/05/2025 16:00,12/01/2000 16:00,16.099,16,0.099,98.421
3,16/05/2025 17:00,12/01/2000 17:00,16.099,16,0.099,97.367
3,16/05/2025 18:00,12/01/2000 18:00,15.598,15.5,0.098,98.421
3,16/05/2025 19:00,12/01/2000 19:00,15.598,15.5,0.098,98.421
3,16/05/2025 20:00,12/01/2000 20:00,15.097,15,0.097,99.471
3,16/05/2025 21:00,12/01/2000 21:00,15.097,15,0.097,99.471
3,16/05/2025 22:00,12/01/2000 22:00,15.097,14.5,0.597,97.895
3,16/05/2025 23:00,12/01/2000 23:00,14.596,14.5,0.096,98.421
3,17/05/2025 0:00,13/01/2000 0:00,14.596,14,0.596,99.471
3,17/05/2025 1:00,13/01/2000 1:00,14.095,14,0.095,99.994
3,17/05/2025 2:00,13/01/2000 2:00,13.594,14,-0.406,99.471
3,17/05/2025 3:00,13/01/2000 3:00,13.594,13.5,0.094,99.994
3,17/05/2025 4:00,13/01/2000 4:00,13.093,13,0.093,99.994
3,17/05/2025 5:00,13/01/2000 5:00,13.093,13,0.093,99.994
3,17/05/2025 6:00,13/01/2000 6:00,13.093,13,0.093,101.555
3,17/05/2025 7:00,13/01/2000 7:00,13.093,13,0.093,100.516
3,17/05/2025 8:00,13/01/2000 8:00,12.592,12.5,0.092,100.516
3,17/05/2025 9:00,13/01/2000 9:00,12.09,12.5,-0.41,99.994
3,17/05/2025 10:00,13/01/2000 10:00,12.592,12.5,0.092,99.471
3,17/05/2025 11:00,13/01/2000 11:00,13.594,13.5,0.094,99.994
3,17/05/2025 12:00,13/01/2000 12:00,14.095,14.5,-0.405,99.471
3,17/05/2025 13:00,13/01/2000 13:00,14.596,15.5,-0.904,99.471
3,17/05/2025 14:00,13/01/2000 14:00,15.097,16,-0.903,100.516
3,17/05/2025 15:00,13/01/2000 15:00,15.097,16.5,-1.403,99.994
3,17/05/2025 16:00,13/01/2000 16:00,15.097,16.5,-1.403,98.947
3,17/05/2025 17:00,13/01/2000 17:00,14.596,16,-1.404,99.471
3,17/05/2025 18:00,13/01/2000 18:00,14.095,15,-0.905,99.471
3,17/05/2025 19:00,13/01/2000 19:00,14.095,14,0.095,99.994
3,17/05/2025 20:00,13/01/2000 20:00,13.594,14,-0.406,100.516
3,17/05/2025 21:00,13/01/2000 21:00,13.093,13.5,-0.407,101.036
3,17/05/2025 22:00,13/01/2000 22:00,13.093,13,0.093,100.516
3,17/05/2025 23:00,13/01/2000 23:00,12.592,13,-0.408,100.516
3,18/05/2025 0:00,14/01/2000 0:00,12.09,12,0.09,101.555
3,18/05/2025 1:00,14/01/2000 1:00,12.592,12.5,0.092,101.036
3,18/05/2025 2:00,14/01/2000 2:00,13.093,13,0.093,101.555
3,18/05/2025 3:00,14/01/2000 3:00,13.594,13,0.594,101.036
3,18/05/2025 4:00,14/01/2000 4:00,14.596,13.5,1.096,100.516
3,18/05/2025 5:00,14/01/2000 5:00,15.097,15,0.097,100.516
3,18/05/2025 6:00,14/01/2000 6:00,15.097,15.5,-0.403,99.994
3,18/05/2025 7:00,14/01/2000 7:00,15.097,15,0.097,99.471
3,18/05/2025 8:00,14/01/2000 8:00,15.097,15,0.097,100.516
3,18/05/2025 9:00,14/01/2000 9:00,15.598,15.5,0.098,99.994
3,18/05/2025 10:00,14/01/2000 10:00,16.099,16,0.099,99.994
3,18/05/2025 11:00,14/01/2000 11:00,16.6,16.5,0.1,98.947
3,18/05/2025 12:00,14/01/2000 12:00,23.607,16.5,7.107,94.171
3,18/05/2025 13:00,14/01/2000 13:00,19.604,24,-4.396,94.707
3,18/05/2025 14:00,14/01/2000 14:00,19.604,19.5,0.104,93.096
3,18/05/2025 15:00,14/01/2000 15:00,19.604,19.5,0.104,90.931
3,18/05/2025 16:00,14/01/2000 16:00,19.104,19.5,-0.396,89.84
3,18/05/2025 17:00,14/01/2000 17:00,19.104,19,0.104,87.644
3,18/05/2025 18:00,14/01/2000 18:00,20.105,19,1.105,87.092
3,18/05/2025 19:00,14/01/2000 19:00,21.106,20,1.106,85.427
3,18/05/2025 20:00,14/01/2000 20:00,21.606,20.5,1.106,83.19
3,18/05/2025 21:00,14/01/2000 21:00,22.106,21.5,0.606,83.751
3,18/05/2025 22:00,14/01/2000 22:00,22.106,22,0.106,80.365
3,18/05/2025 23:00,14/01/2000 23:00,22.106,22,0.106,78.655
3,19/05/2025 0:00,15/01/2000 0:00,21.606,22,-0.394,79.797
3,19/05/2025 1:00,15/01/2000 1:00,20.605,21,-0.395,78.655
3,19/05/2025 2:00,15/01/2000 2:00,20.105,20.5,-0.395,78.655
3,19/05/2025 3:00,15/01/2000 3:00,19.604,20,-0.396,78.655
3,19/05/2025 4:00,15/01/2000 4:00,19.604,19.5,0.104,78.655
3,19/05/2025 5:00,15/01/2000 5:00,19.104,19,0.104,78.083
3,19/05/2025 6:00,15/01/2000 6:00,18.603,18.5,0.103,78.083
3,19/05/2025 7:00,15/01/2000 7:00,18.102,18,0.102,77.509
3,19/05/2025 8:00,15/01/2000 8:00,18.102,18,0.102,77.509
3,19/05/2025 9:00,15/01/2000 9:00,16.099,18,-1.901,79.797
3,19/05/2025 10:00,15/01/2000 10:00,15.097,16,-0.903,80.933
3,19/05/2025 11:00,15/01/2000 11:00,15.097,14.5,0.597,81.499
3,19/05/2025 12:00,15/01/2000 12:00,15.598,14.5,1.098,82.064
3,19/05/2025 13:00,15/01/2000 13:00,16.099,15.5,0.599,82.628
3,19/05/2025 14:00,15/01/2000 14:00,16.099,15.5,0.599,82.064
3,19/05/2025 15:00,15/01/2000 15:00,16.6,16,0.6,82.628
3,19/05/2025 16:00,15/01/2000 16:00,20.605,16,4.605,79.797
3,19/05/2025 17:00,15/01/2000 17:00,15.097,20,-4.903,80.365
3,19/05/2025 18:00,15/01/2000 18:00,14.596,15,-0.404,81.499
3,19/05/2025 19:00,15/01/2000 19:00,14.095,14.5,-0.405,82.064
3,19/05/2025 20:00,15/01/2000 20:00,13.093,14,-0.907,82.628
3,19/05/2025 21:00,15/01/2000 21:00,12.09,13,-0.91,83.19
3,19/05/2025 22:00,15/01/2000 22:00,11.088,12,-0.912,82.628
3,19/05/2025 23:00,15/01/2000 23:00,10.586,11,-0.414,82.064
3,20/05/2025 0:00,16/01/2000 0:00,10.085,10.5,-0.415,83.19
3,20/05/2025 1:00,16/01/2000 1:00,10.085,10,0.085,83.19
3,20/05/2025 2:00,16/01/2000 2:00,9.583,10,-0.417,83.19
3,20/05/2025 3:00,16/01/2000 3:00,9.583,9.5,0.083,82.628
3,20/05/2025 4:00,16/01/2000 4:00,9.583,9.5,0.083,82.064
3,20/05/2025 5:00,16/01/2000 5:00,10.085,9.5,0.585,82.064
3,20/05/2025 6:00,16/01/2000 6:00,10.085,9.5,0.585,82.064
3,20/05/2025 7:00,16/01/2000 7:00,10.085,10,0.085,82.628
3,20/05/2025 8:00,16/01/2000 8:00,11.088,10,1.088,82.064
3,20/05/2025 9:00,16/01/2000 9:00,14.596,10.5,4.096,80.933
3,20/05/2025 10:00,16/01/2000 10:00,15.097,14,1.097,79.797
3,20/05/2025 11:00,16/01/2000 11:00,15.598,14.5,1.098,80.365
3,20/05/2025 12:00,16/01/2000 12:00,17.602,15,2.602,78.655
3,20/05/2025 13:00,16/01/2000 13:00,17.101,17,0.101,79.227
3,20/05/2025 14:00,16/01/2000 14:00,17.101,16.5,0.601,79.797
3,20/05/2025 15:00,16/01/2000 15:00,17.602,17,0.602,79.227
3,20/05/2025 16:00,16/01/2000 16:00,18.102,17.5,0.602,79.797
3,20/05/2025 17:00,16/01/2000 17:00,17.602,18,-0.398,79.227
3,20/05/2025 18:00,16/01/2000 18:00,17.602,17.5,0.102,80.933
3,20/05/2025 19:00,16/01/2000 19:00,17.101,17.5,-0.399,79.797
3,20/05/2025 20:00,16/01/2000 20:00,17.602,17,0.602,79.227
3,20/05/2025 21:00,16/01/2000 21:00,17.602,17,0.602,79.227
3,20/05/2025 22:00,16/01/2000 22:00,17.602,17,0.602,78.655
3,20/05/2025 23:00,16/01/2000 23:00,17.101,17,0.101,80.365
3,21/05/2025 0:00,17/01/2000 0:00,17.101,17,0.101,79.797
3,21/05/2025 1:00,17/01/2000 1:00,14.596,17,-2.404,80.933
3,21/05/2025 2:00,17/01/2000 2:00,12.592,14.5,-1.908,80.933
3,21/05/2025 3:00,17/01/2000 3:00,11.589,12.5,-0.911,80.933
3,21/05/2025 4:00,17/01/2000 4:00,9.583,11.5,-1.917,81.499
3,21/05/2025 5:00,17/01/2000 5:00,8.58,9.5,-0.92,81.499
3,21/05/2025 6:00,17/01/2000 6:00,9.082,8.5,0.582,80.365
3,21/05/2025 7:00,17/01/2000 7:00,9.583,9,0.583,82.064
3,21/05/2025 8:00,17/01/2000 8:00,9.583,9.5,0.083,80.933
3,21/05/2025 9:00,17/01/2000 9:00,9.583,9.5,0.083,80.365
3,21/05/2025 10:00,17/01/2000 10:00,11.088,9.5,1.588,80.365
3,21/05/2025 11:00,17/01/2000 11:00,12.592,11,1.592,79.227
3,21/05/2025 12:00,17/01/2000 12:00,13.594,12,1.594,79.797
3,21/05/2025 13:00,17/01/2000 13:00,25.108,13,12.108,71.112
5,5/05/2025 11:01,1/01/2000 11:00,22.08,24.5,-2.42,58.413
5,5/05/2025 12:01,1/01/2000 12:00,22.58,24,-1.42,47.925
5,5/05/2025 13:01,1/01/2000 13:00,22.58,22.5,0.08,46.662
5,5/05/2025 14:01,1/01/2000 14:00,22.58,22.5,0.08,46.662
5,5/05/2025 15:01,1/01/2000 15:00,22.58,22,0.58,58.413
5,5/05/2025 16:01,1/01/2000 16:00,22.58,22,0.58,47.925
5,5/05/2025 17:01,1/01/2000 17:00,22.58,22,0.58,46.662
5,5/05/2025 18:01,1/01/2000 18:00,22.58,22.5,0.08,46.662
5,5/05/2025 19:01,1/01/2000 19:00,22.08,22,0.08,46.662
5,5/05/2025 20:01,1/01/2000 20:00,22.08,22,0.08,46.662
5,5/05/2025 21:01,1/01/2000 21:00,21.58,22,-0.42,46.029
5,5/05/2025 22:01,1/01/2000 22:00,21.58,21.5,0.08,46.662
5,5/05/2025 23:01,1/01/2000 23:00,21.08,21.5,-0.42,46.662
5,6/05/2025 0:01,2/01/2000 0:00,21.08,21,0.08,46.662
5,6/05/2025 1:01,2/01/2000 1:00,21.08,21,0.08,46.662
5,6/05/2025 2:01,2/01/2000 2:00,20.579,20.5,0.079,46.662
5,6/05/2025 3:01,2/01/2000 3:00,20.579,20.5,0.079,46.662
5,6/05/2025 4:01,2/01/2000 4:00,20.079,20.5,-0.421,46.662
5,6/05/2025 5:01,2/01/2000 5:00,20.079,20,0.079,47.294
5,6/05/2025 6:01,2/01/2000 6:00,20.079,20,0.079,47.294
5,6/05/2025 7:01,2/01/2000 7:00,20.079,20,0.079,46.662
5,6/05/2025 8:01,2/01/2000 8:00,20.579,20,0.579,47.294
5,6/05/2025 9:01,2/01/2000 9:00,20.579,20,0.579,48.554
5,6/05/2025 10:01,2/01/2000 10:00,21.58,20.5,1.08,47.294
5,6/05/2025 11:01,2/01/2000 11:00,20.579,21,-0.421,46.662
5,6/05/2025 12:01,2/01/2000 12:00,19.079,20.5,-1.421,47.294
5,6/05/2025 13:01,2/01/2000 13:00,19.579,18.5,1.079,45.394
5,6/05/2025 14:01,2/01/2000 14:00,19.579,20,-0.421,46.029
5,6/05/2025 15:01,2/01/2000 15:00,19.079,19,0.079,45.394
5,6/05/2025 16:01,2/01/2000 16:00,18.578,18.5,0.078,46.662
5,6/05/2025 17:01,2/01/2000 17:00,13.574,18,-4.426,47.294
5,6/05/2025 18:01,2/01/2000 18:00,12.573,13,-0.427,46.029
5,6/05/2025 19:01,2/01/2000 19:00,12.072,12.5,-0.428,46.662
5,6/05/2025 20:01,2/01/2000 20:00,11.07,11.5,-0.43,46.029
5,6/05/2025 21:01,2/01/2000 21:00,10.069,11,-0.931,47.294
5,6/05/2025 22:01,2/01/2000 22:00,9.067,10,-0.933,48.554
5,6/05/2025 23:01,2/01/2000 23:00,8.566,9,-0.434,47.925
5,7/05/2025 0:01,3/01/2000 0:00,9.067,8.5,0.567,48.554
5,7/05/2025 1:01,3/01/2000 1:00,9.568,8.5,1.068,49.182
5,7/05/2025 2:01,3/01/2000 2:00,9.568,9.5,0.068,49.182
5,7/05/2025 3:01,3/01/2000 3:00,10.069,9.5,0.569,49.182
5,7/05/2025 4:01,3/01/2000 4:00,12.573,10,2.573,49.182
5,7/05/2025 5:01,3/01/2000 5:00,14.575,12,2.575,48.554
5,7/05/2025 6:01,3/01/2000 6:00,14.575,14.5,0.075,47.294
5,7/05/2025 7:01,3/01/2000 7:00,14.575,14,0.575,49.182
5,7/05/2025 8:01,3/01/2000 8:00,14.575,14,0.575,47.294
5,7/05/2025 9:01,3/01/2000 9:00,14.575,14.5,0.075,48.554
5,7/05/2025 10:01,3/01/2000 10:00,15.075,14.5,0.575,48.554
5,7/05/2025 11:01,3/01/2000 11:00,15.075,14.5,0.575,49.182
5,7/05/2025 12:01,3/01/2000 12:00,15.075,14.5,0.575,49.808
5,7/05/2025 13:01,3/01/2000 13:00,15.075,15,0.075,49.182
5,7/05/2025 14:01,3/01/2000 14:00,15.576,15,0.576,49.182
5,7/05/2025 15:01,3/01/2000 15:00,15.576,15,0.576,50.432
5,7/05/2025 16:01,3/01/2000 16:00,15.576,15.5,0.076,50.432
5,7/05/2025 17:01,3/01/2000 17:00,16.076,15.5,0.576,51.055
5,7/05/2025 18:01,3/01/2000 18:00,16.076,15.5,0.576,49.808
5,7/05/2025 19:01,3/01/2000 19:00,16.076,16,0.076,50.432
5,7/05/2025 20:01,3/01/2000 20:00,16.577,16,0.577,50.432
5,7/05/2025 21:01,3/01/2000 21:00,16.577,16,0.577,50.432
5,7/05/2025 22:01,3/01/2000 22:00,16.577,16,0.577,50.432
5,7/05/2025 23:01,3/01/2000 23:00,16.577,16,0.577,52.297
5,8/05/2025 0:01,4/01/2000 0:00,16.577,16.5,0.077,51.055
5,8/05/2025 1:01,4/01/2000 1:00,16.577,16,0.577,51.055
5,8/05/2025 2:01,4/01/2000 2:00,16.577,16,0.577,51.055
5,8/05/2025 3:01,4/01/2000 3:00,16.076,16,0.076,51.055
5,8/05/2025 4:01,4/01/2000 4:00,16.076,16,0.076,51.055
5,8/05/2025 5:01,4/01/2000 5:00,16.076,16,0.076,51.677
5,8/05/2025 6:01,4/01/2000 6:00,17.077,15.5,1.577,51.677
5,8/05/2025 7:01,4/01/2000 7:00,10.57,16.5,-5.93,51.055
5,8/05/2025 8:01,4/01/2000 8:00,6.062,12,-5.938,52.297
5,8/05/2025 9:01,4/01/2000 9:00,9.568,6,3.568,52.297
5,8/05/2025 10:01,4/01/2000 10:00,10.069,10,0.069,51.055
5,8/05/2025 11:01,4/01/2000 11:00,11.571,11,0.571,53.532
5,8/05/2025 12:01,4/01/2000 12:00,13.574,13,0.574,55.984
5,8/05/2025 13:01,4/01/2000 13:00,15.075,15.5,-0.425,98.946
5,8/05/2025 14:01,4/01/2000 14:00,15.576,16.5,-0.924,102.349
5,8/05/2025 15:01,4/01/2000 15:00,16.076,17.5,-1.424,100.9
5,8/05/2025 16:01,4/01/2000 16:00,16.577,17,-0.423,99.436
5,8/05/2025 17:01,4/01/2000 17:00,16.577,17,-0.423,94.965
5,8/05/2025 18:01,4/01/2000 18:00,15.576,16,-0.424,90.887
5,8/05/2025 19:01,4/01/2000 19:00,15.075,15,0.075,97.96
5,8/05/2025 20:01,4/01/2000 20:00,14.074,14,0.074,91.916
5,8/05/2025 21:01,4/01/2000 21:00,14.074,14,0.074,98.453
5,8/05/2025 22:01,4/01/2000 22:00,13.574,13.5,0.074,101.384
5,8/05/2025 23:01,4/01/2000 23:00,13.574,13.5,0.074,97.464
5,9/05/2025 0:01,5/01/2000 0:00,13.574,13.5,0.074,100.413
5,9/05/2025 1:01,5/01/2000 1:00,13.574,13.5,0.074,100.413
5,9/05/2025 2:01,5/01/2000 2:00,14.074,13.5,0.574,100.9
5,9/05/2025 3:01,5/01/2000 3:00,14.074,14,0.074,101.867
5,9/05/2025 4:01,5/01/2000 4:00,14.575,14,0.575,102.829
5,9/05/2025 5:01,5/01/2000 5:00,14.575,14,0.575,101.867
5,9/05/2025 6:01,5/01/2000 6:00,14.575,14,0.575,102.829
5,9/05/2025 7:01,5/01/2000 7:00,15.075,14.5,0.575,103.308
5,9/05/2025 8:01,5/01/2000 8:00,15.075,14.5,0.575,104.26
5,9/05/2025 9:01,5/01/2000 9:00,15.075,14.5,0.575,102.829
5,9/05/2025 10:01,5/01/2000 10:00,15.576,15,0.576,103.308
5,9/05/2025 11:01,5/01/2000 11:00,16.076,16,0.076,103.308
5,9/05/2025 12:01,5/01/2000 12:00,16.577,16.5,0.077,103.308
5,9/05/2025 13:01,5/01/2000 13:00,17.077,16.5,0.577,103.308
5,9/05/2025 14:01,5/01/2000 14:00,16.577,16.5,0.077,102.829
5,9/05/2025 15:01,5/01/2000 15:00,16.076,16,0.076,102.829
5,9/05/2025 16:01,5/01/2000 16:00,16.076,15.5,0.576,102.829
5,9/05/2025 17:01,5/01/2000 17:00,15.576,15.5,0.076,103.308
5,9/05/2025 18:01,5/01/2000 18:00,15.576,15.5,0.076,102.349
5,9/05/2025 19:01,5/01/2000 19:00,14.575,14.5,0.075,103.308
5,9/05/2025 20:01,5/01/2000 20:00,14.074,13.5,0.574,103.785
5,9/05/2025 21:01,5/01/2000 21:00,14.074,13.5,0.574,105.207
5,9/05/2025 22:01,5/01/2000 22:00,13.574,13.5,0.074,104.26
5,9/05/2025 23:01,5/01/2000 23:00,13.574,13,0.574,103.308
5,10/05/2025 0:01,6/01/2000 0:00,13.574,13,0.574,104.26
5,10/05/2025 1:01,6/01/2000 1:00,13.073,13,0.073,104.734
5,10/05/2025 2:01,6/01/2000 2:00,11.571,12,-0.429,103.785
5,10/05/2025 3:01,6/01/2000 3:00,11.07,11,0.07,106.147
5,10/05/2025 4:01,6/01/2000 4:00,11.07,10.5,0.57,106.615
5,10/05/2025 5:01,6/01/2000 5:00,10.57,10.5,0.07,104.734
5,10/05/2025 6:01,6/01/2000 6:00,10.069,10,0.069,103.785
5,10/05/2025 7:01,6/01/2000 7:00,9.568,9.5,0.068,105.207
5,10/05/2025 8:01,6/01/2000 8:00,9.568,9,0.568,103.785
5,10/05/2025 9:01,6/01/2000 9:00,9.568,9,0.568,105.207
5,10/05/2025 10:01,6/01/2000 10:00,10.069,9.5,0.569,105.207
5,10/05/2025 11:01,6/01/2000 11:00,11.07,10.5,0.57,105.207
5,10/05/2025 12:01,6/01/2000 12:00,11.571,11,0.571,105.678
5,10/05/2025 13:01,6/01/2000 13:00,12.072,12,0.072,105.207
5,10/05/2025 14:01,6/01/2000 14:00,12.573,12,0.573,106.615
5,10/05/2025 15:01,6/01/2000 15:00,13.073,12.5,0.573,106.615
5,10/05/2025 16:01,6/01/2000 16:00,12.573,12.5,0.073,106.147
5,10/05/2025 17:01,6/01/2000 17:00,12.573,12.5,0.073,107.546
5,10/05/2025 18:01,6/01/2000 18:00,11.571,12,-0.429,107.082
5,10/05/2025 19:01,6/01/2000 19:00,10.57,11,-0.43,105.678
5,10/05/2025 20:01,6/01/2000 20:00,10.069,10,0.069,104.734
5,10/05/2025 21:01,6/01/2000 21:00,9.067,9.5,-0.433,105.207
5,10/05/2025 22:01,6/01/2000 22:00,8.566,8.5,0.066,105.678
5,10/05/2025 23:01,6/01/2000 23:00,8.066,8.5,-0.434,106.615
5,11/05/2025 0:01,7/01/2000 0:00,8.066,8,0.066,106.147
5,11/05/2025 1:01,7/01/2000 1:00,7.565,7.5,0.065,107.082
5,11/05/2025 2:01,7/01/2000 2:00,7.565,7.5,0.065,105.678
5,11/05/2025 3:01,7/01/2000 3:00,7.565,7,0.565,106.615
5,11/05/2025 4:01,7/01/2000 4:00,7.565,7.5,0.065,106.147
5,11/05/2025 5:01,7/01/2000 5:00,7.565,7,0.565,105.678
5,11/05/2025 6:01,7/01/2000 6:00,8.066,7.5,0.566,106.147
5,11/05/2025 7:01,7/01/2000 7:00,8.566,8.5,0.066,106.615
5,11/05/2025 8:01,7/01/2000 8:00,8.566,8,0.566,106.615
5,11/05/2025 9:01,7/01/2000 9:00,9.067,8.5,0.567,107.546
5,11/05/2025 10:01,7/01/2000 10:00,9.568,9,0.568,106.615
5,11/05/2025 11:01,7/01/2000 11:00,10.069,10,0.069,107.082
5,11/05/2025 12:01,7/01/2000 12:00,11.571,11,0.571,107.082
5,11/05/2025 13:01,7/01/2000 13:00,12.573,12.5,0.073,107.082
5,11/05/2025 14:01,7/01/2000 14:00,13.574,13.5,0.074,107.546
5,11/05/2025 15:01,7/01/2000 15:00,13.574,14.5,-0.926,107.082
5,11/05/2025 16:01,7/01/2000 16:00,13.574,14.5,-0.926,106.147
5,11/05/2025 17:01,7/01/2000 17:00,13.574,14,-0.426,103.785
5,11/05/2025 18:01,7/01/2000 18:00,12.573,13.5,-0.927,103.308
5,11/05/2025 19:01,7/01/2000 19:00,12.072,12,0.072,102.349
5,11/05/2025 20:01,7/01/2000 20:00,11.571,11.5,0.071,104.26
5,11/05/2025 21:01,7/01/2000 21:00,10.57,11,-0.43,104.26
5,11/05/2025 22:01,7/01/2000 22:00,10.069,10.5,-0.431,104.734
5,11/05/2025 23:01,7/01/2000 23:00,10.069,10,0.069,105.207
5,12/05/2025 0:01,8/01/2000 0:00,10.069,10,0.069,105.678
5,12/05/2025 1:01,8/01/2000 1:00,10.069,10,0.069,105.207
5,12/05/2025 2:01,8/01/2000 2:00,9.568,9.5,0.068,104.734
5,12/05/2025 3:01,8/01/2000 3:00,9.067,9.5,-0.433,104.734
5,12/05/2025 4:01,8/01/2000 4:00,9.067,9,0.067,104.734
5,12/05/2025 5:01,8/01/2000 5:00,8.566,8.5,0.066,104.26
5,12/05/2025 6:01,8/01/2000 6:00,8.066,8,0.066,105.678
5,12/05/2025 7:01,8/01/2000 7:00,7.565,7.5,0.065,103.785
5,12/05/2025 8:01,8/01/2000 8:00,7.565,7.5,0.065,106.147
5,12/05/2025 9:01,8/01/2000 9:00,8.066,7.5,0.566,105.678
5,12/05/2025 10:01,8/01/2000 10:00,9.067,9,0.067,105.678
5,12/05/2025 11:01,8/01/2000 11:00,10.57,10,0.57,106.147
5,12/05/2025 12:01,8/01/2000 12:00,12.072,12,0.072,104.734
5,12/05/2025 13:01,8/01/2000 13:00,12.573,12.5,0.073,106.615
5,12/05/2025 14:01,8/01/2000 14:00,13.073,13.5,-0.427,106.147
5,12/05/2025 15:01,8/01/2000 15:00,13.574,14.5,-0.926,105.678
5,12/05/2025 16:01,8/01/2000 16:00,13.574,14.5,-0.926,104.26
5,12/05/2025 17:01,8/01/2000 17:00,13.574,13.5,0.074,103.785
5,12/05/2025 18:01,8/01/2000 18:00,13.073,13,0.073,103.308
5,12/05/2025 19:01,8/01/2000 19:00,12.573,12,0.573,101.384
5,12/05/2025 20:01,8/01/2000 20:00,12.072,12,0.072,101.867
5,12/05/2025 21:01,8/01/2000 21:00,12.072,12,0.072,103.308
5,12/05/2025 22:01,8/01/2000 22:00,12.072,12,0.072,104.734
5,12/05/2025 23:01,8/01/2000 23:00,12.072,11.5,0.572,104.734
5,13/05/2025 0:01,9/01/2000 0:00,12.072,11.5,0.572,105.678
5,13/05/2025 1:01,9/01/2000 1:00,11.571,11.5,0.071,105.207
5,13/05/2025 2:01,9/01/2000 2:00,11.571,11.5,0.071,106.615
5,13/05/2025 3:01,9/01/2000 3:00,11.571,11.5,0.071,107.082
5,13/05/2025 4:01,9/01/2000 4:00,11.571,12,-0.429,107.082
5,13/05/2025 5:01,9/01/2000 5:00,11.571,12,-0.429,107.082
5,13/05/2025 6:01,9/01/2000 6:00,11.571,12,-0.429,106.615
5,13/05/2025 7:01,9/01/2000 7:00,12.072,12.5,-0.428,105.678
5,13/05/2025 8:01,9/01/2000 8:00,12.072,12,0.072,106.147
5,13/05/2025 9:01,9/01/2000 9:00,12.072,11.5,0.572,105.678
5,13/05/2025 10:01,9/01/2000 10:00,12.072,11.5,0.572,106.147
5,13/05/2025 11:01,9/01/2000 11:00,12.072,12,0.072,103.308
5,13/05/2025 12:01,9/01/2000 12:00,13.073,12,1.073,104.26
5,13/05/2025 13:01,9/01/2000 13:00,13.574,13,0.574,106.147
5,13/05/2025 14:01,9/01/2000 14:00,13.574,13.5,0.074,108.01
5,13/05/2025 15:01,9/01/2000 15:00,13.574,14,-0.426,107.546
5,13/05/2025 16:01,9/01/2000 16:00,14.074,14,0.074,108.01
5,13/05/2025 17:01,9/01/2000 17:00,14.074,13.5,0.574,107.546
5,13/05/2025 18:01,9/01/2000 18:00,13.574,13.5,0.074,103.308
5,13/05/2025 19:01,9/01/2000 19:00,13.574,13,0.574,103.308
5,13/05/2025 20:01,9/01/2000 20:00,13.574,13,0.574,103.308
5,13/05/2025 21:01,9/01/2000 21:00,13.073,13,0.073,103.308
5,13/05/2025 22:01,9/01/2000 22:00,13.073,13,0.073,103.785
5,13/05/2025 23:01,9/01/2000 23:00,13.073,13,0.073,104.734
5,14/05/2025 0:01,10/01/2000 0:00,13.073,13,0.073,106.147
5,14/05/2025 1:01,10/01/2000 1:00,13.073,12.5,0.573,105.678
5,14/05/2025 2:01,10/01/2000 2:00,12.573,12.5,0.073,106.147
5,14/05/2025 3:01,10/01/2000 3:00,11.571,11.5,0.071,107.082
5,14/05/2025 4:01,10/01/2000 4:00,11.07,11,0.07,107.546
5,14/05/2025 5:01,10/01/2000 5:00,11.07,11,0.07,108.01
5,14/05/2025 6:01,10/01/2000 6:00,11.07,10.5,0.57,108.01
5,14/05/2025 7:01,10/01/2000 7:00,10.57,10.5,0.07,107.082
5,14/05/2025 8:01,10/01/2000 8:00,10.57,10,0.57,106.615
5,14/05/2025 9:01,10/01/2000 9:00,10.57,10,0.57,105.678
5,14/05/2025 10:01,10/01/2000 10:00,11.07,10.5,0.57,106.147
5,14/05/2025 11:01,10/01/2000 11:00,11.571,11.5,0.071,106.615
5,14/05/2025 12:01,10/01/2000 12:00,12.072,12,0.072,105.207
5,14/05/2025 13:01,10/01/2000 13:00,12.573,12.5,0.073,106.615
5,14/05/2025 14:01,10/01/2000 14:00,13.073,12.5,0.573,105.678
5,14/05/2025 15:01,10/01/2000 15:00,13.073,13.5,-0.427,105.678
5,14/05/2025 16:01,10/01/2000 16:00,13.073,13.5,-0.427,106.147
5,14/05/2025 17:01,10/01/2000 17:00,13.073,13.5,-0.427,105.678
5,14/05/2025 18:01,10/01/2000 18:00,12.573,12.5,0.073,105.678
5,14/05/2025 19:01,10/01/2000 19:00,11.571,11.5,0.071,105.678
5,14/05/2025 20:01,10/01/2000 20:00,10.57,10,0.57,105.678
5,14/05/2025 21:01,10/01/2000 21:00,10.069,10,0.069,106.147
5,14/05/2025 22:01,10/01/2000 22:00,9.568,9.5,0.068,106.615
5,14/05/2025 23:01,10/01/2000 23:00,9.568,9.5,0.068,105.678
5,15/05/2025 0:01,11/01/2000 0:00,9.568,9.5,0.068,104.734
5,15/05/2025 1:01,11/01/2000 1:00,9.568,9.5,0.068,104.26
5,15/05/2025 2:01,11/01/2000 2:00,10.069,9.5,0.569,105.207
5,15/05/2025 3:01,11/01/2000 3:00,10.57,9.5,1.07,105.207
5,15/05/2025 4:01,11/01/2000 4:00,11.07,10.5,0.57,106.147
5,15/05/2025 5:01,11/01/2000 5:00,11.07,11,0.07,106.147
5,15/05/2025 6:01,11/01/2000 6:00,11.07,11,0.07,107.082
5,15/05/2025 7:01,11/01/2000 7:00,11.07,11,0.07,108.472
5,15/05/2025 8:01,11/01/2000 8:00,11.07,11,0.07,106.615
5,15/05/2025 9:01,11/01/2000 9:00,11.07,11,0.07,108.472
5,15/05/2025 10:01,11/01/2000 10:00,11.07,11,0.07,108.472
5,15/05/2025 11:01,11/01/2000 11:00,11.571,11.5,0.071,106.615
5,15/05/2025 12:01,11/01/2000 12:00,12.072,12.5,-0.428,105.207
5,15/05/2025 13:01,11/01/2000 13:00,12.573,12.5,0.073,105.207
5,15/05/2025 14:01,11/01/2000 14:00,13.073,13.5,-0.427,106.147
5,15/05/2025 15:01,11/01/2000 15:00,13.073,14,-0.927,106.615
5,15/05/2025 16:01,11/01/2000 16:00,13.073,14,-0.927,105.207
5,15/05/2025 17:01,11/01/2000 17:00,13.574,14,-0.426,100.413
5,15/05/2025 18:01,11/01/2000 18:00,13.073,13.5,-0.427,99.436
5,15/05/2025 19:01,11/01/2000 19:00,13.073,13,0.073,100.413
5,15/05/2025 20:01,11/01/2000 20:00,12.573,12.5,0.073,100.9
5,15/05/2025 21:01,11/01/2000 21:00,12.573,12.5,0.073,100.413
5,15/05/2025 22:01,11/01/2000 22:00,13.073,12.5,0.573,102.829
5,15/05/2025 23:01,11/01/2000 23:00,13.574,13,0.574,104.734
5,16/05/2025 0:01,12/01/2000 0:00,13.574,13.5,0.074,104.26
5,16/05/2025 1:01,12/01/2000 1:00,14.074,13.5,0.574,105.207
5,16/05/2025 2:01,12/01/2000 2:00,14.074,14,0.074,104.734
5,16/05/2025 3:01,12/01/2000 3:00,14.074,14,0.074,106.147
5,16/05/2025 4:01,12/01/2000 4:00,14.074,14,0.074,105.207
5,16/05/2025 5:01,12/01/2000 5:00,14.575,14,0.575,105.207
5,16/05/2025 6:01,12/01/2000 6:00,14.575,14,0.575,105.207
5,16/05/2025 7:01,12/01/2000 7:00,14.575,14.5,0.075,105.678
5,16/05/2025 8:01,12/01/2000 8:00,14.575,14.5,0.075,107.082
5,16/05/2025 9:01,12/01/2000 9:00,15.075,15,0.075,105.207
5,16/05/2025 10:01,12/01/2000 10:00,15.075,15,0.075,104.26
5,16/05/2025 11:01,12/01/2000 11:00,15.576,15.5,0.076,103.785
5,16/05/2025 12:01,12/01/2000 12:00,15.576,15.5,0.076,103.308
5,16/05/2025 13:01,12/01/2000 13:00,15.576,16,-0.424,104.26
5,16/05/2025 14:01,12/01/2000 14:00,15.576,16.5,-0.924,103.308
5,16/05/2025 15:01,12/01/2000 15:00,15.576,16,-0.424,102.829
5,16/05/2025 16:01,12/01/2000 16:00,15.576,16,-0.424,101.867
5,16/05/2025 17:01,12/01/2000 17:00,15.576,16,-0.424,100.413
5,16/05/2025 18:01,12/01/2000 18:00,15.576,15.5,0.076,100.9
5,16/05/2025 19:01,12/01/2000 19:00,15.576,15.5,0.076,99.926
5,16/05/2025 20:01,12/01/2000 20:00,15.075,15,0.075,102.349
5,16/05/2025 21:01,12/01/2000 21:00,15.075,15,0.075,100.9
5,16/05/2025 22:01,12/01/2000 22:00,15.075,14.5,0.575,103.308
5,16/05/2025 23:01,12/01/2000 23:00,14.575,14.5,0.075,101.867
5,17/05/2025 0:01,13/01/2000 0:00,14.575,14,0.575,102.349
5,17/05/2025 1:01,13/01/2000 1:00,14.575,14,0.575,102.349
5,17/05/2025 2:01,13/01/2000 2:00,14.074,14,0.074,103.308
5,17/05/2025 3:01,13/01/2000 3:00,14.074,13.5,0.574,103.308
5,17/05/2025 4:01,13/01/2000 4:00,13.574,13,0.574,103.785
5,17/05/2025 5:01,13/01/2000 5:00,13.073,13,0.073,103.308
5,17/05/2025 6:01,13/01/2000 6:00,13.073,13,0.073,105.207
5,17/05/2025 7:01,13/01/2000 7:00,13.073,13,0.073,103.785
5,17/05/2025 8:01,13/01/2000 8:00,13.073,12.5,0.573,104.734
5,17/05/2025 9:01,13/01/2000 9:00,12.573,12.5,0.073,105.207
5,17/05/2025 10:01,13/01/2000 10:00,13.073,12,1.073,105.207
5,17/05/2025 11:01,13/01/2000 11:00,13.574,13.5,0.074,105.207
5,17/05/2025 12:01,13/01/2000 12:00,14.074,14,0.074,104.734
5,17/05/2025 13:01,13/01/2000 13:00,14.074,15,-0.926,105.207
5,17/05/2025 14:01,13/01/2000 14:00,14.575,15,-0.425,106.147
5,17/05/2025 15:01,13/01/2000 15:00,14.575,16,-1.425,106.147
5,17/05/2025 16:01,13/01/2000 16:00,14.575,15,-0.425,106.147
5,17/05/2025 17:01,13/01/2000 17:00,14.575,15.5,-0.925,104.734
5,17/05/2025 18:01,13/01/2000 18:00,14.575,14.5,0.075,102.349
5,17/05/2025 19:01,13/01/2000 19:00,14.074,14,0.074,100.9
5,17/05/2025 20:01,13/01/2000 20:00,14.074,14,0.074,99.436
5,17/05/2025 21:01,13/01/2000 21:00,13.574,13.5,0.074,99.436
5,17/05/2025 22:01,13/01/2000 22:00,13.073,13,0.073,101.867
5,17/05/2025 23:01,13/01/2000 23:00,13.073,13,0.073,100.413
5,18/05/2025 0:01,14/01/2000 0:00,12.573,12.5,0.073,100.413
5,18/05/2025 1:01,14/01/2000 1:00,13.073,12.5,0.573,101.867
5,18/05/2025 2:01,14/01/2000 2:00,13.073,13,0.073,101.384
5,18/05/2025 3:01,14/01/2000 3:00,13.574,13,0.574,101.867
5,18/05/2025 4:01,14/01/2000 4:00,14.074,13.5,0.574,101.867
5,18/05/2025 5:01,14/01/2000 5:00,14.575,14.5,0.075,102.829
5,18/05/2025 6:01,14/01/2000 6:00,15.075,15.5,-0.425,103.785
5,18/05/2025 7:01,14/01/2000 7:00,15.075,15,0.075,103.308
5,18/05/2025 8:01,14/01/2000 8:00,15.075,15,0.075,101.867
5,18/05/2025 9:01,14/01/2000 9:00,15.576,15,0.576,102.349
5,18/05/2025 10:01,14/01/2000 10:00,15.576,15.5,0.076,100.9
5,18/05/2025 11:01,14/01/2000 11:00,16.076,16,0.076,100.413
5,18/05/2025 12:01,14/01/2000 12:00,22.58,16,6.58,99.436
5,18/05/2025 13:01,14/01/2000 13:00,19.579,22.5,-2.921,99.436
5,18/05/2025 14:01,14/01/2000 14:00,19.579,19.5,0.079,98.453
5,18/05/2025 15:01,14/01/2000 15:00,19.579,19.5,0.079,97.96
5,18/05/2025 16:01,14/01/2000 16:00,19.579,19.5,0.079,85.121
5,18/05/2025 17:01,14/01/2000 17:00,19.079,19,0.079,87.239
5,18/05/2025 18:01,14/01/2000 18:00,19.579,19,0.579,88.812
5,18/05/2025 19:01,14/01/2000 19:00,21.08,19.5,1.58,88.812
5,18/05/2025 20:01,14/01/2000 20:00,21.08,20.5,0.58,88.812
5,18/05/2025 21:01,14/01/2000 21:00,21.58,21.5,0.08,88.812
5,18/05/2025 22:01,14/01/2000 22:00,22.08,21.5,0.58,89.333
5,18/05/2025 23:01,14/01/2000 23:00,21.58,22,-0.42,91.402
5,19/05/2025 0:01,15/01/2000 0:00,21.08,21.5,-0.42,90.371
5,19/05/2025 1:01,15/01/2000 1:00,20.579,21,-0.421,88.812
5,19/05/2025 2:01,15/01/2000 2:00,20.079,20.5,-0.421,87.239
5,19/05/2025 3:01,15/01/2000 3:00,19.579,20,-0.421,85.653
5,19/05/2025 4:01,15/01/2000 4:00,19.079,19.5,-0.421,83.517
5,19/05/2025 5:01,15/01/2000 5:00,19.079,19,0.079,82.979
5,19/05/2025 6:01,15/01/2000 6:00,18.578,18.5,0.078,80.267
5,19/05/2025 7:01,15/01/2000 7:00,18.078,18.5,-0.422,80.267
5,19/05/2025 8:01,15/01/2000 8:00,18.078,18,0.078,79.72
5,19/05/2025 9:01,15/01/2000 9:00,15.075,18,-2.925,80.267
5,19/05/2025 10:01,15/01/2000 10:00,14.575,15,-0.425,80.267
5,19/05/2025 11:01,15/01/2000 11:00,15.075,14.5,0.575,81.356
5,19/05/2025 12:01,15/01/2000 12:00,15.576,14.5,1.076,85.121
5,19/05/2025 13:01,15/01/2000 13:00,16.076,15.5,0.576,88.812
5,19/05/2025 14:01,15/01/2000 14:00,16.076,15.5,0.576,91.916
5,19/05/2025 15:01,15/01/2000 15:00,17.578,15.5,2.078,94.965
5,19/05/2025 16:01,15/01/2000 16:00,20.579,16.5,4.079,96.469
5,19/05/2025 17:01,15/01/2000 17:00,15.075,20.5,-5.425,96.968
5,19/05/2025 18:01,15/01/2000 18:00,14.575,15,-0.425,97.96
5,19/05/2025 19:01,15/01/2000 19:00,14.074,14,0.074,97.464
5,19/05/2025 20:01,15/01/2000 20:00,13.073,13.5,-0.427,95.468
5,19/05/2025 21:01,15/01/2000 21:00,11.571,12.5,-0.929,98.453
5,19/05/2025 22:01,15/01/2000 22:00,11.07,11.5,-0.43,98.946
5,19/05/2025 23:01,15/01/2000 23:00,10.57,10.5,0.07,100.413
5,20/05/2025 0:01,16/01/2000 0:00,10.069,10,0.069,99.926
5,20/05/2025 1:01,16/01/2000 1:00,9.568,9.5,0.068,99.926
5,20/05/2025 2:01,16/01/2000 2:00,9.568,9.5,0.068,100.413
5,20/05/2025 3:01,16/01/2000 3:00,9.568,9.5,0.068,100.413
5,20/05/2025 4:01,16/01/2000 4:00,9.568,9,0.568,99.926
5,20/05/2025 5:01,16/01/2000 5:00,10.069,9.5,0.569,99.926
5,20/05/2025 6:01,16/01/2000 6:00,10.069,10,0.069,99.436
5,20/05/2025 7:01,16/01/2000 7:00,10.069,10,0.069,99.436
5,20/05/2025 8:01,16/01/2000 8:00,11.571,10,1.571,98.946
5,20/05/2025 9:01,16/01/2000 9:00,13.574,11.5,2.074,99.926
5,20/05/2025 10:01,16/01/2000 10:00,14.074,13.5,0.574,98.453
5,20/05/2025 11:01,16/01/2000 11:00,14.575,13.5,1.075,97.96
5,20/05/2025 12:01,16/01/2000 12:00,17.578,14,3.578,98.453
5,20/05/2025 13:01,16/01/2000 13:00,17.077,17.5,-0.423,96.968
5,20/05/2025 14:01,16/01/2000 14:00,17.077,16.5,0.577,97.464
5,20/05/2025 15:01,16/01/2000 15:00,17.578,17,0.578,96.469
5,20/05/2025 16:01,16/01/2000 16:00,18.078,17.5,0.578,94.965
5,20/05/2025 17:01,16/01/2000 17:00,17.578,17.5,0.078,93.447
5,20/05/2025 18:01,16/01/2000 18:00,17.578,17.5,0.078,94.461
5,20/05/2025 19:01,16/01/2000 19:00,17.077,17.5,-0.423,92.938
5,20/05/2025 20:01,16/01/2000 20:00,17.578,17,0.578,91.402
5,20/05/2025 21:01,16/01/2000 21:00,17.578,17,0.578,91.916
5,20/05/2025 22:01,16/01/2000 22:00,17.578,17,0.578,91.916
5,20/05/2025 23:01,16/01/2000 23:00,17.578,17,0.578,88.289
5,21/05/2025 0:01,17/01/2000 0:00,17.077,17,0.077,87.765
5,21/05/2025 1:01,17/01/2000 1:00,14.575,17,-2.425,87.239
5,21/05/2025 2:01,17/01/2000 2:00,12.573,14,-1.427,87.239
5,21/05/2025 3:01,17/01/2000 3:00,12.072,12,0.072,86.183
5,21/05/2025 4:01,17/01/2000 4:00,9.568,11.5,-1.932,85.653
5,21/05/2025 5:01,17/01/2000 5:00,8.566,9,-0.434,86.712
5,21/05/2025 6:01,17/01/2000 6:00,9.067,8,1.067,86.183
5,21/05/2025 7:01,17/01/2000 7:00,9.568,9,0.568,85.121
5,21/05/2025 8:01,17/01/2000 8:00,9.568,9,0.568,86.183
5,21/05/2025 9:01,17/01/2000 9:00,10.069,9.5,0.569,86.712
5,21/05/2025 10:01,17/01/2000 10:00,11.07,9.5,1.57,85.653
5,21/05/2025 11:01,17/01/2000 11:00,12.573,10.5,2.073,85.121
5,21/05/2025 12:01,17/01/2000 12:00,13.574,12.5,1.074,85.121
5,21/05/2025 13:01,17/01/2000 13:00,22.58,13.5,9.08,84.588
