Hour,inside_mean,inside_median,inside_sem,inside_ci_lower_mean,inside_ci_upper_mean,inside_ci_lower_med,inside_ci_upper_med,outside_mean,outside_median,outside_sem,outside_ci_lower_mean,outside_ci_upper_mean,outside_ci_lower_med,outside_ci_upper_med,diff_mean,diff_median,diff_sem,diff_ci_lower_mean,diff_ci_upper_mean,diff_ci_lower_med,diff_ci_upper_med,hum_mean,hum_median,hum_sem,hum_ci_lower_mean,hum_ci_upper_mean,hum_ci_lower_med,hum_ci_upper_med,rock
0,8.75,8.25,0.7334144976729227,7.444097222222223,10.16736111111111,6.5,10.0,8.555555555555555,8.0,0.7198373322025272,7.277777777777778,10.055555555555555,6.5,9.5,0.19444444444444445,0.0,0.10211605943413728,0.013888888888888888,0.4027777777777778,0.0,0.5,,,,,,,,10
1,8.458333333333334,8.0,0.7398452755448478,7.235763888888889,10.000347222222222,6.75,9.25,7.986111111111111,7.75,0.726615908862685,6.638541666666668,9.472569444444444,6.0,9.0,0.4722222222222222,0.5,0.12108052620946315,0.25,0.7083333333333334,0.25,0.5,,,,,,,,10
2,8.180555555555555,7.5,0.7267979287786228,6.915972222222223,9.680902777777778,6.25,9.0,7.861111111111111,7.25,0.7399085934298867,6.55451388888889,9.472222222222221,5.5,9.25,0.3194444444444444,0.5,0.0916185539922242,0.1527777777777778,0.5003472222222219,0.0,0.5,,,,,,,,10
3,7.861111111111111,7.25,0.741515798221687,6.513888888888889,9.347569444444444,5.75,9.0,7.513888888888889,6.75,0.7328694721021812,6.1937500000000005,8.958680555555556,5.5,8.75,0.3472222222222222,0.5,0.09305111337419003,0.16666666666666666,0.5277777777777778,0.0,0.5,,,,,,,,10
4,7.708333333333333,7.25,0.73392157143381,6.374305555555556,9.139236111111112,5.743750000000006,8.5,7.25,6.5,0.7534313042067805,5.958333333333333,8.847222222222221,5.0,8.5,0.4583333333333333,0.5,0.0899183933370557,0.2916666666666667,0.6388888888888888,0.25,0.5,,,,,,,,10
5,7.458333333333333,6.75,0.7411849693093883,6.138888888888889,9.069791666666667,5.25,8.25,7.222222222222222,6.5,0.7268775481589982,5.944444444444445,8.653125000000001,5.0,8.25,0.2361111111111111,0.25,0.08564904189437876,0.08333333333333333,0.4027777777777778,0.0,0.5,,,,,,,,10
6,7.263888888888889,6.75,0.7363806035590971,5.833333333333333,8.764236111111112,5.0,7.75,6.944444444444445,6.0,0.7318648114869091,5.665972222222223,8.430555555555555,5.0,8.0,0.3194444444444444,0.5,0.10187289344940137,0.1388888888888889,0.5138888888888888,0.4937500000000057,0.5,,,,,,,,10
7,7.069444444444445,6.75,0.7311528127731591,5.722222222222222,8.666666666666666,5.0,7.5,6.75,6.5,0.7301608868153106,5.444097222222223,8.305902777777778,4.5,7.5,0.3194444444444444,0.5,0.10755725270863549,0.09722222222222222,0.5138888888888888,0.0,0.5,,,,,,,,10
8,7.027777777777778,6.5,0.7348859225920618,5.777777777777778,8.542013888888889,5.0,7.5,6.638888888888889,6.0,0.7244623378839964,5.305555555555555,8.069444444444445,4.25,7.5,0.3888888888888889,0.5,0.09576573415237051,0.20833333333333334,0.5694444444444444,0.25,0.5,,,,,,,,10
9,7.194444444444445,7.0,0.7424962662986071,5.819097222222223,8.847222222222221,4.5,7.5,6.458333333333333,5.75,0.7287668972148711,5.137847222222224,7.9194444444444425,4.5,7.0,0.7361111111111112,0.5,0.11866671868496571,0.5135416666666669,0.9722222222222222,0.5,1.0,,,,,,,,10
10,7.944444444444445,7.5,0.7283319106932215,6.652777777777778,9.500347222222222,5.5,9.0,7.0,6.75,0.7477479415732177,5.596875000000001,8.500694444444443,4.5,7.5,0.9444444444444444,1.0,0.13180339160583351,0.6940972222222225,1.1944444444444444,0.5,1.5,,,,,,,,10
11,8.857142857142858,9.0,0.6631258510703252,7.699642857142858,10.214999999999998,7.5,10.0,7.742857142857143,7.5,0.6731249801452611,6.4992857142857146,9.071428571428571,6.0,9.5,1.1142857142857143,1.0,0.13454828611512898,0.8571428571428571,1.3714285714285714,1.0,1.5,,,,,,,,10
12,10.428571428571429,10.0,0.7032765026187455,9.1425,11.742857142857142,9.0,12.0,9.342857142857143,9.5,0.6822390930399905,8.185714285714285,10.671785714285713,7.5,10.5,1.0857142857142856,1.5,0.13824487208523556,0.8285714285714286,1.3428571428571427,1.0,1.5,,,,,,,,10
13,11.957142857142857,12.0,0.7063253911783784,10.585357142857143,13.4,10.5,13.5,11.157142857142857,11.0,0.7364380057917638,9.842500000000001,12.585714285714285,9.5,13.0,0.8,1.0,0.16927924321922622,0.4714285714285714,1.1285714285714286,0.5,1.5,,,,,,,,10
14,13.5,13.5,0.7658685408402277,11.942857142857143,15.100357142857142,11.0,15.5,12.7,13.0,0.7520839395312471,11.328214285714287,14.18642857142857,11.5,14.0,0.8,1.0,0.26025197873786626,0.27107142857142885,1.3003571428571425,0.5,1.0,,,,,,,,10
15,15.305555555555555,15.0,0.8828789886739719,13.638194444444446,16.97222222222222,13.75,17.5,14.2,15.0,0.7749220616814778,12.699642857142857,15.62892857142857,12.5,16.5,0.7428571428571429,1.0,0.21041318752348556,0.32857142857142857,1.1714285714285715,0.0,1.0,,,,,,,,10
16,16.01388888888889,15.5,0.8543739263323014,14.124652777777778,17.625,14.25,18.5,16.208333333333332,16.0,0.891399603975823,14.513194444444446,18.01423611111111,14.5,19.0,-0.19444444444444445,0.0,0.24902809315749463,-0.6805555555555556,0.2361111111111111,-0.5,0.5,,,,,,,,10
17,15.625,15.75,0.8457116379731183,13.916319444444444,17.180902777777778,14.0,18.0,17.333333333333332,17.25,0.9085135251589959,15.541319444444444,18.97222222222222,15.75,20.0,-1.7083333333333333,-1.0,0.2530567098748785,-2.2083333333333335,-1.2638888888888888,-2.0,-1.0,,,,,,,,10
18,15.444444444444445,15.25,0.872138809073859,13.805555555555555,17.084027777777777,14.243750000000006,18.0,17.541666666666668,18.0,1.0286327417792598,15.652430555555556,19.59722222222222,16.493750000000006,20.5,-2.0972222222222223,-1.5,0.4210811125554909,-2.875347222222222,-1.3194444444444444,-3.25,-1.0,,,,,,,,10
19,14.319444444444445,14.5,0.8423683491359953,12.73611111111111,15.972569444444444,13.5,16.0,17.944444444444443,19.0,1.1264809965667875,15.791666666666666,20.222569444444442,14.5,21.0,-3.625,-3.0,0.5550543373943829,-4.694444444444445,-2.5690972222222226,-5.0,-1.5,,,,,,,,10
20,12.777777777777779,12.75,0.7936865071329726,11.25,14.375,11.5,14.5,15.63888888888889,15.5,0.9911535509455778,13.762500000000001,17.625,13.5,19.0,-2.861111111111111,-1.5,0.4812397643154371,-3.8059027777777774,-1.9302083333333337,-3.7562499999999943,-1.0,,,,,,,,10
21,11.194444444444445,11.25,0.7365938818217358,9.819444444444445,12.667013888888889,9.25,12.75,12.055555555555555,12.25,0.7839606854052205,10.472222222222221,13.569791666666667,10.25,13.5,-0.8611111111111112,-0.5,0.12694691915200992,-1.125,-0.625,-1.0,-0.5,,,,,,,,10
22,10.027777777777779,10.25,0.7275596425790122,8.694444444444445,11.416666666666666,8.0,11.25,10.055555555555555,10.5,0.7190099503080436,8.666666666666666,11.569444444444445,8.25,11.5,-0.027777777777777776,0.0,0.11433806120386557,-0.25,0.19444444444444445,-0.25,0.0,,,,,,,,10
23,9.36111111111111,9.0,0.721993248196212,8.152430555555556,10.875347222222222,7.5,10.5,9.069444444444445,9.25,0.6946943994606372,7.861111111111111,10.430555555555555,7.0,10.5,0.2916666666666667,0.0,0.12657734946200047,0.041666666666666664,0.5694444444444444,0.0,0.5,,,,,,,,10
0,9.222222222222221,8.5,0.6829686728634593,8.027430555555556,10.597569444444444,7.75,10.25,8.555555555555555,8.0,0.7198373322025272,7.221875000000001,10.083680555555556,6.5,9.5,0.6666666666666666,0.5,0.12279806626883454,0.4444444444444444,0.9027777777777778,0.5,1.0,,,,,,,,11
1,8.902777777777779,8.25,0.676950282002564,7.735416666666667,10.305555555555555,7.25,10.0,7.986111111111111,7.75,0.726615908862685,6.652777777777778,9.38888888888889,6.0,9.0,0.9166666666666666,0.75,0.1587400790550789,0.5968750000000003,1.2222222222222223,0.5,1.25,,,,,,,,11
2,8.61111111111111,7.75,0.6898099321584238,7.402777777777778,10.028472222222222,6.5,9.5,7.861111111111111,7.25,0.7399085934298867,6.555555555555555,9.528125000000001,5.5,9.0,0.75,1.0,0.11529809536003095,0.5413194444444447,0.9725694444444442,0.5,1.0,,,,,,,,11
3,8.38888888888889,7.5,0.697817206448451,7.055555555555555,9.847222222222221,6.5,9.5,7.513888888888889,6.75,0.7328694721021812,6.166666666666667,9.043402777777775,5.5,8.506249999999994,0.875,1.0,0.10978875820670998,0.6805555555555556,1.0972222222222223,0.5,1.0,,,,,,,,11
4,8.097222222222221,7.5,0.6937417079282634,6.736111111111111,9.569444444444445,6.5,9.0,7.25,6.5,0.7534313042067805,5.888541666666668,8.930555555555555,5.0,8.5,0.8472222222222222,1.0,0.12087551717596628,0.625,1.0833333333333333,0.5,1.25,,,,,,,,11
5,7.875,7.25,0.686425928673703,6.694097222222223,9.23611111111111,6.0,8.25,7.222222222222222,6.5,0.7268775481589982,5.846875000000001,8.722569444444444,5.0,8.5,0.6527777777777778,0.5,0.10694057919215766,0.4444444444444444,0.8611111111111112,0.5,1.0,,,,,,,,11
6,7.722222222222222,7.25,0.6803490130377542,6.5,9.000347222222222,5.75,8.0,6.944444444444445,6.0,0.7318648114869091,5.707986111111111,8.555555555555555,5.0,8.0,0.7777777777777778,0.75,0.13865058921855528,0.5,1.0142361111111107,0.5,1.0,,,,,,,,11
7,7.597222222222222,7.5,0.6865543841521872,6.388541666666668,8.972222222222221,5.75,8.0,6.75,6.5,0.7301608868153106,5.444444444444445,8.222222222222221,4.5,7.75,0.8472222222222222,1.0,0.12250598372888859,0.625,1.0694444444444444,0.5,1.0,,,,,,,,11
8,7.652777777777778,7.5,0.6894383049750304,6.402430555555556,9.041666666666666,5.0,8.0,6.638888888888889,6.0,0.7244623378839964,5.263888888888889,8.041666666666666,4.5,7.256249999999994,1.0138888888888888,1.0,0.12984439880578047,0.75,1.236458333333333,1.0,1.5,,,,,,,,11
9,8.36111111111111,8.0,0.6683345538259581,7.096875000000001,9.722569444444444,6.5,9.0,6.458333333333333,5.75,0.7287668972148711,5.111111111111111,7.944444444444445,4.25,7.0,1.9027777777777777,2.0,0.201993482179583,1.5416666666666667,2.3055555555555554,1.5,2.0,,,,,,,,11
10,9.32857142857143,9.5,0.6038889573001808,8.213928571428571,10.514999999999999,8.0,10.5,6.642857142857143,6.5,0.6759902256054044,5.442857142857143,8.085714285714285,4.5,7.5,2.6857142857142855,2.5,0.26967589813703113,2.1996428571428575,3.2,2.0,3.5,,,,,,,,11
11,10.82857142857143,10.5,0.6210396735398184,9.728214285714285,11.943214285714285,9.5,12.0,7.742857142857143,7.5,0.6731249801452611,6.514285714285714,9.12892857142857,5.5,9.0,3.085714285714286,2.5,0.30780171662728506,2.5428571428571427,3.7,2.4875000000000114,3.5,,,,,,,,11
12,12.442857142857143,12.5,0.6650871644939105,11.156428571428572,13.771428571428572,11.0,14.0,9.342857142857143,9.5,0.6822390930399905,8.028571428571428,10.7,7.5,10.5,3.1,2.5,0.32911901757736894,2.471071428571429,3.742857142857143,2.0,3.5,,,,,,,,11
13,13.842857142857143,14.0,0.723777273349037,12.428571428571429,15.214285714285714,13.0,15.0,11.157142857142857,11.0,0.7364380057917638,9.8,12.471785714285714,9.5,13.0,2.6857142857142855,2.0,0.3381149637201474,2.0142857142857142,3.342857142857143,1.0,3.5,,,,,,,,11
14,15.708333333333334,16.0,0.8503908998452903,13.902777777777779,17.278125,14.25,17.0,12.7,13.0,0.7520839395312471,11.227857142857143,14.157142857142857,11.5,14.0,2.6857142857142855,2.5,0.38188261774201426,1.957142857142857,3.414285714285714,1.5,4.0,,,,,,,,11
15,16.833333333333332,16.75,0.9210932083197109,15.125,18.569444444444443,15.5,18.0,14.2,15.0,0.7749220616814778,12.742857142857142,15.657499999999999,11.5,16.01249999999999,2.1142857142857143,1.5,0.3095712094712514,1.5571428571428572,2.7432142857142856,1.0,3.0,,,,,,,,11
16,16.23611111111111,16.75,0.7726695917790248,14.706944444444446,17.61145833333333,14.75,18.0,16.208333333333332,16.0,0.891399603975823,14.527777777777779,18.125,14.5,19.0,0.027777777777777776,0.0,0.42722082894482494,-0.7638888888888888,0.9444444444444444,-1.0,0.5,,,,,,,,11
17,15.88888888888889,16.5,0.7968467397381968,14.23611111111111,17.333333333333332,14.5,17.75,17.333333333333332,17.25,0.9085135251589959,15.555208333333333,19.209027777777777,15.75,19.5,-1.4444444444444444,-1.0,0.3523040814194926,-2.0694444444444446,-0.7638888888888888,-2.5,-0.5,,,,,,,,11
18,14.875,15.5,0.7685213074469699,13.36111111111111,16.444444444444443,13.25,16.5,17.541666666666668,18.0,1.0286327417792598,15.569097222222222,19.430902777777778,16.493750000000006,20.75,-2.6666666666666665,-2.0,0.4907881578369795,-3.5555555555555554,-1.7357638888888893,-4.0,-1.0,,,,,,,,11
19,13.375,13.25,0.7322976994603497,11.846874999999999,14.819791666666667,11.993750000000006,14.75,17.944444444444443,19.0,1.1264809965667875,15.846527777777778,20.22222222222222,15.25,21.0,-4.569444444444445,-4.25,0.7057453500506864,-6.014236111111111,-3.2493055555555563,-7.0,-1.25,,,,,,,,11
20,11.88888888888889,11.5,0.6941110310726882,10.583333333333334,13.23611111111111,10.25,13.5,15.63888888888889,15.5,0.9911535509455778,13.763541666666667,17.570138888888888,13.25,19.0,-3.75,-2.25,0.618337504799175,-4.958680555555555,-2.652083333333334,-5.75,-1.0,,,,,,,,11
21,10.805555555555555,11.0,0.6791327855346162,9.472222222222221,12.23611111111111,9.0,12.0,12.055555555555555,12.25,0.7839606854052205,10.624305555555557,13.626041666666666,10.25,13.5,-1.25,-1.25,0.22316269245012102,-1.6253472222222218,-0.8333333333333334,-2.0,-0.5,,,,,,,,11
22,10.083333333333334,10.0,0.6809482184354961,8.846527777777778,11.389236111111112,8.5,11.0,10.055555555555555,10.5,0.7190099503080436,8.680555555555555,11.458333333333334,8.0,11.5,0.027777777777777776,0.0,0.12270826876778067,-0.19444444444444445,0.2638888888888889,-0.5,0.006249999999994316,,,,,,,,11
23,9.472222222222221,9.0,0.6989063010423388,8.082986111111111,10.764583333333333,7.75,10.5,9.069444444444445,9.25,0.6946943994606372,7.874652777777778,10.472222222222221,7.0,10.5,0.4027777777777778,0.0,0.12250598372888859,0.18055555555555555,0.6805555555555556,0.0,0.5,,,,,,,,11
0,8.083333333333334,7.5,0.7497354030610897,6.708333333333333,9.584027777777777,6.243750000000006,9.0,8.207277777777778,7.3315,0.7504348787997689,6.829196527777779,9.8354875,6.079,9.3355,-0.12394444444444441,-0.08349999999999985,0.08061679828537495,-0.27606041666666653,0.028486805555555612,-0.0909999999999993,-0.0769999999999999,89.60486111111112,94.0205,2.4872016816101605,85.0089548611111,94.24195972222222,84.571,102.013,15
1,7.819444444444445,7.25,0.7514939559203603,6.444097222222223,9.375,5.5,9.0,7.901055555555555,7.081,0.7421020305330934,6.578770138888888,9.320745138888888,6.079,9.085,-0.08161111111111113,-0.0850000000000008,0.07165337947454715,-0.21856597222222215,0.053506944444444426,-0.1000000000000014,-0.0780000000000002,90.46669444444444,98.432,2.615888698065303,85.38190277777777,95.5415048611111,85.35499999999999,101.53999999999999,15
2,7.597222222222222,7.0,0.7535154237486852,6.332638888888889,9.167013888888889,5.5,8.5,7.803611111111113,7.081,0.750452855109836,6.425911805555555,9.25061875,5.578,8.8345,-0.2063888888888889,-0.0890000000000004,0.07000087615979766,-0.3440861111111112,-0.07029583333333335,-0.573,-0.0810000000000004,90.97858333333333,98.19,2.6000530581811487,85.96190763888889,95.56075624999998,87.128,102.013,15
3,7.402777777777778,6.5,0.7437089176180564,5.944097222222223,8.959722222222222,5.25,8.5,7.678361111111111,6.830500000000001,0.7508132565919774,6.328484722222222,9.236370138888889,5.578,8.584,-0.27558333333333335,-0.08800000000000005,0.05387435964337884,-0.3856159722222222,-0.1775270833333333,-0.5750000000000002,-0.08,91.65558333333334,97.4585,2.4294514569234797,86.55333472222222,95.9974138888889,89.4816375,102.01249999999999,15
4,7.194444444444445,6.25,0.7486171849445858,5.847222222222222,8.805902777777778,5.0,8.0,7.372111111111112,6.3294999999999995,0.7554538873007025,6.063679166666667,9.028543055555556,5.076,8.083,-0.17766666666666653,-0.0830000000000001,0.055789926268241946,-0.2870673611111109,-0.07976805555555545,-0.0879999999999991,-0.07749999999999965,92.90408333333335,99.87450000000001,2.4032423823273183,87.70897638888889,97.17940347222219,91.771,102.484,15
5,7.069444444444445,6.25,0.7559690453522975,5.763541666666668,8.569791666666667,5.0,7.75,7.316444444444446,6.58,0.7419528912060113,5.980080555555556,8.84697638888889,4.8255,7.582,-0.24699999999999994,-0.0879999999999991,0.05945631983442944,-0.3589006944444443,-0.13588402777777772,-0.5739999999999998,-0.0819999999999998,93.34841666666665,100.591,2.3976889012676152,88.63559583333334,97.73132013888889,93.7707875,102.953,15
6,6.944444444444445,6.25,0.7412927837107669,5.611111111111111,8.472222222222221,4.75,7.5,7.191166666666667,6.58,0.7519906761284524,5.785943055555555,8.707475,4.575,7.582,-0.2467222222222222,-0.0830000000000001,0.05657971776247322,-0.35839097222222216,-0.13488749999999983,-0.573,-0.0789999999999997,92.83744444444443,100.829,2.475067635261341,87.64097152777778,97.05509027777778,91.267,102.484,15
7,6.819444444444445,6.25,0.7583275190195149,5.485416666666667,8.250694444444443,5.0,7.25,7.135555555555555,6.3294999999999995,0.7632123239958316,5.855138194444446,8.81979722222222,4.8255,7.582,-0.316111111111111,-0.08749999999999941,0.06146628676901734,-0.426936111111111,-0.19202708333333315,-0.574025,-0.08050000000000021,93.29186111111112,100.59049999999999,2.355852813992183,88.53866180555558,97.52498263888887,89.745,102.953,15
8,6.888888888888889,6.5,0.7640512093053168,5.555555555555555,8.583333333333334,4.0,7.5,10.5585,9.836500000000001,0.9077337317615655,8.846170138888892,12.227455555555554,8.083,11.59,-3.669611111111111,-1.834,0.6384343576377651,-4.961590277777778,-2.461084722222222,-4.590999999999999,-1.073,84.31452777777777,87.9505,3.150577080796699,77.70872777777778,90.67281597222222,75.4069125,100.351,15
9,7.888888888888889,7.25,0.7443200559430144,6.486111111111111,9.334722222222222,5.5,9.0,13.465166666666665,12.8415,1.095109411436078,11.421272222222221,15.661359027777776,10.588000000000001,14.850762499999995,-5.5762777777777774,-4.594500000000001,0.9220334873331167,-7.579004861111112,-3.8369083333333345,-6.5920000000000005,-1.09,75.58397222222222,72.65350000000001,3.543266205404119,68.36963194444444,81.68213333333334,62.900987500000014,89.2065,15
10,9.042857142857143,9.0,0.6946286803763868,7.756785714285715,10.4,7.5,10.5,14.3346,13.593,1.0634649996018444,12.245685714285715,16.439006428571428,11.089,18.098,-5.291742857142857,-4.589,0.7837939955543081,-6.907547142857142,-3.7472528571428563,-6.600000000000001,-2.082,72.66071428571428,68.709,3.7007863113085557,65.41515,79.33847357142857,60.002,80.323,15
11,10.885714285714286,10.5,0.7492533298030034,9.456785714285715,12.386071428571428,9.0,13.0,15.278942857142859,15.095,0.9895140305779823,13.275807857142857,17.06783142857143,13.58047500000001,17.598,-4.393228571428572,-4.099,0.5318886234044519,-5.3527578571428585,-3.475534285714286,-5.597999999999999,-2.5920000000000005,71.01588571428573,65.267,3.765001935734753,64.172185,79.14349571428572,60.002,79.785,15
12,12.857142857142858,12.0,0.7990465506815372,11.3,14.343214285714286,11.5,14.5,15.793999999999999,15.596,0.944376517456194,14.062314285714287,17.581975714285715,13.593,18.098,-2.936857142857143,-2.6000000000000014,0.3872686647890467,-3.681228571428572,-2.2333121428571436,-4.096,-1.5810000000000004,68.72088571428571,62.942,3.5821289941469554,61.91915214285714,75.45764642857142,53.4,68.709,15
13,14.728571428571428,15.0,0.8933326464911683,13.056785714285715,16.47142857142857,12.987500000000011,17.0,16.5378,17.097,0.9202996368099929,14.720505000000003,18.154308571428572,15.095,18.098,-1.8092285714285712,-2.093,0.22976498802883258,-2.253172142857143,-1.3508007142857146,-2.1000000000000014,-1.097999999999999,67.15154285714286,63.526,3.40541266403074,60.396531428571436,73.70136642857145,52.791,70.972,15
14,16.75,16.5,0.9762049940848442,14.803472222222224,18.528125,14.493750000000006,18.5,16.859277777777777,16.597,0.8744849718830979,15.078772222222222,18.51350555555556,14.8445,19.099,-0.10927777777777781,-0.5834999999999997,0.2513427389016621,-0.6094124999999999,0.417227777777778,-1.0939999999999994,0.16249999999999926,65.01225,58.815,3.1218367630608768,59.33618263888889,70.94820138888888,55.5205,67.567,15
15,17.791666666666668,17.0,1.0197212115114351,15.735763888888888,19.916666666666668,15.5,19.0,16.26166666666667,16.096,0.7900187239091135,14.605328472222222,17.74977916666667,14.8445,17.5975,1.5299999999999998,0.6574999999999998,0.4027108301230707,0.8513222222222222,2.3640694444444437,0.16200000000000042,1.6534999999999993,66.04827777777778,64.976,3.1691265635144945,59.55230069444445,72.1147236111111,56.424,71.535,15
16,16.930555555555557,17.5,0.9279933928716324,15.027083333333335,18.76423611111111,15.5,19.5,14.565305555555552,14.094,0.7402020110576041,13.131786805555558,15.873032638888889,13.342500000000001,15.846,2.36525,2.1565000000000003,0.45066848297570034,1.5592812500000002,3.2669486111111117,0.4240000000000004,2.9059999999999997,71.60175,68.709,3.1964749645520354,65.45362500000002,77.07623124999999,64.108,75.701,15
17,16.5,16.75,0.9938301729663941,14.444097222222222,18.41701388888889,14.75,19.5,13.814333333333332,13.342500000000001,0.7401136442122969,12.32635833333333,15.302120138888888,12.091,15.596,2.685666666666666,2.4044999999999996,0.5854979836761942,1.602527083333334,3.823904861111111,0.4193374999999999,3.4060000000000006,73.45013888888889,70.1265,3.0564750610229425,67.99351041666667,78.88609374999999,64.107,79.514,15
18,14.805555555555555,15.0,0.8774688023617511,13.194097222222222,16.36145833333333,13.5,17.0,12.20083333333333,11.59,0.7381590931671823,10.754298611111112,13.578636111111113,10.8385,14.094,2.6047222222222226,1.6625000000000005,0.532715094960326,1.589316666666667,3.5785513888888882,0.4199999999999999,3.405,78.06586111111112,77.6175,3.07141144953033,71.5667125,83.8115263888889,68.708,85.618,15
19,12.305555555555555,12.25,0.7609720646943289,10.819097222222222,13.847222222222221,11.0,14.0,11.157388888888887,10.8385,0.7512953874283242,9.807694444444445,12.603806944444445,9.3355,12.591,1.1481666666666668,0.9090000000000007,0.2492525986554763,0.6754597222222225,1.6224583333333327,0.4060000000000006,0.92,81.97972222222222,81.66050000000001,2.8231043584023485,76.10102013888888,87.26275763888887,72.095,93.021,15
20,10.652777777777779,10.75,0.7463720306341033,9.194097222222222,12.000347222222222,9.25,12.0,9.932916666666666,9.586,0.7365352989687487,8.596958333333335,11.42216527777778,8.3335,11.089,0.7198611111111114,0.6635000000000004,0.16332836801382658,0.4155756944444446,1.0269972222222221,-0.0759999999999996,0.9135,85.50794444444446,86.136,2.599164375468675,80.59397291666664,90.51490833333332,80.5843,95.752,15
21,9.51388888888889,9.5,0.7214090354803321,8.13888888888889,11.014583333333333,7.75,10.75,9.125805555555555,8.584,0.7334338955069387,7.845670138888887,10.600121527777777,7.3315,10.337499999999999,0.3880833333333333,0.41250000000000053,0.12598410314810252,0.1524319444444444,0.6380319444444443,-0.07902499999999968,0.42353749999999973,88.43897222222222,89.7415,2.3210198027119735,83.7294777777778,92.65882361111112,86.65897500000001,96.9605,15
22,8.88888888888889,8.5,0.7368183185615714,7.527430555555556,10.403125000000001,7.0,10.0,8.680472222222223,7.8325,0.745183449754138,7.344738194444445,10.169957638888889,6.824237500000006,10.087,0.20841666666666667,-0.06950000000000006,0.09004729246874876,0.01635416666666662,0.38842361111111123,-0.0850000000000008,0.4180000000000001,89.39333333333335,93.5245,2.470285697120239,84.64940069444444,94.01569513888889,86.139,100.351,15
23,8.375,7.75,0.7422549833564341,6.985763888888889,9.806249999999999,6.5,9.0,8.374222222222222,7.582000000000001,0.7549008755607577,6.938814583333335,9.919781249999996,6.58,9.3355,0.0007777777777777723,-0.08050000000000021,0.07859085442078527,-0.15136875,0.15592222222222193,-0.08702499999999969,0.4100000000000001,89.76530555555557,95.50450000000001,2.451101292104806,85.00963958333334,94.35023611111112,84.045,100.829,15
0,7.944444444444445,7.0,0.7394168062763248,6.638888888888889,9.417013888888889,6.0,8.75,7.2818055555555565,6.322,0.7993539006244746,5.903219444444445,8.799836805555557,5.068,8.078,0.6626388888888889,0.6779999999999999,0.12794361452011846,0.41167500000000007,0.9033298611111111,0.42547499999999994,0.9325000000000001,92.87838888888888,98.947,2.409883518978478,88.19936666666666,97.01782916666666,87.9065,104.132,16
1,7.652777777777778,6.75,0.727252779257853,6.430208333333334,9.139583333333333,5.5,8.25,7.058916666666667,6.071,0.776620755208509,5.65227638888889,8.702426388888888,5.3185,8.078,0.5938611111111113,0.431,0.11892357925500675,0.36990208333333313,0.8172993055555556,0.4220000000000006,0.931,93.52466666666666,99.99350000000001,2.4004756516091255,89.1805041666667,97.9917673611111,89.0175,104.132,16
2,7.333333333333333,6.5,0.7418873400974203,5.944097222222223,8.917013888888889,5.0,8.0,6.975166666666666,6.071,0.7960284727100403,5.540552777777777,8.577490277777777,4.566,8.078,0.35816666666666663,0.431,0.1012786310685088,0.15690347222222215,0.5406590277777776,-0.05,0.43800000000000017,93.20197222222221,101.814,2.5124186198574723,88.62331041666665,97.75848125,91.46577500000001,104.132,16
3,7.208333333333333,6.25,0.7425222459389925,5.887847222222224,8.750347222222222,5.0,8.0,6.849749999999999,5.82,0.7981697857877386,5.428169444444445,8.604007638888888,4.566,7.577,0.3585833333333334,0.42100000000000026,0.09927218775621281,0.17164236111111114,0.539627777777778,-0.0629999999999997,0.9249999999999998,94.66191666666664,99.9915,2.387821109254541,90.02122986111111,99.02045208333332,95.23235000000001,104.1315,16
4,6.986111111111111,5.75,0.745751488223087,5.638888888888889,8.430902777777778,5.0,7.5,6.571027777777777,5.569,0.7937861797639861,5.108745138888889,8.298238888888887,4.566,7.577,0.41508333333333336,0.4225000000000003,0.11286182291381162,0.20823888888888897,0.6409486111111112,-0.0659999999999998,0.6764999999999998,95.64800000000001,102.589,2.313334782488911,91.2165048611111,99.97907569444445,96.307,105.4085,16
5,6.819444444444445,6.0,0.7338614921048495,5.513541666666668,8.361805555555554,4.5,7.0,6.487472222222221,5.3185,0.7830660217519329,5.1911000000000005,8.075804166666668,4.3145,7.075,0.3319722222222223,0.423,0.10810660146143457,0.12210416666666665,0.5409756944444446,-0.0659999999999998,0.439,96.20625,102.59,2.3651341330381044,91.22390416666666,100.64762013888888,96.0395,105.154,16
6,6.625,6.0,0.7360811614152859,5.360763888888889,8.167013888888889,4.0,7.0,6.3341666666666665,5.3185,0.7830721139935233,4.969272916666667,7.978502777777778,4.566,6.824,0.29083333333333333,0.4204999999999996,0.10198598954509419,0.09365486111111117,0.4879166666666667,-0.06349999999999985,0.431,96.569,103.619,2.3778904639890706,92.13162638888889,100.67256944444443,99.994,105.663,16
7,6.513888888888889,6.0,0.737995491638677,5.221875000000001,7.944791666666666,4.25,6.75,6.236444444444444,5.3185,0.7857624297098726,4.8566062500000005,7.865992361111109,4.063,6.573,0.27744444444444444,0.42249999999999943,0.11868315458251792,0.06571805555555552,0.5050208333333331,-0.0730000000000004,0.439,97.73005555555557,103.8755,2.285937706571313,92.94593958333334,101.83440694444444,101.0335,105.663,16
8,6.5,6.0,0.7416198487095663,5.111111111111111,8.028125000000001,4.5,7.0,6.626777777777779,6.573,0.7905528868096261,5.205065277777778,8.091088888888887,4.063,7.075,-0.12677777777777785,-0.07400000000000025,0.10634278291428217,-0.3242444444444445,0.07012569444444439,-0.5629999999999997,-0.0609999999999999,97.34177777777778,104.643,2.3376388980415013,92.32071180555556,101.55165972222223,97.895,106.171,16
9,7.277777777777778,7.25,0.7420061942058562,5.888888888888889,8.819791666666667,4.993750000000006,8.0,7.811638888888889,7.577,0.7725923956177111,6.4046875,9.32999375,5.569,9.082,-0.5338611111111112,-0.558,0.1450663567528737,-0.8235097222222222,-0.2687256944444447,-0.819,-0.0830000000000001,95.59766666666665,102.589,2.4906675630287975,90.82816805555557,100.29794652777777,95.92475000000005,105.154,16
10,8.944444444444445,8.5,0.7256025896906548,7.513541666666668,10.389236111111112,7.5,10.0,9.567055555555553,8.831,0.7941434738475622,8.074385416666667,11.113651388888888,8.078,11.088,-0.6226111111111112,-0.5839999999999996,0.1535534821145015,-0.9311583333333334,-0.3409020833333334,-1.0715,-0.0850000000000008,91.46233333333333,101.814,2.934642053021983,85.82528888888888,97.0977173611111,82.064,105.15350000000001,16
11,10.914285714285715,10.5,0.6946632441759989,9.657142857142857,12.214285714285714,9.5,13.5,11.472257142857142,11.088,0.8034322092510012,9.996563571428572,12.961896428571428,10.085,14.095,-0.5579714285714287,-0.5800000000000001,0.1968475479116962,-0.9768557142857145,-0.19895714285714305,-0.5960000000000001,-0.0850000000000008,86.69214285714285,84.311,3.482100151119288,79.71087000000003,93.506455,74.62,105.663,16
12,12.857142857142858,13.0,0.7303652328454167,11.613214285714287,14.285714285714286,11.0,14.0,13.09057142857143,13.093,0.8229748521084232,11.571329285714286,14.69356,10.085,15.097,-0.23342857142857174,-0.096,0.19935874629393502,-0.6354407142857147,0.11172999999999964,-0.5939999999999994,0.3979999999999997,79.50420000000001,75.201,3.8849360586109776,72.17238,87.13385714285714,65.164,101.555,16
13,14.6,15.0,0.7970006800709855,13.028214285714286,16.143571428571427,13.0,17.0,15.3236,16.099,0.8785848296306641,13.591322857142858,16.969788571428573,13.093,18.102,-0.7236000000000001,-0.5879999999999992,0.22000124216608835,-1.1376599999999997,-0.3102735714285715,-1.1060000000000016,-0.0850000000000008,73.66171428571428,70.523,3.8804258673352794,66.30903071428571,80.96694571428573,61.533,79.797,16
14,16.541666666666668,16.5,0.8813263363312768,14.832986111111111,18.180902777777778,15.5,19.5,18.154611111111112,18.8535,0.9985048936600859,16.220315972222227,20.101555555555557,17.101,20.105,-1.6129444444444443,-1.596,0.2986045347374765,-2.197715972222222,-1.0538395833333332,-2.1069999999999998,-0.6054999999999993,61.56897222222223,58.778999999999996,4.0869442915265495,53.88756111111111,69.9022347222222,52.571,63.956500000000005,16
15,17.75,17.5,0.9961234385164847,15.75,19.722916666666666,16.25,19.0,19.211,18.8535,1.0708402449285936,17.13785208333333,21.312291666666667,18.102,22.106,-1.461,-1.602500000000001,0.48831385139100597,-2.451796527777778,-0.515009722222222,-2.3535375000000003,-0.6054999999999993,59.508805555555554,54.759,4.100794327587488,51.73082708333334,67.90413333333333,49.418499999999995,61.533,16
16,16.72222222222222,17.5,0.8889632905370157,15.01388888888889,18.472916666666666,15.493750000000006,18.75,18.68111111111111,19.104,1.2600845479178113,16.30130902777778,21.08514652777778,16.6,20.6055,-1.9588888888888887,-0.8554999999999993,0.591065399085814,-3.1679027777777775,-0.8745000000000003,-2.1029999999999998,0.1445250000000007,63.05002777777778,53.51,4.287871257189507,54.65559375,71.2784361111111,49.101974999999996,67.558,16
17,16.52777777777778,17.0,0.9511781425718978,14.763541666666667,18.38923611111111,15.5,19.0,18.43108333333333,18.102,1.2155814275252992,16.243868750000004,20.766921527777775,15.097000000000001,21.856,-1.9033055555555558,-1.5979999999999999,0.4513819429746417,-2.7381020833333336,-1.1057340277777792,-2.849500000000001,-0.6005000000000003,61.934361111111116,56.621,4.1509628867943515,54.54658888888889,69.67127361111113,47.193,67.55799999999999,16
18,15.055555555555555,15.5,0.8730483399446278,13.36111111111111,16.640277777777776,14.0,17.0,15.969555555555555,15.848500000000001,1.1270122282434336,13.812810416666668,18.08603333333333,12.5919875,19.604,-0.9140000000000001,-0.09799999999999985,0.4441626507457153,-1.788798611111111,-0.04903333333333337,-1.106999999999999,0.4030000000000004,67.31508333333335,61.8365,4.0551591747231415,59.265552777777785,75.63266944444445,53.511,69.933,16
19,13.277777777777779,13.25,0.827705866696418,11.722222222222221,14.86111111111111,12.0,14.756249999999994,12.783722222222224,13.093,0.913359570887568,11.112179166666667,14.566028472222222,10.837,14.596,0.4940555555555556,0.4145000000000003,0.19675755746540735,0.11554861111111119,0.8415652777777777,0.15050000000000008,0.9174999999999995,75.62647222222222,67.856,3.471444554650082,68.73695138888888,82.14275069444444,63.354,83.7285,16
20,11.125,11.0,0.7368893759452312,9.749305555555557,12.569791666666667,9.25,12.5,9.804027777777776,9.5835,0.7961922630993246,8.398073611111112,11.419275,7.577,10.586,1.3209722222222222,1.4089999999999998,0.18416611931015883,0.9709937499999999,1.684445833333333,0.9149874999999992,1.446,84.09777777777776,81.7815,2.8300792686500906,78.71038263888887,89.39855555555555,74.02441250000001,93.12868749999997,16
21,9.61111111111111,9.5,0.7132841302320676,8.387847222222224,11.083680555555556,8.0,10.5,8.550194444444445,8.078,0.7586277710125692,7.171290972222223,9.970700694444444,6.573,10.085,1.0609166666666665,0.9199999999999999,0.16798145860929992,0.7371416666666667,1.3931409722222219,0.439,1.4139999999999997,89.14949999999999,90.3835,2.38979219276555,84.42298402777777,93.7186875,82.628,98.924,16
22,8.916666666666666,8.25,0.7061240054771619,7.665972222222223,10.51388888888889,6.75,10.0,7.9649166666666655,7.075,0.7810476616709043,6.585798611111111,9.511429166666668,6.071,9.082,0.95175,0.9119999999999999,0.1758475321507017,0.6439590277777776,1.2854027777777777,0.4249999999999998,1.1760874999999997,89.96972222222222,93.9015,2.480063439284322,85.13792013888889,94.59426875000001,86.2595,102.59,16
23,8.25,7.5,0.7252531030557977,7.013888888888889,9.765277777777778,6.0,9.0,7.518888888888889,6.573,0.7868284345151438,6.083477777777778,9.105903472222222,5.3185,8.58,0.7311111111111112,0.9154999999999998,0.14913433157263126,0.4512194444444444,1.0221208333333334,0.42349999999999977,0.9295625,92.00052777777779,95.2355,2.3920764581685066,87.11398750000001,96.80344444444445,85.427,102.593125,16
0,9.180555555555555,8.5,0.7204916690357438,7.972222222222222,10.61111111111111,7.5,10.25,7.2818055555555565,6.322,0.7993539006244746,5.84666388888889,9.022779861111111,5.068,8.078,1.8987500000000002,1.9300000000000002,0.18250864460935226,1.5484840277777776,2.2608916666666663,1.4320000000000004,2.4220000000000006,,,,,,,,17
1,8.722222222222221,7.75,0.728241098127374,7.513541666666668,10.153819444444444,6.993750000000006,9.5,7.058916666666667,6.071,0.776620755208509,5.735025694444444,8.633384027777774,5.068,7.8275,1.6633055555555556,1.427,0.1783389710699621,1.313895833333333,2.0253590277777773,1.4170000000000007,1.9390000000000003,,,,,,,,17
2,8.297297297297296,7.5,0.7090839847258518,7.013513513513513,9.825675675675674,6.0,9.5,6.896459459459458,6.071,0.7782057504811785,5.419258783783783,8.467698648648648,4.566,7.577,1.4008378378378377,1.431,0.12529430527044508,1.1672709459459458,1.632304054054054,0.9320000000000004,1.9220000000000008,,,,,,,,17
3,8.0,7.0,0.7311113523423156,6.694444444444445,9.486458333333333,5.993750000000006,8.5,6.849749999999999,5.82,0.7981697857877386,5.469178472222223,8.506954861111113,4.566,7.577,1.15025,0.9345000000000003,0.126451913032282,0.9083812500000003,1.3914381944444443,0.9179999999999992,1.4345000000000003,,,,,,,,17
4,7.819444444444445,7.0,0.7330499392291633,6.485763888888889,9.347222222222221,5.75,8.5,6.571027777777777,5.569,0.7937861797639861,5.14976875,8.188559722222221,4.3145,7.577,1.2484166666666665,0.943,0.12584197936237837,0.9964555555555555,1.4614750000000003,0.923,1.439,,,,,,,,17
5,7.583333333333333,7.0,0.7293452162347022,6.291319444444445,9.07048611111111,5.5,8.0,6.487472222222221,5.3185,0.7830660217519329,5.09452361111111,8.034425694444442,4.3145,7.075,1.0958611111111112,0.9249999999999998,0.1317653346563791,0.854709027777778,1.3622048611111113,0.6834999999999999,1.431,,,,,,,,17
6,7.444444444444445,6.5,0.7264224627283086,6.013541666666668,8.944791666666667,5.0,7.75,6.3341666666666665,5.3185,0.7830721139935233,4.899525000000001,8.033069444444443,4.0634999999999994,6.824,1.1102777777777781,0.9355000000000002,0.13350483381719674,0.8433027777777778,1.3651284722222221,0.9239999999999999,1.423,,,,,,,,17
7,7.236111111111111,6.5,0.7271618319232634,5.971875000000001,8.722222222222221,4.75,7.5,6.236444444444444,5.3185,0.7857624297098726,4.759900694444445,7.767959027777779,4.063,6.573,0.9996666666666668,0.9319999999999999,0.13943787943820082,0.7328034722222222,1.254067361111111,0.434975,1.4320000000000004,,,,,,,,17
8,7.180555555555555,6.5,0.7405898490493853,5.957986111111111,8.667708333333332,4.75,7.5,6.626777777777779,6.573,0.7905528868096261,5.246911805555556,8.158252083333332,3.812,7.075,0.5537777777777777,0.4300000000000001,0.11977681700000448,0.3414680555555555,0.7779375,0.4099749999999997,0.9179999999999992,,,,,,,,17
9,7.527777777777778,7.0,0.7394615277146049,6.166666666666667,9.13888888888889,5.25,8.0,7.811638888888889,7.577,0.7725923956177111,6.362111111111112,9.482328472222225,5.569,9.082,-0.28386111111111123,-0.07950000000000029,0.17158516860082706,-0.6064270833333331,0.038680555555555426,-0.5800000000000001,-0.0609999999999999,,,,,,,,17
10,8.071428571428571,8.0,0.6755461087283438,6.913928571428572,9.414285714285715,6.0,9.5,9.223085714285713,8.58,0.7365370042349827,7.918138571428571,10.784463571428569,8.078,11.088,-1.1516571428571432,-1.08,0.24970924249277304,-1.6535150000000003,-0.7081935714285714,-1.5939999999999994,-0.0850000000000008,,,,,,,,17
11,9.571428571428571,9.0,0.6900075682031837,8.32857142857143,11.000714285714285,8.0,10.5,11.472257142857142,11.088,0.8034322092510012,9.810249285714287,13.077330714285715,10.085,14.095,-1.9008285714285718,-1.5950000000000006,0.30879497287052465,-2.503717142857143,-1.3255807142857143,-2.5939999999999994,-1.0890000000000004,,,,,,,,17
12,10.985714285714286,10.5,0.7030801723071676,9.67142857142857,12.342857142857143,9.5,13.0,13.09057142857143,13.093,0.8229748521084232,11.458425000000002,14.638402142857142,10.085,15.097,-2.1048571428571434,-2.08,0.3588269149073754,-2.793927142857143,-1.3724557142857148,-3.103999999999999,-1.0709999999999995,,,,,,,,17
13,12.6,13.0,0.7031740762518233,11.271428571428572,13.914642857142857,11.0,15.0,15.3236,16.099,0.8785848296306641,13.548675,17.04176357142857,13.093,18.102,-2.7236000000000007,-2.6020000000000003,0.347531088507189,-3.383402857142857,-2.0203964285714284,-4.086,-1.596,,,,,,,,17
14,14.028571428571428,14.5,0.7226651354252421,12.599285714285715,15.472499999999998,12.0,16.5,17.898828571428574,18.603,0.9931699597166405,16.12410285714286,19.731311428571424,17.101,19.61652499999999,-3.870257142857142,-4.103999999999999,0.4524286495450655,-4.701162857142858,-3.039221428571429,-5.102,-2.6038749999999995,,,,,,,,17
15,15.708333333333334,15.5,0.8386437936921806,14.138541666666667,17.222916666666666,14.25,18.0,19.211,18.8535,1.0708402449285936,17.166347916666666,21.116247916666666,18.102,22.106,-3.502666666666667,-4.1035,0.5203532270990361,-4.451069444444445,-2.5138451388888896,-5.1065000000000005,-1.5980000000000008,,,,,,,,17
16,16.75,16.75,0.9401747557920132,14.915972222222223,18.430555555555557,15.493750000000006,18.75,18.68111111111111,19.104,1.2600845479178113,16.273412499999996,21.104327083333335,15.848500000000001,20.6055,-1.9311111111111114,-1.3554999999999993,0.7750460639436652,-3.4309388888888885,-0.49524097222222235,-3.5969999999999995,0.6540000000000008,,,,,,,,17
17,16.34722222222222,16.5,0.8425253621646368,14.73611111111111,17.917361111111113,14.5,18.5,18.43108333333333,18.102,1.2155814275252992,16.02438541666666,20.90736805555555,15.097,22.106,-2.083861111111111,-0.6065000000000005,0.6037935276665592,-3.264651388888889,-0.980910416666667,-3.103000000000001,-0.5920000000000005,,,,,,,,17
18,16.055555555555557,16.0,0.8648281271988997,14.485416666666667,17.680902777777778,14.75,18.006249999999994,15.969555555555555,15.848500000000001,1.1270122282434336,13.823984722222223,17.972065277777777,12.592,19.604,0.08600000000000001,0.4189999999999996,0.6005879262379964,-1.0972125,1.2852562499999993,-0.6069999999999993,1.4075624999999996,,,,,,,,17
19,14.944444444444445,15.0,0.8490839549833864,13.333333333333334,16.59722222222222,13.25,16.5,12.783722222222224,13.093,0.913359570887568,10.945995833333333,14.637243055555556,10.329225000000005,14.596,2.1607222222222218,1.9385000000000003,0.3122071824598874,1.5609333333333328,2.8298180555555557,1.1600000000000001,2.91,,,,,,,,17
20,13.26388888888889,13.0,0.7964420163210577,11.735763888888888,14.750347222222222,12.0,14.5,9.804027777777776,9.5835,0.7961922630993246,8.215999305555556,11.544290277777778,7.577,10.586,3.4598611111111115,3.4130000000000003,0.3203129103860235,2.8915076388888896,4.084264583333334,2.414999999999999,4.411,,,,,,,,17
21,11.847222222222221,11.5,0.7537786937981107,10.333333333333334,13.319791666666667,10.0,13.0,8.550194444444445,8.078,0.7586277710125692,7.12875625,10.192447222222217,6.573,9.5835,3.297027777777778,2.9199999999999995,0.3590495201423643,2.572961111111111,4.006593055555555,1.945,3.675,,,,,,,,17
22,10.708333333333334,11.0,0.7153018565834609,9.305555555555555,12.09861111111111,9.0,12.0,7.9649166666666655,7.075,0.7810476616709043,6.571160416666668,9.581405555555556,6.071,9.082,2.7434166666666666,2.441,0.30227433764448597,2.1766784722222225,3.3399048611111106,1.9179999999999997,2.952,,,,,,,,17
23,9.819444444444445,9.25,0.7316953508255694,8.48611111111111,11.180555555555555,7.75,11.0,7.518888888888889,6.573,0.7868284345151438,6.055179166666666,9.105837500000002,5.068,8.329,2.300555555555556,2.4280000000000004,0.25449226590189356,1.8539215277777776,2.8299180555555554,1.92,2.92,,,,,,,,17
0,8.527777777777779,7.75,0.7474678005605188,7.027430555555556,9.91736111111111,6.5,9.5,7.765944444444443,7.002,0.7742594700072732,6.444999305555555,9.434989583333333,5.5,9.005,0.7618333333333334,0.7475000000000005,0.11716914581133864,0.5249368055555553,0.9972777777777776,0.49648749999999975,0.9990000000000001,,,,,,,,18
1,8.222222222222221,7.5,0.7422735463672973,6.832986111111111,9.778125000000001,6.5,9.0,7.557361111111111,7.002,0.7647764370423574,6.180322916666667,9.184174999999998,5.249499999999999,8.504,0.6648611111111111,0.5015000000000001,0.1128616877419646,0.4421875,0.8746409722222223,0.4949999999999992,0.9949999999999992,,,,,,,,18
2,7.972222222222222,7.0,0.7416049852479558,6.611111111111111,9.486805555555554,6.0,9.0,7.334833333333332,6.7515,0.7746565788008032,5.999785416666667,9.044539583333334,4.999,8.504,0.6373888888888888,0.4979999999999998,0.10866616475035835,0.41474513888888886,0.8604208333333332,0.4939874999999998,0.9965000000000002,,,,,,,,18
3,7.666666666666667,7.25,0.7472170590486632,6.388888888888889,9.222222222222221,5.5,8.5,7.209666666666667,6.501,0.7646798375583431,5.791628472222222,8.836045138888888,4.999,8.003,0.45699999999999996,0.5,0.09647526206482254,0.26202222222222216,0.6377513888888887,0.00499999999999985,0.9935,,,,,,,,18
4,7.569444444444445,7.0,0.7440645500719151,6.305208333333334,9.139583333333333,5.25,9.0,6.945361111111111,5.75,0.7666198289551779,5.581827777777779,8.558654861111112,4.498,8.003,0.6240833333333333,0.5045000000000001,0.10251483342145452,0.4175541666666667,0.8200374999999998,0.49350000000000005,0.997,,,,,,,,18
5,7.319444444444445,6.5,0.7480537651974637,6.040972222222223,8.944444444444445,5.0,8.5,6.889777777777778,6.250500000000001,0.7661813206084984,5.513232638888889,8.489393055555556,4.498,7.503,0.42966666666666664,0.4969999999999999,0.11137626061495974,0.2212465277777777,0.6385048611111109,0.0,0.503025,,,,,,,,18
6,7.138888888888889,6.5,0.7439200948917661,5.805555555555555,8.653125000000001,4.5,7.75,6.736833333333333,6.0,0.7605604298544052,5.443693750000001,8.294118750000003,4.498,7.503,0.40205555555555544,0.4980000000000002,0.09107654154475281,0.2212486111111109,0.5696118055555554,0.0019999999999997,0.5030000000000001,,,,,,,,18
7,6.944444444444445,6.5,0.7391484208242988,5.708333333333333,8.500347222222222,4.5,7.75,6.653361111111111,6.0,0.7746454992116418,5.275708333333333,8.197614583333332,4.2475000000000005,7.503,0.2910833333333333,0.4944999999999995,0.10648706140199261,0.06958055555555555,0.49900625000000004,-0.0024999999999999,0.5020125000000002,,,,,,,,18
8,6.875,6.5,0.7515526257065098,5.541319444444445,8.48611111111111,4.75,7.25,7.001027777777777,7.002,0.7788060963373616,5.609672916666669,8.558306250000001,3.997,8.003,-0.12602777777777774,-0.0040000000000004,0.1237390654852399,-0.3481527777777776,0.11055763888888882,-0.4969999999999999,0.0030000000000001,,,,,,,,18
9,6.958333333333333,7.0,0.7560273678593791,5.582638888888889,8.5,4.5,7.5,8.266777777777778,8.003499999999999,0.754254117119847,6.931277083333333,9.893786111111112,6.0,9.505,-1.3084444444444445,-1.2555,0.20165043399622076,-1.7002374999999996,-0.9210076388888893,-2.0,-0.5050000000000008,,,,,,,,18
10,7.958333333333333,7.5,0.7287668972148711,6.596875000000001,9.306249999999999,6.0,9.0,9.490114285714286,9.005,0.7314461912596738,8.088341428571429,11.020585714285714,7.503,11.007,-1.8758285714285714,-1.999,0.2671792791420793,-2.4476907142857134,-1.374191428571429,-2.503,-1.0050000000000008,,,,,,,,18
11,9.36111111111111,9.25,0.7388351812441606,8.0,10.792013888888889,7.75,10.5,11.306228571428571,10.506,0.7789807120358563,9.759841428571429,12.794084285714286,10.006,13.509,-2.277657142857143,-2.5010000000000003,0.29560920700361504,-2.8777850000000003,-1.7044207142857142,-2.5120000000000005,-1.5079999999999991,,,,,,,,18
12,10.685714285714285,10.5,0.6966563945395328,9.47107142857143,12.071785714285713,9.0,12.5,12.7648,12.508,0.7875483667153189,11.234113571428571,14.237629285714284,11.507,14.51,-2.079085714285714,-2.506,0.3024033267886138,-2.7077685714285713,-1.4920678571428574,-2.5120000000000005,-1.00985,,,,,,,,18
13,12.3,12.0,0.7276646193950396,10.942142857142859,13.714642857142856,10.5,14.0,14.080285714285717,14.01,0.81552570720465,12.449069999999999,15.738747857142856,12.008,16.011,-1.780285714285714,-1.5109999999999992,0.2541616522967209,-2.3230785714285713,-1.3238978571428568,-2.011024999999999,-1.0050000000000008,,,,,,,,18
14,13.771428571428572,13.5,0.7760443917452041,12.271428571428572,15.200357142857142,12.5,16.0,15.352514285714287,15.511,0.8415614662427136,13.65082857142857,17.011461428571426,14.51,18.012,-1.5810857142857142,-1.5069999999999997,0.24978273709425983,-2.0956864285714287,-1.1244821428571428,-2.01,-1.0079999999999991,,,,,,,,18
15,15.625,15.5,0.867942056071955,13.874652777777778,17.22222222222222,14.0,17.25,16.09352777777778,16.011,0.8309706405965915,14.509347916666668,17.636456944444447,15.003762500000006,18.012,-0.4685277777777778,-0.5060000000000002,0.28619649839269495,-1.0256395833333336,0.10172152777777729,-1.0114999999999998,0.2375000000000007,,,,,,,,18
16,16.88888888888889,16.25,0.9299067864002812,15.096874999999999,18.75,15.0,19.0,15.45388888888889,16.011,0.8959265442340345,13.674272916666666,17.164563888888893,13.7595,16.511,1.4350000000000003,1.4879999999999995,0.34209990418654673,0.7261173611111105,2.0464374999999992,0.49543749999999925,1.9891250000000007,,,,,,,,18
17,16.055555555555557,16.75,0.835183132131828,14.430208333333333,17.59722222222222,15.5,18.0,14.981499999999999,15.2605,0.8657662130819647,13.395999305555558,16.677800694444443,13.502750000000006,16.511499999999998,1.0740555555555555,0.9915000000000003,0.2468633705541193,0.5616923611111108,1.5604798611111106,0.5030000000000001,1.4890000000000008,,,,,,,,18
18,15.791666666666666,16.0,0.8849210797920443,14.151736111111113,17.597569444444442,15.25,17.75,12.716055555555556,12.508,0.7477465234983577,11.172595138888889,14.106035416666664,11.257,14.01,3.0756111111111117,2.9935,0.39248192209460536,2.2973125000000003,3.8249472222222223,1.99,3.9991874999999943,,,,,,,,18
19,13.75,13.5,0.7866696932952268,12.165972222222223,15.168402777777775,12.5,15.25,11.353666666666665,11.007,0.7586685684970722,9.907264583333333,12.813898611111112,10.006,13.0085,2.396333333333333,1.9959999999999996,0.2541048340088528,1.8959756944444448,2.909836111111111,1.5,2.9915125000000002,,,,,,,,18
20,12.13888888888889,11.75,0.7757769047841477,10.679861111111112,13.722916666666665,10.5,14.0,9.96325,9.755500000000001,0.7562365038806229,8.461602083333334,11.478480555555558,8.003,11.007,2.175638888888889,2.0015,0.16792395838015484,1.8560020833333333,2.508202083333334,1.5019999999999998,2.7439999999999998,,,,,,,,18
21,10.75,10.25,0.7298890979033015,9.332291666666668,12.208333333333334,9.25,12.0,9.07325,9.0045,0.7524922130852705,7.709734722222222,10.519370138888887,7.002,10.256,1.67675,1.7465000000000002,0.18171932122465462,1.3290701388888888,2.0391013888888883,1.2479999999999998,2.0005,,,,,,,,18
22,9.708333333333334,9.5,0.72549244359558,8.319097222222222,11.111458333333333,8.0,11.0,8.54486111111111,8.003499999999999,0.7517697059064664,7.182068055555556,10.130319444444444,6.0,9.505,1.1634722222222225,1.2469999999999999,0.135236732389828,0.9123479166666666,1.4412944444444442,0.9949999999999992,1.497,,,,,,,,18
23,9.027777777777779,8.25,0.7332641862541996,7.721875000000001,10.51388888888889,7.0,10.25,8.04411111111111,7.753,0.778811695334709,6.695155555555555,9.587607638888887,5.75,9.005,0.983666666666667,0.9970000000000003,0.12063815764245191,0.7733805555555558,1.206043055555556,0.5,1.004,,,,,,,,18
0,9.066388888888888,8.566500000000001,0.7263822851986692,7.744415277777778,10.595919444444446,7.064,10.069,7.111111111111111,6.25,0.8559110784716136,5.513541666666668,8.902777777777779,5.0,8.256249999999994,1.9552777777777781,1.5569999999999997,0.3585685930064882,1.2747041666666667,2.6489965277777774,1.0630000000000002,2.31,86.31708333333333,88.027,2.8623792058452975,81.02561527777777,91.91946666666666,80.24601250000002,98.69800000000001,19
1,8.69075,7.8155,0.7267562661831737,7.313429166666666,10.17914722222222,6.563,9.568,6.763888888888889,6.0,0.847846504318654,5.110416666666667,8.41736111111111,4.75,8.0,1.926861111111111,1.5679999999999996,0.34872487712384975,1.2881368055555553,2.622859722222222,1.0625,2.556,87.31,91.1445,2.8416743968614306,81.35378888888887,92.60417916666668,81.898,98.946,19
2,8.426333333333332,7.565,0.7371611031948797,7.090972222222223,9.92924236111111,6.062,9.067,6.472222222222222,6.25,0.8687576525743675,5.0,8.222916666666665,4.5,7.5,1.9541111111111116,1.3154999999999997,0.3805632162361836,1.245673611111111,2.7325006944444437,0.814975,2.063,87.92836111111112,92.6815,2.8739732292533144,81.88898055555555,93.56896875000001,79.72,99.191,19
3,8.245472222222222,7.8155,0.7302684160647807,6.952107638888889,9.649924305555556,6.062,9.067,6.416666666666667,5.75,0.8469131624682099,4.832986111111111,8.097916666666665,4.0,7.5,1.8288055555555554,1.0665000000000004,0.35767662485459145,1.1373347222222219,2.56259513888889,0.565,2.057,90.06633333333332,94.208,2.7277716869618103,84.43759027777776,94.82987291666666,84.31899999999999,101.6105,19
4,7.939277777777779,7.314500000000001,0.7381994736348568,6.603221527777779,9.456106249999998,5.561,8.816500000000001,6.236111111111111,5.75,0.8576190072240868,4.887847222222224,8.000347222222222,4.0,7.5,1.703166666666667,1.0615,0.36216198362190416,1.0776555555555556,2.4515055555555554,0.5650000000000004,2.06,91.03438888888887,96.968,2.6999137900045604,85.68570902777778,95.96363194444444,84.00450000000001,102.3365,19
5,7.842027777777777,7.314500000000001,0.7295386936506588,6.54830138888889,9.37330069444444,5.561,8.566,6.263888888888889,5.75,0.8400883624894012,4.638888888888889,7.903819444444443,4.0,7.5,1.5781388888888892,1.0570000000000002,0.3341314638927908,0.9946631944444445,2.2301194444444445,0.5604999999999998,1.5650250000000003,93.12752777777777,99.18950000000001,2.621474281829866,87.86962638888889,98.30817013888888,91.36940000000003,104.734,19
6,7.702916666666667,7.064,0.721366482574939,6.395499305555557,9.149815277777778,5.310499999999999,8.066,6.0,5.0,0.8345229603962802,4.388541666666668,7.652777777777778,3.75,7.0,1.7029166666666669,1.0650000000000004,0.3220947050293384,1.1609541666666672,2.395852083333334,0.5629999999999997,1.8130000000000004,92.98927777777777,99.926,2.760600428596439,87.07189513888889,98.35835624999999,91.402,105.4425,19
7,7.438500000000001,7.064,0.7146730038142985,6.199884027777778,8.829847916666665,5.0600000000000005,7.8155,6.041666666666667,5.0,0.8148850829489384,4.679861111111111,7.764236111111111,4.0,6.75,1.3968333333333334,1.0630000000000002,0.28577859811899337,0.854319444444445,1.9532638888888882,0.5649750000000004,1.5620000000000003,93.63583333333332,98.447,2.5416104435623876,88.70002708333334,98.57946666666668,93.94800000000001,103.785,19
8,7.716750000000001,7.314500000000001,0.7161883723729549,6.533023611111113,9.205750694444442,5.561,8.066,5.902777777777778,5.0,0.8101095958691169,4.527083333333334,7.528124999999999,3.75,6.5,1.813972222222222,1.5614999999999997,0.26148228410083363,1.3288548611111113,2.3686562500000012,1.061,2.055,93.4730833333333,98.2065,2.6109839039387017,88.44437083333334,98.45102083333332,92.41502500000001,104.97049999999999,19
9,8.440305555555556,7.8155,0.7104797572258407,7.131790972222223,9.956140277777775,6.3125,9.568,5.902777777777778,5.5,0.8239518219764257,4.458333333333333,7.625694444444444,3.4875000000000114,6.5,2.5375277777777776,2.5655000000000006,0.2919097693980413,2.0386430555555553,3.134657638888889,1.561,3.0705,91.99466666666666,95.174,2.704591441140799,86.77200347222222,96.84589791666666,88.812,103.5415,19
10,9.52536111111111,9.067,0.7270345870168041,8.259968055555555,10.93,7.8155,10.576249999999995,7.875,7.5,0.8898401408064688,6.194097222222223,9.63888888888889,5.0,9.006249999999994,1.650361111111111,1.3194999999999992,0.37854373875057873,0.9129319444444448,2.373984722222222,1.061,2.06,89.03869444444443,91.65899999999999,2.945232486530292,83.40333888888888,94.91628472222222,82.709,103.308,19
11,10.540285714285714,10.069,0.669859037687892,9.295327142857145,11.799174999999998,9.568,12.072,10.3,10.0,0.8793140947982834,8.671071428571429,12.029285714285713,7.5,12.5,0.2402857142857143,0.5609999999999999,0.3874949120217414,-0.4883321428571427,0.9830264285714283,-0.4239999999999995,1.0679999999999996,86.10691428571428,86.183,3.3610568679407695,79.25117928571429,93.00534071428572,80.267,95.969,19
12,11.584628571428572,11.571,0.6818416633834942,10.297257142857143,12.92975,10.056475000000011,13.073,12.542857142857143,12.5,0.9024642800192616,10.885000000000002,14.257142857142858,10.5,14.0,-0.9582285714285718,-0.9280000000000008,0.3895754898975699,-1.7719607142857143,-0.2594207142857144,-1.4370000000000005,-0.4079750000000126,81.79077142857142,77.517,3.8374102887903203,73.98379000000001,89.27784142857142,67.301,88.66447499999965,19
13,12.743257142857141,12.573,0.686244476297259,11.469592857142857,13.987687857142856,11.07,14.575,14.885714285714286,14.5,0.9666901240409811,13.014285714285714,16.744285714285713,13.0,18.0,-2.1424571428571424,-1.93,0.4266699890639452,-3.0268292857142853,-1.3451564285714281,-2.433,-1.4290000000000005,77.8658285714286,70.188,4.11525708264727,70.51744857142857,86.44856214285711,64.376,79.72,19
14,14.337305555555556,14.3245,0.7680975878593217,12.905164583333335,15.825539583333333,12.573,16.076,16.457142857142856,16.0,1.0345647053963616,14.571071428571429,18.4725,15.0,18.5,-2.426771428571429,-1.926,0.5546555719592134,-3.525475714285714,-1.4414478571428577,-3.4250000000000007,-0.9329999999999998,73.02458333333333,64.666,4.282033634087007,65.11206527777779,81.15628124999999,59.617,73.2655,19
15,15.227083333333335,15.3255,0.809934004145664,13.71116388888889,16.771013194444446,13.574,17.077,18.185714285714287,19.0,1.0893074112730994,15.999642857142858,20.18607142857143,16.0,21.0,-3.2972857142857137,-2.93,0.5931726711229259,-4.368985714285714,-2.1978550000000006,-4.424,-1.9229999999999985,70.54380555555556,64.3755,4.41674658271265,62.38206736111111,79.14596041666667,57.202,71.602,19
16,15.36611111111111,15.576,0.8017026056470282,13.849379166666667,16.895087500000002,13.073,17.0775,19.36111111111111,20.25,1.0739725823240436,17.01354166666667,21.444791666666664,19.0,21.5,-3.9949999999999997,-3.925,0.5252773643741081,-4.965501388888888,-2.9518986111111114,-5.173,-3.427,70.35288888888888,62.3045,4.312552788133835,61.898136111111114,78.87708819444443,56.594,78.262,19
17,16.339027777777783,16.827,0.8792865375162519,14.50366111111111,18.007036111111113,14.5745,18.328,18.84722222222222,20.0,0.9797188300173946,16.944444444444443,20.653472222222224,17.25,21.0,-2.508194444444445,-2.9265000000000008,0.6025138367896025,-3.7304256944444454,-1.4112770833333341,-4.424,-0.4220000000000006,65.92430555555556,60.216499999999996,4.600993505171903,58.00908611111112,75.1054875,51.358225000000004,74.728,19
18,15.574222222222224,15.826,0.9239245881676768,13.738154861111113,17.40892708333333,13.824,17.083749999999995,15.847222222222221,16.25,0.8500278810657126,14.332986111111111,17.40277777777778,13.75,17.756249999999994,-0.2730000000000003,-0.42100000000000115,0.499061380898945,-1.3035145833333324,0.6855611111111108,-1.4299999999999995,0.0790000000000006,68.54941666666667,61.4125,4.221526996049298,60.48545902777778,76.3492347222222,54.761,71.902,19
19,13.377833333333333,13.073,0.8037570256919725,11.848109027777777,14.907942361111115,11.571,15.075,14.944444444444445,15.0,0.8292226656796688,13.26388888888889,16.430902777777778,13.5,17.0,-1.5666111111111112,-1.9245,0.3861136280607697,-2.302809027777778,-0.8169375000000002,-2.43,-0.4189875000000062,74.83255555555554,69.0375,3.6686711697151484,68.01972638888887,82.48838472222221,62.000575000000005,81.356,19
20,11.778722222222221,12.072,0.7553974604089161,10.373722916666667,13.266235416666666,9.8185,13.574,13.152777777777779,13.25,0.8027283447184744,11.652777777777779,14.639236111111112,11.5,15.25,-1.3740555555555558,-1.4344999999999999,0.25008661021779893,-1.820078472222222,-0.8766500000000002,-2.4255125000000004,-0.4299999999999997,77.52780555555555,74.728,3.158345736831894,71.61347847222223,83.99473888888888,67.881,81.356,19
21,10.707749999999997,10.82,0.7218193046266815,9.302579861111113,12.084777777777775,8.566,11.8215,11.208333333333334,10.5,0.8231219605287917,9.638541666666667,12.850347222222219,9.5,13.0,-0.5005833333333334,-0.9260000000000002,0.2649166786500694,-0.9732874999999998,-0.0030062499999999443,-1.1804999999999999,0.06601250000000067,80.61913888888888,78.6185,2.855124038156377,75.19788958333334,86.37907916666667,71.902,83.05167499999993,19
22,10.026222222222223,9.568000000000001,0.7247924663129343,8.579109027777777,11.320111111111109,8.066,11.07,8.902777777777779,8.5,0.8157233240788252,7.346875000000001,10.528125000000001,7.0,10.25,1.1234444444444445,0.5709999999999997,0.2877451430904335,0.5948368055555558,1.7474562500000004,0.0700000000000002,1.0705,82.93005555555555,82.4385,2.7969785985710005,77.55932152777777,88.3668333333333,75.289,90.63671249999999,19
23,9.372444444444444,9.067,0.722326840285982,8.162711111111111,10.846809722222218,7.565,10.57,7.708333333333333,7.25,0.815858443604036,6.152430555555556,9.458680555555556,5.5,9.0,1.6641111111111113,1.065,0.32478296484027747,1.0956284722222225,2.2635715277777773,0.5650000000000004,2.563,84.00169444444445,84.839,2.9573142040203817,78.61665902777776,89.64110138888888,77.238,95.215,19
0,7.408027777777779,6.3375,0.7666719932383401,6.084883333333333,8.885127083333334,5.578737500000005,8.092,6.77025,6.104,0.7937114348836606,5.32346875,8.396347916666668,4.8515,7.105,0.6377777777777777,0.4829999999999996,0.17933625909770867,0.3321840277777777,1.0142506944444438,0.4765,0.4860000000000002,101.27494444444444,107.094,2.1930278315044442,96.52056458333335,105.1583513888889,104.27,108.579,22
1,7.101694444444444,6.087,0.7581491328557407,5.76555486111111,8.535484722222222,5.084,7.59,6.589444444444443,5.603,0.8027989167316231,5.184494444444445,8.258403472222222,4.601,7.105,0.51225,0.4810000000000003,0.15432385744333402,0.23463749999999986,0.8193687499999998,-0.014999999999999649,0.4849999999999994,101.89855555555556,107.094,2.1081820850865967,97.34382430555554,105.71622430555556,104.71,108.78899999999999,22
2,6.809222222222222,5.585,0.7691139399057327,5.3193583333333345,8.507450694444442,4.833,7.3395,6.3808333333333325,5.3525,0.8025535797768885,5.004164583333333,8.175101388888887,4.1,7.105,0.4283888888888888,0.4785,0.12568981899759132,0.20589444444444432,0.678975,-0.0129999999999999,0.4829999999999996,102.27775,107.094,2.0747438317204137,98.19022291666666,105.89284791666665,105.584,108.999,22
3,6.6420555555555545,5.585,0.7766965607821784,5.236302083333333,8.339845833333337,4.582,6.8385,6.339138888888889,5.3525,0.7991085054090638,4.90696875,8.064396527777776,4.1,7.105,0.3029166666666666,-0.0090000000000012,0.12633192846938437,0.0789256944444447,0.5524541666666665,-0.0179999999999997,0.4820000000000002,102.35555555555554,106.66499999999999,2.001616627360916,97.78021944444444,105.93947777777777,105.148,107.734,22
4,6.419361111111111,5.084,0.7692713808438226,5.0271743055555556,7.907835416666667,4.081,6.8385,6.074833333333333,4.8515,0.7932170588060701,4.683986111111112,7.771269444444446,4.1,6.8545,0.34452777777777777,-0.0129999999999999,0.14047963466542732,0.09310972222222232,0.637398611111111,-0.0180000000000006,0.4810000000000003,102.62330555555555,106.45,1.9526289786554,98.40657222222222,105.98072638888888,105.13375000000002,108.579,22
5,6.335749999999999,5.585,0.7547562808300313,4.943675000000002,7.769222916666669,4.3315,6.8385,6.019277777777777,5.102,0.7837621608495408,4.697520833333335,7.645570138888887,3.6,6.604,0.31647222222222215,-0.013499999999999599,0.1260712854918724,0.0934840277777776,0.5801680555555556,-0.018999999999999212,0.48,103.09152777777777,107.094,1.9333191520358834,99.05520833333333,106.51178125000001,104.929,108.999,22
6,6.140833333333332,5.3345,0.7579903373970552,4.873950000000001,7.616457638888891,4.074237500000005,6.087,5.921944444444443,4.601,0.7732116878303968,4.503661805555556,7.466131944444444,3.6,6.604,0.21888888888888877,0.2365000000000005,0.11009942676622092,0.022687499999999902,0.42733541666666663,-0.0189999999999992,0.4829999999999996,103.28441666666667,107.521,1.8830239861300944,99.40983819444445,106.4523736111111,105.148,108.158,22
7,6.057305555555555,5.585,0.7596081914219387,4.7348236111111115,7.615375694444444,4.081,6.087,5.852333333333334,4.8515,0.777152455881431,4.530609027777778,7.395727777777778,4.093750000000005,6.354,0.20497222222222214,-0.0155000000000007,0.10633113511768068,0.010848611111110998,0.4140381944444442,-0.0189999999999992,0.48,103.5614722222222,107.308,1.9007127169874034,99.87174583333335,106.79813263888887,105.14699999999999,109.208,22
8,6.168694444444444,5.585,0.7613591645808051,4.831531944444445,7.60173263888889,3.83,6.087,6.353083333333334,6.104,0.7931225514052788,4.989473611111112,8.078252083333332,4.3505,6.604,-0.18438888888888902,-0.0215,0.08889997301924152,-0.35086666666666677,-0.0046041666666667355,-0.5170000000000003,-0.0170000000000003,103.47277777777776,107.308,1.8802482937655103,99.62621874999999,106.68000902777776,104.26599999999999,108.999,22
9,6.878888888888889,6.588,0.7494496676956839,5.570109027777778,8.410575694444441,4.826725000000006,7.089,7.855194444444444,7.856,0.7905907965881666,6.381322222222223,9.495399999999998,6.104,8.607,-0.9763055555555555,-1.0174999999999996,0.1560529306796939,-1.269672222222222,-0.6835097222222227,-1.5154999999999994,-0.5210000000000004,102.53033333333333,106.018,1.832693822227746,98.93358055555555,105.70355972222221,104.47307500000002,107.734,22
10,7.839722222222223,7.59,0.7507462716937602,6.405690972222222,9.454258333333332,6.087,8.593,9.663055555555555,9.6085,0.8099935968240387,8.230788194444445,11.206127083333334,8.106,11.11,-1.823333333333333,-1.5215,0.23005093983862557,-2.282809722222223,-1.3794423611111108,-2.2689999999999997,-1.0169999999999997,101.72377777777778,104.929,1.806215636949391,97.59168472222223,104.81217152777778,103.3825,106.45,22
11,8.863857142857144,8.593,0.6739285703152484,7.589497857142857,10.124239999999999,7.59,10.096,11.452342857142858,11.11,0.7745380362847654,9.963757857142859,12.953410714285715,10.109,13.612,-2.5884857142857145,-2.511000000000001,0.28201529957730714,-3.159020714285715,-2.058292857142858,-3.516,-1.9977500000000092,101.90525714285714,103.384,1.4005188488393798,98.8935092857143,104.3464157142857,101.587,105.584,22
12,10.080885714285715,10.096,0.6841632843231551,8.83568285714286,11.640507142857144,8.593,11.099,13.2684,13.612,0.8087159655535289,11.78154,14.899027142857143,12.111,14.613,-3.1875142857142857,-3.013,0.3311745544243991,-3.802377857142857,-2.5870985714285712,-4.015000000000001,-2.513,101.58445714285713,103.828,1.438754001866599,98.70939642857144,103.87764642857144,102.02770000000001,104.71,22
13,11.412057142857144,11.6,0.6946791556652079,10.023902857142856,12.829704999999999,10.096,12.61352499999999,14.969599999999998,15.614,0.8716983058780076,13.281587142857145,16.628177857142852,13.112,17.115,-3.557542857142857,-3.514000000000001,0.3209024390155776,-4.186139999999999,-2.91559,-4.025424999999987,-2.521,99.94771428571428,102.039,1.5346134112436223,96.59018142857143,102.51843785714287,100.676,104.27,22
14,13.058805555555555,12.3505,0.8295124202017469,11.598106249999999,14.672916666666667,11.099,14.3545,16.766333333333332,16.615,0.9484361464060319,15.014798611111111,18.684438888888888,15.114,18.872249999999994,-3.707527777777778,-4.0115,0.3279221633498556,-4.304727777777778,-3.0829833333333334,-4.512999999999998,-3.014000000000001,97.9798611111111,100.904,1.8151909524601806,94.46714583333333,101.17408402777777,99.7565,103.1605,22
15,14.241055555555555,13.603,0.898184752218699,12.530209722222219,16.144980555555556,12.344237500000006,15.606,17.87808333333333,18.115499999999997,0.9528898730278583,15.974299305555558,19.712761805555555,16.114,20.617,-3.6370277777777775,-3.5140000000000002,0.34918727745990247,-4.276453472222221,-2.9150819444444447,-4.510999999999999,-3.0169999999999995,94.6350277777778,100.904,3.1950946756686087,87.80526597222223,99.91878263888887,99.52600000000001,102.937,22
16,14.03275,13.603,0.818823563155925,12.43312777777778,15.662064583333331,12.1,15.106,16.98872222222222,17.865499999999997,0.925899648828196,15.168265277777778,18.712929861111107,15.607737500000006,19.866,-2.9559722222222224,-3.2619999999999996,0.3160579801292019,-3.5407625,-2.2878500000000006,-4.009,-2.0139874999999994,95.62297222222223,101.132,2.766072118126418,89.83726319444445,100.46918263888888,100.676,102.937,22
17,13.977055555555555,14.104,0.856429301879709,12.168934027777777,15.561802777777778,11.6,15.106,16.807805555555554,16.3645,1.0133727082101383,14.82023402777778,18.684329861111113,14.8635,20.116,-2.8307500000000005,-3.0095,0.3409453602712262,-3.414335416666667,-2.151017361111112,-3.514,-2.013000000000001,95.15236111111113,101.3595,2.875764496327497,89.58456666666669,100.02198541666667,98.83,102.937,22
18,13.128416666666668,13.102,0.8263385498740431,11.47271388888889,14.839755555555556,11.6,14.605,14.97347222222222,15.364,0.9430686962522773,13.179208333333335,16.753885416666662,13.8625,17.115,-1.8450555555555554,-1.5060000000000002,0.3174868249845979,-2.429700694444444,-1.2740180555555565,-3.006,-0.7664999999999997,95.50747222222223,102.039,2.867292181613143,89.81757222222221,100.53970902777777,100.676,102.937,22
19,12.015333333333334,12.1,0.8008401937172084,10.317911805555555,13.531698611111112,10.597,13.102,12.026611111111112,11.611,0.8756043584315973,10.399883333333333,13.792635416666668,9.608,13.8625,-0.011277777777777942,-0.01050000000000035,0.25288277167120904,-0.4971118055555558,0.4758937499999997,-0.5120000000000005,0.48552499999999954,96.69580555555557,103.1605,2.73198968566328,91.01919930555553,101.5442715277778,102.039,104.27,22
20,10.568166666666668,11.099,0.769088815128367,9.175754166666671,12.043065972222223,8.843499999999999,11.6,9.468416666666668,9.608,0.7719597287536833,7.9530256944444435,10.942962499999998,7.606,10.8595,1.09975,0.9889999999999999,0.19358591208335088,0.7384104166666665,1.5028062499999997,0.4900000000000002,1.4860000000000002,98.35297222222223,103.1605,2.6160242461275387,92.93160347222225,103.07269583333333,101.5855,107.734,22
21,9.287555555555556,9.094000000000001,0.7447585093259451,7.8944076388888895,10.735447916666667,7.59,10.346499999999999,8.008222222222223,7.606,0.7722800432846443,6.6178333333333335,9.50998402777778,6.104,9.108,1.2793333333333334,0.9854999999999996,0.23302577349106926,0.821964583333333,1.71053125,0.488999999999999,1.488999999999999,99.95680555555556,104.929,2.3331217243568294,95.16061736111112,103.97831736111111,103.37695,107.094,22
22,8.466194444444445,7.841,0.7509074645709181,7.130213888888888,10.01298125,6.087,9.595,7.382361111111111,6.354,0.7824354186573411,5.922070833333334,9.09291875,5.8535,8.607,1.0838333333333334,0.7330000000000001,0.22642169360141562,0.6376930555555557,1.5571118055555553,0.4839875,0.9880000000000004,100.38169444444445,106.879,2.3442091497578965,95.48381805555557,104.7994784722222,103.606,108.579,22
23,7.7561388888888905,6.8385,0.7639893574767535,6.433006944444444,9.260120138888892,5.585,8.593,6.825944444444444,5.8535,0.8022971878858822,5.434987500000001,8.369696527777778,5.102,7.3555,0.9301944444444447,0.48599999999999977,0.19518318550500216,0.5685756944444443,1.3193069444444445,0.482,0.9874999999999998,100.79566666666668,106.45,2.2199209470409325,96.25900972222222,104.66166319444443,104.2697625,108.3685,22
0,7.138888888888889,6.5,0.740712631741804,5.832986111111111,8.666666666666666,5.25,7.75,6.366916666666667,5.534,0.8143972514288836,4.922777083333333,7.839609027777777,4.284,7.033,0.7719722222222224,0.4670000000000001,0.14802068434454407,0.507744444444445,1.0910569444444447,0.4660000000000002,0.9660000000000002,96.81066666666666,102.8785,2.070800172772727,92.72284375,100.57488680555556,97.379,104.744,8
1,6.930555555555555,6.0,0.741660721693075,5.638888888888889,8.389583333333333,5.0,7.5,6.200333333333333,5.534,0.8109748376500884,4.783625694444444,7.714664583333332,4.034,6.539249999999995,0.7302222222222223,0.7160000000000002,0.12820729191499353,0.46666111111111147,0.9801118055555557,0.4660000000000002,0.9660000000000002,97.9971388888889,103.581,1.9779195030536416,93.9406548611111,101.52696319444446,99.0425,104.976,8
2,6.722222222222222,5.75,0.744675396537386,5.430208333333334,8.209027777777777,4.743750000000006,7.5,6.005944444444443,5.284,0.8214088284185167,4.589234722222221,7.547971527777777,3.7777500000000055,7.033,0.716277777777778,0.4669999999999996,0.14284534100280663,0.46652638888888914,0.9943416666666666,0.4660000000000002,0.965,97.64427777777779,103.34700000000001,2.0457790686668527,93.08487222222224,101.2009701388889,99.50527500000001,104.976,8
3,6.611111111111111,5.5,0.7324971182323483,5.236111111111111,8.139236111111112,4.5,7.0,5.853166666666667,5.034,0.8100332214429663,4.38084861111111,7.450456249999999,3.534,6.533,0.7579444444444446,0.4669999999999996,0.14679567348217867,0.49430486111111144,1.049892361111111,0.4660000000000002,0.9660000000000002,98.57075000000002,103.581,2.0177503673744384,94.0238701388889,102.17788402777778,100.751,104.74879999999999,8
4,6.319444444444445,5.0,0.7376369331520162,4.972222222222222,7.764583333333333,4.5,7.0,5.644972222222222,4.784,0.8092779002414584,4.2147493055555545,7.339403472222223,3.534,6.034,0.6744722222222224,0.4664999999999999,0.1340855477109232,0.42494027777777815,0.9383062499999999,0.4655,0.965,99.09952777777778,104.048,2.001408013694245,94.84163333333333,102.57237986111114,101.226,105.438,8
5,6.166666666666667,5.5,0.7327378534679111,4.930555555555555,7.695833333333332,4.0,6.006249999999994,5.7699444444444445,4.784,0.7822002584736603,4.4646937499999995,7.3671791666666655,3.784,5.534,0.3967222222222224,0.4660000000000002,0.09780228363542104,0.20235972222222243,0.5768375000000002,-0.0329999999999994,0.965,99.30069444444445,104.512,1.9684992744129213,95.37301041666669,102.75569444444446,100.51050000000001,104.976,8
6,6.097222222222222,5.25,0.7305193424545147,4.847222222222222,7.625347222222222,3.75,6.5,5.658805555555555,4.784,0.7793807511537344,4.325083333333333,7.283765277777777,3.534,5.784,0.4384166666666669,0.4660000000000002,0.09736467511534898,0.25800000000000023,0.6186118055555556,-0.032499999999999696,0.4660000000000002,99.8401388888889,104.28,1.9178580637324172,95.53955347222224,103.06074791666667,102.173,104.976,8
7,5.916666666666667,5.25,0.7317895004821215,4.680555555555555,7.333680555555555,3.7437500000000057,6.0,5.422777777777777,4.534,0.7869101248686606,4.006549999999999,6.922815972222222,3.034,5.534,0.4938888888888891,0.4660000000000002,0.10519837479716464,0.2858562500000003,0.7021722222222224,0.4649999999999998,0.4660000000000002,100.66033333333333,104.744,1.817812918413005,96.86734583333336,103.7521673611111,102.173,105.438,8
8,6.027777777777778,5.5,0.7418724819950167,4.736111111111111,7.611805555555555,3.75,6.0,5.9504722222222215,5.034,0.7962869532289952,4.505290972222222,7.520680555555553,3.534,6.034,0.0773055555555558,-0.0330000000000003,0.10738609927070858,-0.13088888888888864,0.28522361111111133,-0.0339999999999998,0.2160000000000002,100.27325000000002,104.744,1.8594116817376778,96.75913333333335,103.4729138888889,102.8785,104.976,8
9,6.666666666666667,6.5,0.7375958371951533,5.3187500000000005,8.222222222222221,4.5,7.25,7.005638888888888,6.783,0.7734011106924285,5.644749999999999,8.574777777777777,5.034,7.539249999999995,-0.3389722222222221,-0.5329999999999995,0.10585538567482922,-0.5470569444444445,-0.13071805555555552,-0.5339999999999998,-0.0339999999999998,98.79325,103.581,1.9360947894998766,94.87749236111112,102.10784027777778,101.7,104.512,8
10,7.442857142857143,7.5,0.6631892097819359,6.242857142857143,8.7,6.0,8.5,8.033228571428571,8.033,0.7574565057660082,6.690301428571428,9.447258571428572,6.533,9.033,-0.5903714285714283,-0.5329999999999995,0.20365324412229877,-1.0330571428571425,-0.24719000000000016,-0.5339999999999998,-0.0339999999999998,97.42594285714286,103.113,1.8850042172535384,93.9469892857143,100.91767571428572,96.402,104.048,8
11,8.914285714285715,9.0,0.6765848851716516,7.628571428571429,10.200357142857142,7.5,10.0,9.947142857142858,9.533,0.7885541658687776,8.375999285714286,11.51894357142857,7.533,11.532,-1.0328571428571427,-0.5339999999999998,0.24758672241064464,-1.5192214285714278,-0.5610507142857143,-1.5329999999999997,-0.532,93.41234285714286,101.226,2.6058688910255796,88.21478214285713,98.28749142857141,89.904,104.048,8
12,11.042857142857143,11.5,0.7612935223229291,9.626785714285715,12.586071428571428,9.5,13.0,12.903828571428571,13.032,0.8782627298622354,11.289742142857143,14.632527857142858,11.033,14.532,-1.8609714285714283,-1.0339999999999998,0.2802163824339929,-2.4756099999999996,-1.3895428571428572,-2.0329999999999995,-1.032,86.72477142857143,97.866,3.2785502522375003,80.41535285714286,92.90096642857142,73.928,101.7,8
13,15.342857142857143,15.5,0.8751401877066645,13.642142857142858,16.97142857142857,13.0,17.0,19.260199999999998,19.531,1.1310645664352579,16.98911214285714,21.417172142857137,17.532,22.031,-3.9173428571428572,-4.030999999999999,0.4897769239134069,-4.888686428571429,-2.9457921428571425,-6.030999999999999,-2.032,73.80862857142857,71.694,3.530774698738692,66.84348357142858,81.05948214285715,59.569,75.587,8
14,18.680555555555557,19.0,1.0355109117360932,16.693749999999998,20.684027777777775,16.0,22.0,22.503694444444438,23.031,1.2192888213512554,20.253513194444444,24.934111805555553,20.781,25.781,-3.8231388888888884,-3.780999999999999,0.4744483900759691,-4.795197916666667,-2.934304861111111,-5.280999999999999,-2.0329999999999995,63.97916666666666,56.278,3.820015982992409,56.863800694444436,71.34580972222223,48.953,66.004,8
15,20.22222222222222,21.0,1.0374810085170283,18.27777777777778,22.01423611111111,18.0,22.5,24.21208333333333,24.781,1.3553060173242193,21.627075,26.72671805555555,21.531,27.531,-3.989861111111111,-4.530999999999999,0.6030169522384496,-5.184333333333331,-2.8506013888888875,-5.530999999999999,-1.283,59.10544444444445,53.5475,3.890406933961611,52.3527486111111,66.89594097222222,45.7915,64.28871249999997,8
16,19.166666666666668,20.75,1.0574752802094092,16.98576388888889,21.00034722222222,17.0,22.25,23.12902777777778,25.031,1.626820130098051,20.10026736111111,26.18484513888889,19.5315,27.04974999999998,-3.9623611111111114,-3.280999999999999,0.8017923573902962,-5.51764722222222,-2.4068312499999993,-6.031499999999998,-0.2819999999999991,61.54647222222223,51.1105,4.303300830810477,53.47581319444444,68.8631236111111,44.888000000000005,64.84472499999995,8
17,18.166666666666668,19.25,1.0878112581387147,16.083333333333332,20.37708333333333,16.0,22.0,22.142916666666665,21.281,1.6058603338106179,18.948632638888885,25.284254166666667,17.032,27.031,-3.9762499999999994,-3.7814999999999994,0.7600293116475786,-5.532583333333332,-2.5310576388888895,-6.530999999999999,-0.5339999999999998,61.0593888888889,52.645,4.025574802746113,53.810750694444444,69.06237430555557,46.7705,67.14750000000001,8
18,16.09722222222222,17.0,0.9760666620409671,14.36111111111111,17.986805555555556,14.5,19.0,18.684749999999994,18.0315,1.5444375523070495,15.768411805555552,21.601999305555555,13.782,22.031,-2.587527777777778,-0.532,0.8757029090385559,-4.504690277777778,-1.003940972222222,-3.530999999999999,-0.032,66.3011388888889,60.161,4.164154711219633,58.254654861111106,74.68651944444446,51.113,73.648,8
19,13.944444444444445,14.5,0.9040863531979678,12.193750000000001,15.639583333333333,12.25,16.25,13.629583333333333,13.282,1.044058106221424,11.782266666666668,15.712638888888891,10.533,15.532,0.31486111111111137,0.4679999999999999,0.3917216681801882,-0.39330555555555513,1.1069805555555556,0.4649999999999998,0.968,76.42000000000002,68.583,3.398581893336438,69.91482986111112,83.40193541666667,64.848,84.731,8
20,10.958333333333334,10.75,0.7764834752276363,9.582986111111111,12.486805555555554,9.5,12.0,8.71363888888889,8.283,0.7696125258368941,7.283358333333334,10.268834722222223,7.283,10.033,2.244694444444445,1.717,0.31899011981376585,1.6054881944444448,2.9112270833333334,0.9664999999999999,2.9670000000000005,89.93338888888889,93.68,2.5259304330923027,85.0831861111111,94.80291319444443,87.853,102.173,8
21,8.958333333333334,9.0,0.7114078931781616,7.680208333333334,10.5,7.493750000000006,10.0,7.436222222222221,6.5335,0.7731161775476507,6.088932638888888,9.07486111111111,5.534,8.533,1.5221111111111114,1.2160000000000002,0.24776893286227542,1.036081944444445,2.008352083333333,0.4670000000000005,1.966,93.99455555555555,99.795,2.246955470855409,89.54798125,98.20830347222223,93.60557500000002,104.048,8
22,8.11111111111111,7.25,0.7243253870422691,6.708333333333333,9.48611111111111,6.5,9.0,6.783527777777777,5.534,0.8220215784118926,5.172777083333332,8.589122222222223,4.534,8.033,1.3275833333333336,0.9660000000000002,0.23358033992271846,0.8973770833333337,1.7856416666666668,0.4670000000000005,1.4660000000000002,95.07897222222222,101.463,2.1749646399191387,90.29929722222222,99.07732291666667,91.931,104.512,8
23,7.486111111111111,6.75,0.7412147127795813,6.138888888888889,9.028125000000001,6.0,8.25,6.547444444444444,5.784,0.8086410984499198,5.074861805555556,8.186345833333332,4.784,7.033,0.9386666666666668,0.9655,0.13639388572620129,0.6748875000000002,1.2163340277777777,0.4670000000000005,0.9664999999999999,95.88269444444444,102.644,2.1134825404814097,91.50161944444444,99.64920486111114,92.18100000000001,104.512,8
