day,inside_mean,inside_median,inside_sem,inside_ci_lower_mean,inside_ci_upper_mean,inside_ci_lower_med,inside_ci_upper_med,outside_mean,outside_median,outside_sem,outside_ci_lower_mean,outside_ci_upper_mean,outside_ci_lower_med,outside_ci_upper_med,diff_mean,diff_median,diff_sem,diff_ci_lower_mean,diff_ci_upper_mean,diff_ci_lower_med,diff_ci_upper_med,hum_mean,hum_median,hum_sem,hum_ci_lower_mean,hum_ci_upper_mean,hum_ci_lower_med,hum_ci_upper_med,rock
0,11.17458333333333,11.3205,0.38241859471281675,10.506235416666668,11.926308333333333,10.069,12.072,10.520833333333334,10.0,0.4043235165540676,9.791666666666666,11.270833333333334,9.5,11.5,0.6537499999999999,0.571,0.07762139277249559,0.5077916666666666,0.8000479166666666,0.567,0.5801749999999943,81.36166666666666,84.588,1.628117772360565,78.111025,84.45231354166665,77.407,86.712,1
1,10.5695,11.07,0.43368837322721,9.734234375,11.404646874999997,10.5699875,11.8215,10.020833333333334,10.5,0.3964050029054912,9.270833333333334,10.729687499999999,10.0,11.0,0.5486666666666666,0.57,0.09775873634310628,0.3604989583333334,0.7372093750000001,0.072,1.0680125,91.91345833333332,91.916,0.1826631192712645,91.54838124999999,92.255003125,91.402,92.428,1
2,14.032291666666666,13.3235,0.5049741939136295,13.114102083333332,15.075684375,12.072,15.075,13.541666666666666,12.75,0.501733107449679,12.583333333333334,14.479166666666666,11.75,14.5,0.4906249999999999,0.572,0.10718169613940079,0.30254166666666665,0.6989208333333334,0.078,0.573,90.95908333333334,90.62899999999999,0.46161033474928065,90.07828020833334,91.87959895833332,89.5925,93.447,1
3,14.5745,16.076500000000003,0.5490294994846342,13.551937500000001,15.596420833333337,13.073,16.577,14.020833333333334,15.25,0.49037767043558966,12.9375,14.9375,12.5,16.0,0.5536666666666666,0.5765,0.07711175934934757,0.40708229166666665,0.7005427083333333,0.57,0.577,93.550125,93.447,0.2100860530424879,93.12441666666666,93.95329479166666,93.447,93.955,1
4,15.054416666666667,14.575,0.27026179549441465,14.553997916666669,15.596624999999998,14.074,15.576,14.541666666666666,14.0,0.2723965477517165,14.041666666666666,15.125520833333333,13.5,15.0,0.5127499999999999,0.574,0.08140568139735775,0.3667875,0.6791708333333333,0.32499999999999996,0.577,94.62774999999999,94.713,0.1380343536582656,94.37524791666668,94.88004375,93.955,94.965,1
5,14.491375,13.824,0.31978034134692607,13.886664583333332,15.137833333333333,13.574,15.075,14.104166666666666,13.5,0.349662319849745,13.436979166666667,14.771354166666667,13.0,14.5,0.3872083333333333,0.5734999999999999,0.08928747699260695,0.20012395833333332,0.5536677083333333,0.074,0.574,94.11870833333332,93.701,0.2630690414638155,93.61270208333333,94.604290625,93.447,95.468,1
6,13.573583333333334,13.073,0.3858669700021594,12.843583333333333,14.262476041666668,12.573,14.074,13.083333333333334,12.5,0.41339293632906127,12.374479166666667,13.854166666666666,12.0,13.5,0.4902499999999999,0.573,0.08850385339191391,0.3035270833333333,0.6567135416666666,0.57,0.574,91.51545833333334,90.887,0.4803911976952405,90.60036458333333,92.478315625,89.852,92.95708749999997,1
7,12.80175,12.573,0.39630149393385194,12.071790625000002,13.594893749999999,11.3205,13.824,12.354166666666666,12.25,0.3998178555703213,11.645833333333334,13.083333333333334,11.0,13.25,0.4475833333333333,0.5705,0.1213796284012324,0.21786874999999997,0.6781177083333328,0.3139000000000055,0.573,92.06254166666668,92.428,0.19889159325257047,91.67674895833335,92.426128125,91.402,92.68299999999999,1
8,12.405666666666667,12.573,0.2772930594538133,11.904359374999999,12.927209374999999,12.072,13.073,11.958333333333334,12.0,0.240614902699243,11.5,12.395833333333334,12.0,12.5,0.44733333333333336,0.573,0.08125014306936494,0.30108125,0.614459375,0.073,0.573,95.59029166666666,95.468,0.21219242428634624,95.15141249999999,95.98775520833334,95.468,95.969,1
9,12.781083333333333,12.823,0.20197789121249718,12.404816666666667,13.177417708333332,12.573,13.3235,12.0625,12.0,0.19577165232758412,11.645833333333334,12.4375,11.5,12.5,0.7185833333333335,0.5734999999999999,0.06379282922387496,0.5939114583333333,0.8435833333333335,0.573,1.0725,96.44754166666667,96.469,0.11040098159034255,96.23916666666668,96.65533333333333,96.46275,96.968,1
10,11.842083333333335,12.072,0.4346528388010111,10.986146875,12.593208333333331,11.07,13.073,11.229166666666666,11.75,0.3806687082739232,10.479166666666666,11.916666666666666,10.25,12.5,0.6129166666666667,0.5734999999999999,0.08511549946274341,0.446740625,0.7804604166666667,0.31999999999999995,1.072,96.42537499999999,96.469,0.17761273020070317,96.09249687500001,96.73729687500001,95.969,96.968,1
11,9.6305,9.067,0.47307686203333216,8.754165625000002,10.548499999999999,8.066,11.3205,9.270833333333334,9.0,0.41700620223842483,8.520312500000001,10.083333333333334,8.0,10.5,0.35966666666666663,0.3155,0.13130912286963262,0.10840520833333332,0.6102979166666668,0.064,0.821,98.24633333333334,98.2065,0.15135302416108307,97.93733333333334,98.53416979166668,97.96,98.6995,1
12,11.571,12.072,0.48691812170669596,10.652438541666667,12.447291666666667,11.571,12.579249999999995,11.166666666666666,11.5,0.45111241997858714,10.208333333333334,12.0,11.0,12.0,0.4043333333333334,0.5685,0.10309172900563837,0.21562291666666672,0.5923354166666666,0.067,0.573,98.43045833333333,98.2065,0.17895331731932088,98.08224062499998,98.75997604166666,97.96,98.70566249999999,1
13,12.551583333333332,12.573,0.3238555877656785,11.925791666666667,13.177374999999998,12.065737500000004,13.574,12.0625,12.0,0.31177452020534874,11.458333333333334,12.666666666666666,11.5,13.25,0.4890833333333333,0.573,0.06512401538009656,0.3641229166666667,0.6143354166666666,0.5628625000000055,0.5734999999999999,98.59379166666668,98.453,0.21275272251844363,98.204246875,98.98371770833336,97.464,99.436,1
14,11.007624999999999,10.319500000000001,0.4483642727289749,10.089708333333334,11.883875000000002,9.568,12.322,10.520833333333334,9.75,0.4355980050237563,9.749479166666667,11.3125,9.5,12.0,0.4867916666666667,0.569,0.09843941672468716,0.29849895833333334,0.6742968749999999,0.073,0.575,96.99841666666664,96.219,0.3837985295598078,96.29354791666667,97.80380520833333,95.969,98.2065,1
15,11.195291666666668,11.571,0.5143970350878061,10.131247916666666,12.217542708333333,10.318999999999999,12.829249999999995,11.020833333333334,11.0,0.5155895446015323,9.957812500000001,12.000520833333333,11.0,12.5,0.1744583333333333,0.31899999999999995,0.13461198908595154,-0.09750312499999998,0.42430208333333336,0.064,0.571,91.74825,90.371,0.7661251511878516,90.21878749999999,93.13711979166666,89.5925,95.969,1
16,14.595583333333332,14.3245,0.29592303957319993,14.074206249999998,15.158666666666667,14.074,15.0755,14.208333333333334,13.75,0.34039175356303775,13.5625,14.854166666666666,13.5,15.0,0.3872499999999999,0.573,0.08397994606201954,0.22078854166666664,0.5332135416666667,0.3244875,0.574,88.99666666666667,88.812,0.4068262442310832,88.21015833333331,89.71349687500002,87.765,90.887,1
17,12.9685,12.823,0.39746262699161095,12.217103125,13.740772916666668,11.571,14.575,12.6875,12.25,0.41899260223139706,11.875,13.479166666666666,11.0,14.0,0.28099999999999997,0.076,0.08981462390204988,0.09403958333333332,0.44808437499999987,0.072,0.571,91.48504166666667,91.402,0.2065096979788105,91.05774583333333,91.91246458333333,90.887,91.916,1
18,13.615208333333333,14.575,0.40083111111122827,12.885082291666667,14.345209374999998,13.5735,14.575,13.229166666666666,14.0,0.37587960446549923,12.478645833333333,13.875,13.5,14.5,0.3860416666666666,0.569,0.08952648137029566,0.2176041666666671,0.5532093750000001,0.075,0.575,94.64795833333334,94.461,0.17390219305863802,94.33199791666667,94.96316979166667,94.461,94.965,1
19,16.284875,16.577,0.19035122297681242,15.930291666666667,16.618583333333333,16.577,16.577,15.729166666666666,16.0,0.18547619545948643,15.353645833333333,16.0625,15.75,16.0,0.5557083333333334,0.577,0.056195004650816734,0.4512875,0.6600843750000001,0.577,0.577,96.53070833333334,96.469,0.10964095684218829,96.32178645833332,96.71821041666666,96.469,96.968,1
20,15.200333333333333,15.576,0.24888532417435155,14.762415625000001,15.679916666666665,14.074,15.576,14.729166666666666,15.0,0.23502074890413177,14.291666666666666,15.208854166666667,13.75,15.5,0.4711666666666667,0.574,0.06010686939770088,0.36666666666666664,0.575834375,0.32597499999999996,0.576,97.56545833333332,97.96,0.1769605906668333,97.23441041666668,97.89637499999999,97.21600000000001,97.96,1
21,13.969999999999999,13.574,0.16494636809528754,13.678125000000001,14.325061458333334,13.574,14.074,13.291666666666666,13.0,0.14089731416920842,13.020833333333334,13.604166666666666,13.0,13.5,0.6783333333333333,0.574,0.06725418651552284,0.553125,0.8035833333333334,0.574,0.5750124999999999,98.36958333333332,98.453,0.1474266940986279,98.06120208333334,98.63613124999999,97.96,98.453,1
22,13.198166666666665,13.073,0.30170733171347003,12.614207291666666,13.803001041666668,12.573,13.824,12.791666666666666,12.5,0.35600015605489715,12.145833333333334,13.520833333333334,11.75,13.5,0.40650000000000003,0.5714999999999999,0.11112683705137782,0.19854062499999997,0.6159062499999995,0.076,0.573,92.99191666666665,91.916,0.6778281250356701,91.72881666666666,94.32333437499999,91.4015,93.447,1
23,12.175749999999999,11.571,0.428281953933641,11.403869791666667,13.031001041666666,11.07,13.073,11.8125,11.25,0.47568838371963335,10.916145833333333,12.708333333333334,10.5,12.5,0.36325,0.569,0.1236399818371697,0.09291354166666665,0.5923385416666666,0.075,0.571,89.40154166666666,88.5505,0.5260473265587323,88.44894062499999,90.29403020833333,88.289,89.88419999999998,1
24,11.195374999999999,11.07,0.36575541647796683,10.465041666666666,11.925626041666668,10.069,12.3225,10.791666666666666,10.75,0.34436018526837225,10.166666666666666,11.479166666666666,10.0,11.5,0.40370833333333334,0.5694999999999999,0.10731827375167124,0.17479166666666665,0.6121697916666666,0.07,0.5714999999999999,92.36037499999999,92.428,0.22709382288630406,91.95457083333332,92.76566875,91.90859999999999,92.938,1
25,14.511875000000002,15.576,0.47673511586358286,13.510665625000001,15.367683333333334,15.075,16.076,14.0625,15.0,0.45276175470299956,13.125,14.854687499999999,14.5,15.5,0.449375,0.576,0.07545071845155003,0.28224895833333336,0.5755010416666666,0.569,0.576,96.19383333333333,96.469,0.2589477849181367,95.65236770833334,96.69302499999998,95.468,96.968,1
26,16.9105,17.077,0.18240384602161827,16.55604166666667,17.244042708333335,16.577,17.578,16.375,16.5,0.17354467327805947,16.061979166666667,16.708333333333332,16.0,17.0,0.5355,0.577,0.05144086938882605,0.4314583333333333,0.639625,0.5764875,0.578,97.52316666666667,97.71199999999999,0.21190915016276524,97.10874583333332,97.91571041666666,96.968,98.453,1
27,16.28475,16.076,0.20192548893022436,15.930166666666667,16.639376041666665,15.576,17.077,15.895833333333334,15.5,0.21488783446478815,15.5,16.313020833333333,15.0,16.5,0.38891666666666663,0.576,0.058746381839455034,0.28445729166666667,0.49316770833333323,0.078,0.576,98.55433333333333,98.6995,0.15417715984657926,98.266125,98.86233645833333,97.96,98.946,1
28,15.054416666666668,14.825,0.18196220061235485,14.699916666666667,15.388084375,14.575,15.576,14.8125,14.5,0.1946115138021074,14.4375,15.1875,14.25,15.0,0.24191666666666664,0.076,0.05761494235114362,0.13791666666666666,0.34641874999999994,0.075,0.575,99.00474999999999,98.946,0.18568695655143205,98.65591666666667,99.35283645833333,98.946,99.436,1
29,12.780791666666667,13.073,0.4745172603386515,11.862994791666667,13.719421874999998,12.072,14.074,12.375,12.5,0.4780034715779581,11.395312500000001,13.208333333333334,11.0,13.5,0.4057916666666667,0.32249999999999995,0.07777743653953784,0.2794552083333333,0.5521677083333333,0.075,0.573,99.82241666666668,99.926,0.1348088275593353,99.55762187499998,100.10700312500002,99.436,100.1695,1
30,10.152208333333334,9.317499999999999,0.3625418565498388,9.463665625,10.862186458333333,9.067,11.07,9.625,9.0,0.3244979399680039,9.041145833333333,10.25,8.5,10.75,0.5272083333333333,0.567,0.07945981527386964,0.36119999999999997,0.6730510416666666,0.566,0.57,100.45229166666667,100.6565,0.1549846822628326,100.14783020833332,100.736959375,100.1695,100.9,1
31,12.301208333333335,13.073,0.308808585823225,11.67525,12.885375000000002,12.5729875,13.073,11.75,12.5,0.2886751345948129,11.145833333333334,12.270833333333334,12.25,12.5,0.5512083333333333,0.573,0.07060471150593103,0.40537291666666664,0.6767104166666666,0.5705,0.573,101.12066666666665,101.384,0.12394902626124622,100.85795312500001,101.34329270833334,100.9,101.384,1
32,13.719624999999999,14.074,0.1020624952851956,13.511083333333334,13.907291666666666,13.574,14.074,13.229166666666666,13.5,0.10842735607720831,13.020833333333334,13.4375,13.0,13.5,0.4904583333333332,0.574,0.04915050013628898,0.40695729166666667,0.5945833333333332,0.573,0.574,100.08679166666667,99.926,0.15156575292838698,99.802125,100.37120833333334,99.926,100.413,1
33,15.4715,15.576,0.14440613018422255,15.179582291666668,15.742541666666668,15.576,16.076,15.083333333333334,15.5,0.12650065398620358,14.854166666666666,15.291666666666666,15.0,15.5,0.3881666666666666,0.576,0.05052731599675317,0.2838739583333333,0.47170833333333323,0.076,0.576,97.977125,97.96,0.2112136969278452,97.5856625,98.38717708333333,97.464,98.453,1
34,14.95004166666667,15.3255,0.2578312733246824,14.470373958333333,15.429709374999998,14.575,16.076,14.458333333333334,14.75,0.24061490269924304,14.0,14.916666666666666,14.0,15.5,0.49170833333333325,0.576,0.0492430926211354,0.3873739583333333,0.5755010416666667,0.575,0.576,98.09620833333334,97.96,0.32401248510547775,97.50090416666667,98.71488333333333,96.968,98.6995,1
35,16.117791666666665,17.077,0.5809494539462611,14.949398958333333,17.244394791666664,14.825000000000001,17.578,15.875,16.75,0.6028690462749948,14.729166666666666,17.145833333333332,14.75,17.5,0.24279166666666663,0.078,0.07158280345588502,0.09691249999999998,0.36787604166666665,0.0775,0.577,87.53141666666666,83.517,1.9902309502179178,83.60196041666666,91.40197083333332,82.979,84.588,1
36,17.277199999999997,18.328,0.4554912420441774,16.4265,18.077951249999998,15.3255,19.079,16.9,18.0,0.47655562441114335,15.95,17.775,14.75,18.5,0.37720000000000004,0.575,0.06678053608649753,0.2519475,0.5016525000000001,0.079,0.578,88.84365000000001,92.172,1.1736042466535126,86.45942000000001,91.01818625,82.979,92.938,1
0,11.610375,11.840499999999999,0.34038348371699656,10.942582291666666,12.278209375,10.337499999999999,12.591,10.8125,10.75,0.38987700122853686,10.083333333333334,11.5,9.5,12.0,0.797875,0.5914999999999999,0.09922800403323798,0.6104520833333333,1.0055427083333333,0.587,1.0865125,78.87779166666667,82.19300000000001,1.2947152546039722,76.33811250000001,81.30075,80.859,82.989,2
1,10.963416666666665,11.59,0.4769903681336454,10.086830208333334,11.777416666666667,11.089,12.591,10.375,10.75,0.4343181395898767,9.541666666666666,11.166666666666666,10.5,11.5,0.5884166666666667,0.591,0.1706150204563303,0.27333958333333375,0.9225458333333333,0.33599999999999997,1.091,84.43295833333333,84.571,0.32748968054970196,83.82115416666667,84.99653645833335,83.518,85.1010125,2
2,14.447958333333332,13.843499999999999,0.534397234190096,13.404518750000001,15.491477083333333,12.091,15.846,13.520833333333334,12.5,0.5217021738622146,12.5625,14.5,11.5,15.0,0.9271249999999999,0.5974999999999999,0.13696982520359857,0.6562895833333333,1.1791302083333328,0.5909875,1.099,83.67762499999999,82.989,0.5077810059910569,82.66814791666667,84.67872916666667,82.459,85.095,2
3,14.67725,16.096,0.5683866987461921,13.508361458333331,15.720334375,12.591,17.097,14.145833333333334,15.75,0.5164672067071294,13.145312500000001,15.0625,13.0,16.0,0.5314166666666668,0.597,0.12916504323430472,0.280775,0.76166875,0.0905,1.0965125,87.04975000000002,87.693,0.5438270560093772,85.96900208333334,88.09098229166666,85.095,88.721,2
4,15.220166666666666,14.594,0.26653660777653826,14.698708333333334,15.762458333333333,14.094,15.852249999999994,14.395833333333334,14.0,0.21906249246245862,13.979166666666666,14.833333333333334,13.5,15.0,0.8243333333333333,0.596,0.09526662939523213,0.6364124999999999,0.991628125,0.594,1.096,88.17208333333333,88.208,0.47684320835075483,87.22326562500001,89.10148854166667,87.177,89.48949999999999,2
5,14.990541666666667,14.344,0.33955218793333375,14.343916666666667,15.637727083333333,13.593,15.846,14.333333333333334,13.5,0.3582195640087896,13.686979166666667,15.020833333333334,13.0,15.0,0.6572083333333333,0.593,0.10121740805134684,0.449125,0.8453343749999999,0.592,1.093,86.51166666666667,86.399,0.5152627571804486,85.58348645833334,87.48378958333335,85.0945,87.9495,2
6,13.759541666666669,13.092,0.41286493290550574,12.987666666666668,14.552334375,12.591,14.594,13.25,13.0,0.4298634768105476,12.479166666666666,14.083854166666667,12.0,14.5,0.5095416666666667,0.591,0.09826404422923488,0.32225,0.6769604166666666,0.097,0.595,83.903125,83.7815,0.7203253348930386,82.51148645833335,85.19926562500001,82.989,85.611175,2
7,12.987666666666664,12.8415,0.4154466849881377,12.215707291666666,13.717959375,11.089,14.093499999999999,12.416666666666666,12.5,0.3920249671630967,11.666666666666666,13.188020833333333,11.0,13.5,0.5710000000000001,0.5894999999999999,0.1363913141651995,0.3204145833333333,0.8213375000000002,0.588,1.091,85.65891666666668,85.8785,0.19611527884542412,85.26682395833333,86.00825208333332,85.095,86.139,2
8,12.487041666666665,12.341,0.2729293883250271,11.965416666666668,12.987709374999998,12.091,13.342500000000001,12.166666666666666,12.0,0.24388660547168725,11.729166666666666,12.604687499999999,12.0,12.5,0.320375,0.34099999999999997,0.10860942209140506,0.13134270833333378,0.5099020833333329,0.091,0.592,88.66699999999999,88.208,0.42815176606269956,87.81050312499998,89.48005937500001,87.177,89.9975,2
9,12.445291666666668,12.591,0.17440113348054687,12.110937499999999,12.779083333333332,12.091,13.092,12.125,12.25,0.16277151230295586,11.811979166666667,12.416666666666666,12.0,12.5,0.32029166666666664,0.34099999999999997,0.07960781312172918,0.15370520833333332,0.48687604166666665,0.091,0.591,92.58620833333335,92.274,0.14404060391671122,92.31499895833335,92.857878125,92.274,92.776,2
10,11.693958333333333,12.091,0.35287084757662324,10.963581249999999,12.383270833333334,11.089,12.591,11.291666666666666,11.75,0.39804397955732956,10.5,12.020833333333334,10.0,12.25,0.40229166666666666,0.5845,0.11953711265263398,0.15337187500000002,0.6522510416666667,0.092,0.591,93.37866666666666,93.275,0.10395375342065134,93.17091354166665,93.58621145833334,93.275,93.774,2
11,9.690208333333333,9.3355,0.4348511821866816,8.8756875,10.629417708333332,8.083,11.088999999999999,9.5,9.0,0.3865960705169291,8.811979166666667,10.25,8.0,10.75,0.19020833333333334,0.083,0.16516210722695251,-0.14367083333333333,0.5026687499999999,-0.409,0.8354999999999999,93.52366666666667,93.774,0.13428609771174146,93.25378958333336,93.79375,93.275,94.02250000000001,2
12,11.589416666666667,12.091,0.5291254197664247,10.587664583333332,12.612603125,11.089,12.8415,11.1875,11.75,0.45724095778731466,10.291666666666666,12.0625,11.493750000000006,12.0,0.40191666666666664,0.5865,0.14428413891189115,0.12771041666666708,0.673959375,0.082,0.591,93.813875,93.774,0.1401170487989611,93.54462083333333,94.083375,93.275,94.271,2
13,12.612,12.8415,0.3443345451526862,11.965207291666665,13.279709374999998,12.091,13.593,12.0,12.25,0.33648868878635346,11.395312500000001,12.604166666666666,11.0,13.0,0.612,0.59,0.10210276508342545,0.44365312500000037,0.8200041666666666,0.094,0.594,94.20745833333335,94.271,0.13449396542637557,93.93895833333333,94.475628125,93.774,94.271,2
14,10.796458333333334,10.337499999999999,0.4176938063540635,10.045083333333334,11.568710416666667,9.586,12.091,10.645833333333334,10.25,0.45888882674784065,9.729166666666666,11.479166666666666,9.25,12.0,0.15062500000000004,0.33849999999999997,0.171048512193327,-0.1835427083333333,0.4625989583333333,-0.16599999999999998,0.59,94.02129166666668,93.774,0.13034193435749372,93.79333020833333,94.26970833333333,93.774,94.271,2
15,10.90075,11.59,0.5106492750070418,9.89895625,11.819725,10.588,12.591,10.895833333333334,11.5,0.49543127042992224,9.875,11.770833333333334,10.5,12.5,0.004916666666666648,0.091,0.18979314556607343,-0.37005,0.35808854166666665,0.081,0.33749999999999997,91.21770833333333,90.5075,0.32540115976989,90.56819270833333,91.84862708333334,90.254,92.776,2
16,15.011333333333335,14.594,0.28214393147404915,14.468998958333334,15.554266666666665,14.094,15.852249999999994,14.208333333333334,14.0,0.3068019156702533,13.624479166666667,14.792187499999999,13.5,15.25,0.8029999999999999,0.597,0.0947129148104104,0.6159166666666667,0.9699197916666668,0.594,1.0935000000000001,87.308625,88.208,0.5424815191285454,86.22850625000001,88.322865625,86.659,88.722,2
17,13.008666666666668,12.8415,0.3760842329073979,12.278414583333333,13.718644791666668,11.59,14.094,12.5,12.5,0.39009474880274697,11.791666666666666,13.292187499999999,11.0,13.5,0.5086666666666666,0.5894999999999999,0.13349076756148567,0.23849270833333336,0.737753125,0.094,0.8434999999999999,89.10449999999999,89.234,0.1640256475173267,88.78266770833332,89.40354375000001,88.722,89.234,2
18,13.509083333333336,14.594,0.4238096070541594,12.653583333333335,14.302041666666668,13.593,14.8445,13.291666666666666,14.0,0.3572700774100182,12.5625,13.9375,14.0,14.25,0.21741666666666662,0.3445,0.12174567987256407,-0.013259374999999985,0.44784375,0.086,0.594,90.54708333333333,90.761,0.2002630418473456,90.14420000000001,90.90713020833333,90.254,91.267,2
19,16.283875,16.597,0.20618126709369683,15.887498958333335,16.680167708333332,16.0964875,16.847,15.729166666666666,16.0,0.2231590683946393,15.270833333333334,16.145833333333332,15.5,16.25,0.5547083333333334,0.597,0.10391017370729023,0.34645624999999997,0.7424625,0.594,1.094,93.29199999999999,93.275,0.2467804281342934,92.81390833333334,93.79171874999999,92.776,93.78021249999999,2
20,15.303541666666666,15.596,0.2590370124857845,14.803000000000003,15.804042708333334,14.094,16.096,14.729166666666666,15.0,0.24631186537427424,14.291666666666666,15.25,13.5,15.5,0.574375,0.596,0.06377095599015709,0.4491666666666667,0.699375,0.594,0.597,98.06733333333334,98.19,0.16822703631935151,97.72445729166668,98.36991875,97.706,98.432,2
21,13.885,13.593,0.1474032106900631,13.634625,14.177083333333334,13.593,14.094,13.520833333333334,13.5,0.12582757449150586,13.270833333333334,13.770833333333334,13.0,13.5,0.3641666666666666,0.593,0.06016699787134341,0.259665625,0.46875104166666665,0.093,0.594,96.62958333333331,96.732,0.5395011078304123,95.510996875,97.62757812499999,95.9975,98.4305,2
22,13.655416666666667,13.342500000000001,0.28162826200318963,13.175539583333332,14.218751041666666,13.085737500000006,14.344,13.395833333333334,13.0,0.3127414526147356,12.833333333333334,14.021354166666667,12.5,14.0,0.25958333333333333,0.094,0.10276161235320297,0.05145833333333333,0.4674177083333333,0.091,0.592,88.55679166666665,88.978,0.7523597634726575,87.14872499999998,90.03623541666666,87.693,90.254,2
23,12.2365,11.339500000000001,0.41274785702443184,11.48533229166667,13.092002083333334,11.089,13.593,11.958333333333334,11.5,0.4391574882851347,11.104166666666666,12.8125,11.0,13.0,0.2781666666666667,0.0955,0.17503359580902106,-0.05550104166666669,0.6333104166666667,0.087,0.588,88.54545833333333,88.208,0.2890933978459903,88.00935312499999,89.10006249999999,87.693,89.745,2
24,11.172208333333332,11.089,0.35759122672650023,10.483019791666667,11.840086458333333,10.337499999999999,12.097249999999994,10.916666666666666,10.5,0.33468927113452623,10.270312500000001,11.563020833333333,10.0,11.5,0.2555416666666666,0.586,0.14971325223750703,-0.03712499999999999,0.5474229166666666,-0.16201249999999998,0.5910124999999999,89.80804166666667,89.745,0.08849869971956249,89.63804166666665,89.977875,89.73861250000002,90.254,2
25,14.448,15.596,0.4938878737973409,13.509081249999998,15.324892708333332,15.095,16.096,14.270833333333334,15.5,0.4642852995432665,13.291145833333333,15.104687499999999,15.0,15.5,0.1771666666666666,0.34149999999999997,0.14030447825482084,-0.09603229166666627,0.44595729166666664,0.096,0.596,92.03779166666668,91.771,0.29958558320394424,91.48924895833335,92.64467187500001,91.771,92.776,2
26,17.013916666666667,17.097,0.18973834879226562,16.659373958333333,17.389333333333333,16.597,17.598,16.479166666666668,16.5,0.189103449821254,16.125,16.8546875,16.0,17.0,0.53475,0.597,0.06252565415520442,0.40975,0.6596666666666666,0.596,0.598,98.26512500000001,98.674,0.2859855405315383,97.67733229166669,98.77245729166667,98.19,99.155,2
27,16.30479166666667,16.096,0.20854384708353527,15.950250000000002,16.70112604166667,15.596,17.097,15.791666666666666,15.5,0.17784098363126874,15.458333333333334,16.125,15.25,16.25,0.513125,0.596,0.08345128563584485,0.3461666666666667,0.6592520833333333,0.5954999999999999,0.598,99.67416666666666,99.635,0.11510832432323174,99.45363854166669,99.89412499999999,99.635,99.87450000000001,2
28,15.220125000000001,15.095,0.17891723769341128,14.865540625,15.553875,14.594,15.596,14.8125,14.5,0.17757550955636564,14.458333333333334,15.166666666666666,14.0,15.25,0.40762499999999996,0.3455,0.07261180316128593,0.2824166666666667,0.532959375,0.095,0.595,100.21141666666666,100.35249999999999,0.16520494426956728,99.89312083333333,100.52905520833333,99.635,100.829,2
29,12.591083333333335,13.092,0.41335554193199553,11.693748958333334,13.321377083333335,12.341000000000001,13.593,12.354166666666666,13.0,0.4303680244551517,11.561979166666667,13.145833333333334,11.5,13.5,0.23691666666666666,0.092,0.10631566882260614,0.02919895833333332,0.4655041666666666,0.084,0.593,101.38133333333333,101.541,0.14456924606641802,101.10441250000001,101.65770833333333,101.067,101.541,2
30,9.836333333333334,9.085,0.38848527692368656,9.147582291666668,10.566792708333331,8.584,11.089,9.958333333333334,9.5,0.37338622166786095,9.270833333333334,10.666666666666666,8.5,11.0,-0.122,0.083,0.17288029912655448,-0.49616875000000005,0.1910114583333333,-0.418,0.586,101.71724999999999,101.541,0.10944567592308474,101.51952083333332,101.93354374999998,101.541,102.013,2
31,12.236458333333333,13.092,0.34173046936530677,11.54775,12.862584374999999,12.091,13.092,11.979166666666666,12.5,0.2909865258264726,11.395833333333334,12.5,12.5,12.5,0.25729166666666664,0.592,0.13711921554743156,-0.03688437499999957,0.5076270833333333,0.086,0.592,101.40154166666666,101.541,0.122744919006484,101.14499375,101.61883437499999,101.067,101.541,2
32,13.759833333333333,14.094,0.13704986486289286,13.4885,13.989458333333333,13.593,14.094,13.333333333333334,13.5,0.11526067913468745,13.104166666666666,13.5625,13.5,13.5,0.42650000000000005,0.593,0.06513222337475616,0.3012072916666667,0.5518354166666666,0.093,0.594,101.08591666666668,101.067,0.09694116915829804,100.90697395833334,101.26425,100.829,101.541,2
33,15.449666666666667,15.596,0.1579482540776681,15.136750000000001,15.720792708333331,15.596,16.096,15.1875,15.5,0.14374803086237944,14.895833333333334,15.4375,15.5,15.5,0.26216666666666666,0.096,0.07776722668254103,0.11603958333333331,0.40812604166666655,0.096,0.596,100.60987499999999,100.591,0.11984537611324213,100.39124583333333,100.82792083333334,100.114,101.067,2
34,15.011416666666667,15.596,0.2551157588678233,14.531064583333333,15.470417708333333,14.594,16.096,14.541666666666666,14.75,0.2461969185536529,14.0625,15.020833333333334,14.0,15.5,0.46975000000000006,0.5945,0.062141180131342386,0.36491562499999997,0.5948343750000001,0.344,0.596,100.23125,100.114,0.16817787609327856,99.93177916666667,100.56958645833335,100.114,100.591,2
35,16.3665,17.097,0.7962811957805003,15.011166666666668,18.22192916666667,16.597,17.598,11.791666666666666,11.5,0.2962884333699044,11.229166666666666,12.395833333333334,10.5,12.5,4.574833333333333,5.098,0.7851019034445597,3.0936479166666673,6.20213125,1.8377375000000056,7.098,86.24975,82.459,2.4097275104913503,81.82412395833335,90.82128437499999,81.927,84.045,2
36,17.372249999999998,18.599,0.4656824074466021,16.49625,18.24815125,15.345500000000001,19.099,15.225,18.25,0.9844013676501973,13.398750000000001,17.05,10.75,18.5,2.147249999999999,0.599,0.5695903184930837,1.0980975000000002,3.2973037499999993,0.099,3.5940000000000003,87.81839999999998,89.744,1.2240162976211166,85.41270625,90.2515425,82.19300000000001,91.519,2
0,11.129125,11.3385,0.3780504495918425,10.397353125,11.860334375,9.834,12.0905,10.270833333333334,9.75,0.4484061615865601,9.478645833333333,11.145833333333334,9.0,11.5,0.8582916666666667,0.5934999999999999,0.11195909383624383,0.6510802083333334,1.064715625,0.585,1.085,82.48875,87.092,1.7607443123618192,79.01370729166666,85.72519687500001,83.751,87.644,3
1,10.272333333333334,10.586,0.4137177487174858,9.4365,11.004270833333335,10.586,11.839500000000001,9.729166666666666,10.0,0.4213280920032643,8.895833333333334,10.438020833333333,10.0,11.0,0.5431666666666667,0.59,0.14421753730955486,0.25185312499999996,0.8176041666666662,0.33799999999999997,1.077,92.88970833333333,93.096,0.29384585379767125,92.32624791666667,93.43082916666665,92.557,93.634,3
2,13.593541666666667,13.343499999999999,0.42444015973972027,12.841232291666666,14.386835416666667,12.09,14.596,13.083333333333334,12.5,0.47934385507792443,12.208333333333334,14.022916666666665,11.493750000000006,14.5,0.5102083333333334,0.5894999999999999,0.1365663025675832,0.25880416666666706,0.7605427083333334,0.08998750000000001,1.089,93.31020833333332,92.557,0.45712388903284973,92.4564,94.27058020833333,92.2865,94.171,3
3,14.365875,15.598,0.5471300328727869,13.280244791666668,15.368727083333333,12.592,16.6,14.020833333333334,15.5,0.5487792502080753,12.916666666666666,15.104687499999999,13.0,16.0,0.34504166666666664,0.599,0.12416650344070589,0.1337000000000004,0.5735583333333334,0.08998750000000001,0.6,94.993875,95.242,0.24547337669995573,94.503534375,95.43934479166666,94.7065,95.775,3
4,14.700375,14.596,0.20669779288014126,14.324625,15.118396875000002,13.8445,15.3475,14.1875,13.75,0.24229522206944398,13.75,14.666666666666666,13.25,14.75,0.512875,0.5945,0.09349553024463061,0.32554062500000003,0.6800489583333332,0.594,0.599,95.61291666666666,95.775,0.36189343012899716,94.89902395833334,96.23696458333333,95.242,96.307,3
5,14.241124999999998,13.594,0.254960513513538,13.761000000000001,14.742125000000001,13.594,15.097,13.833333333333334,13.25,0.3264691801745836,13.208333333333334,14.4375,12.5,14.5,0.4077916666666667,0.593,0.11944935527344444,0.17883020833333332,0.6367947916666667,0.096,0.597,94.99054166666667,94.707,0.3479496255975891,94.34235729166667,95.63750104166667,93.634,95.775,3
6,13.134375,12.592,0.320549860534626,12.528748958333335,13.739958333333334,12.592,14.095,12.708333333333334,12.25,0.4276628711975898,11.916666666666666,13.500520833333333,11.5,13.5,0.42604166666666665,0.592,0.14280640182701118,0.15511979166666712,0.7170843750000001,0.094,0.8415,93.63879166666668,93.36500000000001,0.5984163974250084,92.42555833333336,94.69943125,93.096,95.241,3
7,12.382500000000002,12.341000000000001,0.33585562374329836,11.735125000000002,13.071584375,11.088,13.343499999999999,11.9375,12.0,0.416281524897532,11.125,12.770833333333334,10.5,12.75,0.445,0.5934999999999999,0.16315391284110328,0.11069375000000047,0.7378677083333329,0.585,1.0870000000000002,94.772625,94.707,0.15856592160538538,94.48333125,95.08552291666666,94.171,95.242,3
8,12.299000000000001,12.09,0.26973863490316013,11.797147916666667,12.800209375000001,11.589,13.093,11.854166666666666,11.75,0.29408290058325215,11.270833333333334,12.4375,11.5,12.5,0.44483333333333336,0.59,0.11046273990904157,0.21730312499999999,0.6554885416666663,0.34049999999999997,0.5945,98.12720833333333,98.158,0.41630584657860775,97.2938625,98.9179875,96.307,99.994,3
9,12.445458333333335,12.592,0.17195450379036972,12.132207291666667,12.779625000000001,12.09,13.093,11.916666666666666,12.0,0.20338322029979986,11.5,12.3125,11.5,12.5,0.5287916666666667,0.592,0.08670947199246783,0.361665625,0.69516875,0.34099999999999997,0.594,100.40654166666666,100.516,0.10851066833223492,100.23261770833332,100.64520937500001,99.994,100.516,3
10,11.693166666666668,12.09,0.3671278933786132,11.024708333333335,12.382541666666667,10.837,12.592,10.854166666666666,11.0,0.4366364839109596,10.041666666666666,11.666666666666666,9.5,12.0,0.839,1.0790000000000002,0.11991521763433473,0.6110218749999999,1.0478791666666663,0.592,1.086,100.03658333333334,99.994,0.13664426623597903,99.77529166666666,100.29755,99.471,100.516,3
11,9.478458333333334,8.831,0.39703499817974414,8.74720625,10.272584375000001,8.078,10.592762499999996,8.916666666666666,8.5,0.45211526468411406,8.061979166666667,9.729687499999999,7.25,10.5,0.5617916666666667,0.592,0.1575515096258569,0.25055208333333334,0.8318885416666667,0.58,1.0775000000000001,100.12391666666667,99.994,0.1145346273294148,99.88458125000002,100.34162500000001,99.994,100.516,3
12,11.087208333333331,11.839500000000001,0.4466682375290083,10.209064583333333,11.902001041666667,10.586,12.0900125,10.979166666666666,11.5,0.4829325862377083,10.041666666666666,11.833854166666667,11.0,12.0,0.10804166666666665,0.33349999999999996,0.14253961411194985,-0.18207812499999998,0.35850937499999996,-0.406,0.59,100.25433333333335,99.994,0.11312217114193299,100.05793125000001,100.49291666666666,99.994,100.516,3
13,12.361666666666666,12.592,0.31063899002798073,11.776791666666668,12.946503125,12.09,13.343499999999999,11.8125,12.25,0.38284369327215106,11.104166666666666,12.521354166666667,10.5,12.75,0.5491666666666667,0.583,0.13736233776311757,0.30051666666666665,0.7986708333333333,0.095,0.8425,99.94979166666667,99.994,0.11309797566017671,99.70987395833333,100.14595833333333,99.994,99.994,3
14,10.648541666666667,10.3355,0.3892458659092161,9.938125,11.359395833333332,9.583,12.09,10.1875,9.75,0.49527888864379427,9.270833333333334,11.0,9.0,12.0,0.4610416666666666,0.5874999999999999,0.18568292944381226,0.10933333333333338,0.7727916666666667,0.094,1.083,99.884125,99.994,0.14060213823827106,99.62228541666667,100.124446875,99.471,100.255,3
15,10.585833333333333,11.088,0.4705861503266188,9.728359375,11.442584374999997,9.834,12.09,10.5625,11.0,0.5386447196974747,9.5,11.5625,10.5,12.5,0.023333333333333334,0.088,0.18354343034076717,-0.31012708333333333,0.37760000000000005,-0.407,0.573,96.91733333333336,96.572,0.3962568001824339,96.14401666666669,97.68923854166667,95.775,98.947,3
16,14.261958333333334,14.095,0.24990993652472543,13.760958333333335,14.763,13.594,15.097,14.020833333333334,13.5,0.32620896469493754,13.395833333333334,14.666666666666666,13.5,14.5,0.24112499999999995,0.346,0.13928966159732944,-0.008545833333333338,0.5108489583333333,-0.401,0.595,94.564375,95.242,0.4231078288426,93.73383437500003,95.34887708333333,94.1705,95.775,3
17,12.779333333333334,12.592,0.3423811158671218,12.152998958333335,13.447502083333333,11.589,14.095,12.291666666666666,12.25,0.4287205715876199,11.5,13.125,10.75,13.5,0.4876666666666667,0.5905,0.1588859843996548,0.15511979166666665,0.7590833333333333,0.089,1.089,95.77433333333335,95.775,0.1154428095228604,95.55283333333334,95.99617187500002,95.76833750000002,95.775,3
18,13.384666666666668,14.596,0.4091855673192976,12.528373958333336,14.136583333333334,13.594,14.596,13.1875,14.0,0.41464637019855916,12.375,13.895833333333334,13.5,14.256249999999994,0.19716666666666668,0.589,0.13461008730353285,-0.07383437499999998,0.44660520833333334,0.083,0.596,96.92433333333334,96.837,0.15816583054405542,96.63733125000002,97.25508750000002,96.307,97.367,3
19,16.203374999999998,16.6,0.2066977928801412,15.806750000000001,16.579125,16.099,16.6,15.854166666666666,16.0,0.22214200695959932,15.436979166666667,16.250520833333333,16.0,16.5,0.34920833333333334,0.3485,0.0903053792346824,0.18270625000000001,0.5164291666666666,0.099,0.6,98.61687500000001,98.421,0.1837002058382084,98.26704062499999,98.98846458333333,97.895,98.947,3
20,15.326625,15.598,0.24680448910502273,14.867375000000001,15.827625,14.095,15.848500000000001,14.729166666666666,15.0,0.26233891998176345,14.228645833333333,15.229166666666666,13.5,15.5,0.5974583333333333,0.5965,0.07368575509708138,0.4720812499999999,0.7434614583333334,0.595,0.599,100.75237499999999,100.77600000000001,0.19302553721283727,100.405071875,101.12075312500001,100.516,101.036,3
21,13.614874999999998,13.594,0.11475060090303973,13.406124999999998,13.824146875,13.093,13.594,13.125,13.0,0.15710815069401318,12.8125,13.458854166666667,12.5,13.0,0.489875,0.5934999999999999,0.0735095949692027,0.36478854166666663,0.6354604166666666,0.593,0.594,100.20679166666667,100.255,0.29824586187810764,99.57490729166668,100.74882395833333,99.471,101.036,3
22,12.946583333333331,12.592,0.24033742823000454,12.46633125,13.406519791666668,12.341000000000001,13.343499999999999,12.8125,12.5,0.34422315920538143,12.145312500000001,13.458333333333334,12.0,13.506249999999994,0.13408333333333333,0.092,0.15586753383519206,-0.15667083333333337,0.4458333333333333,-0.15700000000000003,0.59,95.55941666666668,96.307,0.5549247694039868,94.422521875,96.54538854166668,95.242,96.572,3
23,11.902083333333332,11.088,0.3741850464321496,11.212831249999997,12.696225,10.837,13.093,11.416666666666666,10.5,0.48870083119988555,10.499479166666667,12.3125,10.25,12.0,0.4854166666666668,0.588,0.20148441803911385,0.11040937500000002,0.8203958333333331,0.097,1.086,95.14695833333333,94.707,0.33037344086921305,94.49978229166668,95.74675833333333,94.707,95.242,3
24,10.941291666666666,11.088,0.3128928978168521,10.356375,11.547125,10.085,11.589,10.520833333333334,10.25,0.3776826349004069,9.791666666666666,11.208333333333334,9.5,11.0,0.4204583333333334,0.5854999999999999,0.14304377534044377,0.13045729166666667,0.6908354166666666,0.093,1.08,95.86279166666667,95.775,0.13079475540119717,95.59683229166667,96.10646041666668,95.775,96.307,3
25,14.44941666666667,15.598,0.49430467162846026,13.467958333333334,15.347894791666667,15.090737500000005,16.099,14.375,15.5,0.4956787909202046,13.416666666666666,15.208854166666667,15.0,15.5,0.07441666666666664,0.099,0.1395942868295796,-0.19738020833333333,0.34546145833333336,0.09785000000000015,0.598,98.0455,97.895,0.23413634080799267,97.58549999999998,98.48458854166667,97.366,98.947,3
26,16.975583333333333,17.101,0.17384479914803677,16.620833333333334,17.309417708333335,16.6,17.602,16.458333333333332,16.5,0.18532351918546397,16.104166666666668,16.7921875,16.0,17.0,0.51725,0.5994999999999999,0.07166142338419798,0.39178645833333337,0.6426770833333333,0.102,0.602,100.644,100.516,0.19109929887099433,100.29624583333333,101.01335625,99.994,101.036,3
27,16.286875,16.099,0.1926547779087946,15.931478125000002,16.663146875000002,15.598,16.8505,15.875,15.5,0.20687898163776397,15.458333333333334,16.25,15.0,16.25,0.411875,0.3495,0.09431010582001599,0.2435135416666671,0.578296875,0.10098750000000002,0.5985,102.30904166666666,102.3315,0.13553282504119576,102.05091249999998,102.56675625,102.073,102.59,3
28,15.013499999999999,14.846499999999999,0.152780497560332,14.700375000000001,15.305750000000002,14.596,15.097,14.645833333333334,14.5,0.19615684040748455,14.25,15.041666666666666,14.0,15.006249999999994,0.36766666666666664,0.5954999999999999,0.09010663301893854,0.20145729166666662,0.5343760416666667,0.099,0.5965,103.34024999999998,103.619,0.09782847400469338,103.14741458333334,103.53291770833333,103.105,103.619,3
29,12.633000000000001,13.093,0.4103248359708351,11.818372916666668,13.342999999999998,12.09,13.8445,11.854166666666666,12.5,0.49952800789978585,10.832812500000001,12.771354166666667,11.0,13.25,0.7788333333333334,1.081,0.12991688628886996,0.5509885416666668,1.0075479166666668,0.09698750000000002,1.093,103.638875,103.619,0.17610026080867727,103.27495833333334,103.93917604166667,103.105,104.132,3
30,9.812791666666667,9.3325,0.3320398907585529,9.227104166666669,10.461228125000002,8.58,10.586,9.291666666666666,8.75,0.4092639498860467,8.479166666666666,10.000520833333333,8.0,10.5,0.5211250000000001,0.58,0.17608198963629235,0.14682499999999998,0.8532531250000001,0.08499999999999999,1.08,104.40804166666668,104.132,0.15375182901194015,104.13087395833334,104.72729479166667,104.132,104.644,3
31,11.923208333333333,12.592,0.3245922524634553,11.2959375,12.528959375,12.0905,12.592,11.833333333333334,12.5,0.31660945326019535,11.166666666666666,12.417187499999999,12.0,12.5,0.089875,0.092,0.09536788631893878,-0.117271875,0.25766875,0.092,0.33849999999999997,103.40387500000001,103.362,0.1482387702873455,103.12483125000001,103.68270833333334,103.105,103.619,3
32,13.594,13.594,0.12062662479194076,13.364375,13.802750000000001,13.594,14.095,13.291666666666666,13.5,0.11227500313294325,13.0625,13.5,13.0,13.5,0.30233333333333334,0.095,0.06682994497898169,0.17745729166666668,0.427709375,0.094,0.594,103.2115,103.105,0.11556463465355073,102.99737499999999,103.46804479166669,103.105,103.362,3
33,15.410124999999999,15.598,0.16187271695553032,15.097,15.702374999999998,15.598,15.598,15.166666666666666,15.5,0.15541746804005233,14.833333333333334,15.458333333333334,15.25,15.5,0.24345833333333333,0.098,0.06379124068620257,0.11841666666666666,0.3686260416666666,0.098,0.596,102.84716666666668,102.59,0.09299816241496607,102.67468229166667,103.01887604166669,102.59,103.105,3
34,15.0135,15.598,0.2462280667786782,14.512500000000001,15.493625,14.596,16.099,14.395833333333334,14.75,0.2933118713327749,13.8125,14.916666666666666,14.0,15.5,0.6176666666666667,0.599,0.08743406763713377,0.45070625,0.8042177083333334,0.5898250000000056,0.8455,103.01837499999999,102.59,0.13377824518908013,102.76099791666665,103.27545833333333,102.59,103.362,3
35,12.111125000000001,12.09,0.22271168331695032,11.693415625,12.570584375,11.582737500000004,12.592,11.5,11.5,0.24635016906245766,11.041666666666666,12.020833333333334,10.5,12.0,0.611125,0.59,0.10631741360940929,0.3824895833333333,0.8187093750000001,0.3404875,1.088,104.00287500000002,104.132,0.14227829578360485,103.74649166666669,104.25937604166668,103.619,104.644,3
36,15.421100000000001,18.603,0.9829919898479657,13.341846250000003,17.199605,10.3355,18.8535,15.1,18.0,0.9689929661360049,13.175,16.875,10.5,18.5,0.32109999999999994,0.583,0.07710614351931402,0.16939124999999997,0.4698612499999999,0.103,0.6025,102.50345,102.0725,0.4460695395103178,101.70459125000001,103.38085625000002,100.77600000000001,104.132,3
0,10.839791666666665,10.756499999999999,0.37347779932839853,10.109875,11.507042708333332,9.505,11.507,10.770833333333334,10.25,0.39238582603533223,10.041666666666666,11.521875,9.5,11.75,0.06895833333333333,0.006,0.07556505689184408,-0.056503124999999994,0.21487604166666668,0.005,0.008512499999999989,77.92579166666667,81.429,1.2771844103497583,75.41081145833333,80.21644895833332,80.872,81.985,4
1,9.984666666666666,10.506,0.38760738889075025,9.191520833333334,10.69379270833333,10.256,11.257,9.958333333333334,10.5,0.31839251289961484,9.333333333333334,10.521354166666667,10.0,11.0,0.026333333333333344,0.006,0.11869762257039836,-0.203584375,0.25571041666666666,0.002,0.506,85.37179166666665,85.832,0.3306206886744832,84.731871875,85.98713333333333,85.28649999999999,86.376,4
2,13.300458333333333,12.7585,0.3960889227271139,12.528358333333333,14.051043749999998,12.008,14.26,13.208333333333334,12.75,0.3876684611221195,12.5,13.979166666666666,11.743750000000006,14.0,0.092125,0.009000000000000001,0.09363075629060533,-0.09549999999999999,0.27987604166666663,0.007,0.507,88.01820833333333,87.997,0.13533497061862088,87.771203125,88.28670833333332,87.72749999999999,87.997,4
3,14.051041666666665,15.511,0.5111061550559836,13.008498958333334,14.969060416666666,12.752250000000005,16.011,14.104166666666666,15.25,0.4633087979636599,13.291666666666666,14.895833333333334,12.743750000000006,16.0,-0.053125,0.011,0.0758941461649148,-0.19954166666666664,0.09341875,0.007,0.011,90.78708333333333,90.932,0.44893203754660777,89.90050208333334,91.62681770833335,89.5963,92.251,4
4,14.051333333333332,14.01,0.16746192154959322,13.738583333333333,14.384834374999999,13.509,14.51,14.375,14.0,0.15996489651152226,14.083333333333334,14.666666666666666,14.0,14.75,-0.32366666666666666,-0.49,0.04919661333145834,-0.40729166666666666,-0.2194583333333333,-0.491,-0.24,95.805625,95.892,0.11027549185227417,95.59120833333333,95.99862604166667,95.377,96.149,4
5,13.655083333333332,13.009,0.24743194728782975,13.196374999999998,14.113791666666666,12.7585,14.51,14.020833333333334,13.5,0.2526654406111509,13.5625,14.479687499999999,13.0,14.5,-0.36574999999999996,-0.491,0.08646148195768358,-0.5324583333333334,-0.19891666666666666,-0.492,0.008,95.395375,95.377,0.20722762647804643,94.98805625,95.82466770833335,94.86,95.892,4
6,12.820916666666667,12.508,0.3156602346765247,12.216290625000003,13.425584375,12.008,13.7595,13.291666666666666,13.0,0.36230525336842345,12.625,14.000520833333333,12.25,13.75,-0.47075,-0.492,0.13616253674577117,-0.72100625,-0.22075,-0.494,-0.241,93.64541666666666,93.299,0.16501487544569252,93.31979062500001,93.94900208333333,93.299,93.821,4
7,12.091208333333332,12.258,0.3052674343035235,11.507416666666666,12.716876041666668,11.006499999999999,13.259,12.4375,12.5,0.28601538546840044,11.9375,12.979166666666666,11.25,13.25,-0.34629166666666666,-0.2415,0.11062663212857524,-0.5557531249999995,-0.1376239583333333,-0.494,0.009,93.47270833333334,93.299,0.08697110296301748,93.32041666666667,93.64646041666666,93.299,93.821,4
8,12.070333333333332,12.008,0.2544167432128891,11.590624999999998,12.529167708333333,11.507,12.7585,12.25,12.0,0.21702868307060783,11.8125,12.666666666666666,12.0,13.0,-0.17966666666666664,0.007,0.08426783272904462,-0.3259197916666667,-0.033457291666666666,-0.492,0.008,95.43141666666668,95.3735,0.3834536417224923,94.74403645833333,96.182678125,93.821,96.919,4
9,12.320583333333333,12.258,0.16721294802712716,12.007874999999999,12.654209374999997,12.008,13.009,12.416666666666666,12.5,0.1639267539980235,12.104166666666666,12.75,12.0,13.0,-0.09608333333333334,0.008,0.07955963301394753,-0.24204166666666663,0.049792708333333345,-0.242,0.008,98.00212499999999,97.939,0.06347298616597544,97.896125,98.12899999999998,97.939,97.939,4
10,11.840958333333333,12.008,0.363623110141345,11.111040625,12.508334375,11.007,12.7585,11.958333333333334,12.0,0.3521629165695379,11.291666666666666,12.625,11.5,13.0,-0.11737500000000001,0.007,0.07533538086787142,-0.2630854166666667,0.02833333333333334,-0.49,0.008512499999999989,96.89583333333333,96.919,0.13934235634053038,96.63961770833335,97.17233645833333,96.406,97.429,4
11,9.588416666666665,9.255,0.39129361319481454,8.837623958333335,10.318335416666667,8.003,11.007,9.791666666666666,9.25,0.3377202269494992,9.166666666666666,10.417187499999999,8.5,11.0,-0.20325000000000001,0.0035,0.12763362208096757,-0.4537104166666667,0.026666666666666682,-0.497,0.008,96.49125,96.406,0.07351949977948749,96.36197812500001,96.64074999999998,96.406,96.406,4
12,10.83975,11.507,0.39590698132556196,10.068081249999999,11.569708333333333,10.99398750000001,12.008,11.020833333333334,11.5,0.3541666666666667,10.332812500000001,11.625,11.5,12.0,-0.18108333333333335,0.005,0.09450580682770023,-0.36891770833333326,0.006336458333333327,-0.493,0.0075,96.74783333333335,96.919,0.0666738130227686,96.61953958333332,96.87595937500001,96.406,96.919,4
13,12.15375,12.258,0.3049923511157787,11.590623958333335,12.716792708333331,11.7575,13.009,12.145833333333334,12.25,0.2940829005832521,11.5625,12.729166666666666,11.5,13.25,0.007916666666666674,0.008,0.07970800235921498,-0.13829166666666667,0.15374999999999997,0.006,0.258,97.04625,96.919,0.07043751085027491,96.9185,97.19500312500001,96.919,97.174,4
14,10.652083333333332,10.256,0.3922365631059885,9.880497916666666,11.361208333333332,9.505,12.008,10.875,10.5,0.3774077293894477,10.145833333333334,11.604166666666666,10.0,12.25,-0.22291666666666665,0.0035,0.11264632861412548,-0.4324927083333328,-0.01449375,-0.495,0.006012499999999988,97.066625,96.919,0.13578775547906904,96.789621875,97.34292291666665,96.919,97.429,4
15,10.422666666666666,11.007,0.4105282019415621,9.629605208333333,11.131791666666665,9.755500000000001,11.763762499999995,10.854166666666666,11.0,0.40877951813226215,10.041145833333333,11.604166666666666,10.5,12.5,-0.4315,-0.494,0.12887723064882387,-0.6811302083333332,-0.20103750000000045,-0.498,0.007,95.58900000000001,95.377,0.20534520246139962,95.20266562499998,95.97491770833334,94.86,96.406,4
16,14.113833333333332,14.01,0.2625449420925063,13.613375,14.655833333333334,13.259,14.51,14.3125,14.0,0.28994705288769684,13.791666666666666,14.875,13.5,14.5,-0.19866666666666666,0.008,0.09941883053393004,-0.4069583333333333,-0.011124999999999996,-0.49,0.009512499999999988,92.98787499999999,92.776,0.3117789729020233,92.42084270833331,93.55731562499999,92.251,93.821,4
17,12.570749999999999,12.508,0.3032061242856876,12.007832291666666,13.154626041666667,11.507,13.509,12.833333333333334,13.0,0.3019661816813715,12.291666666666666,13.4375,11.5,13.5,-0.26258333333333334,0.007,0.09022793031103264,-0.45029270833333324,-0.09574895833333334,-0.493,0.009,93.84216666666667,93.821,0.07982035233787711,93.69025,93.99408333333332,93.821,93.82749999999999,4
18,13.071333333333333,14.01,0.3656635554013994,12.404000000000002,13.739268749999997,13.509,14.01,13.333333333333334,14.0,0.31373548044622124,12.666666666666666,13.895833333333334,13.5,14.0,-0.262,0.01,0.07978113176376508,-0.40863541666666664,-0.11566666666666665,-0.4905,0.01,94.49195833333333,94.341,0.09613331397050506,94.31895833333333,94.68641666666666,94.341,94.86,4
19,15.823333333333332,16.261,0.2103773237720452,15.406540624999998,16.219375,16.004750000000005,16.511,15.916666666666666,16.5,0.22047927592204924,15.479166666666666,16.333333333333332,16.0,16.5,-0.09333333333333334,0.011,0.09019661829409582,-0.28075208333333335,0.07337604166666668,-0.489,0.011,96.40245833333334,96.149,0.23495878438419696,95.97570625,96.85021041666666,95.6345,96.92537499999999,4
20,15.031291666666666,15.511,0.259926644328286,14.510082291666667,15.531626041666666,14.01,15.511,15.1875,15.5,0.23852752552857004,14.729166666666666,15.625,14.243750000000006,15.75,-0.1562083333333333,0.01,0.07174105456448321,-0.2813333333333333,-0.010207291666666663,-0.489,0.011,99.85416666666667,99.96,0.14186019177225848,99.580425,100.10638645833332,99.457,100.462,4
21,13.321625,13.259,0.09437419377714946,13.134,13.489060416666668,13.009,13.509,13.791666666666666,13.5,0.11623886368143702,13.583333333333334,14.041666666666666,13.5,14.0,-0.47004166666666664,-0.491,0.05610331047501599,-0.5741260416666667,-0.3658333333333333,-0.491,-0.4909875,100.753125,100.962,0.09484876047756469,100.56570520833331,100.94054270833333,100.462,100.962,4
22,12.862666666666664,12.508,0.2564498189935719,12.403915625,13.363001041666667,12.008,13.5095,13.520833333333334,13.25,0.3076311530526491,12.895833333333334,14.104166666666666,12.75,14.0,-0.6581666666666667,-0.4925,0.13679405957240806,-0.9284229166666667,-0.3872072916666667,-0.9900249999999999,-0.492,100.3555,100.462,0.16816506513076615,100.02128333333336,100.66887708333333,99.96,100.962,4
23,11.736666666666665,11.007,0.35641671622395144,11.069373958333333,12.424791666666666,10.756499999999999,12.508,12.145833333333334,11.5,0.36919316488143317,11.4375,12.854687499999999,11.25,13.0,-0.4091666666666667,-0.493,0.11912572013661717,-0.6382510416666668,-0.18037499999999998,-0.495,0.006,99.76845833333334,99.70849999999999,0.21780351951454505,99.34953020833333,100.167834375,99.205,100.211,4
24,10.881666666666666,11.007,0.31344583048326385,10.317982291666665,11.466143749999997,10.006,12.008,11.166666666666666,11.0,0.2703102529506448,10.666666666666666,11.688020833333333,10.5,12.0,-0.285,0.006,0.11243937174691339,-0.49370833333333336,-0.07608125,-0.496,0.007,98.74008333333332,98.446,0.15172245251319388,98.46548750000001,99.01469270833334,98.446,99.205,4
25,14.030333333333333,15.2605,0.4622628325190144,13.07108125,14.926958333333332,14.2595,15.511,14.229166666666666,15.0,0.42560609666322713,13.395833333333334,14.979166666666666,14.75,15.5,-0.19883333333333333,0.01,0.11246121177805873,-0.42799999999999994,0.009710416666666631,-0.489,0.011,97.810625,97.939,0.10716722697748336,97.61975000000001,98.001375,97.429,97.939,4
26,16.657291666666666,16.511,0.1689501950362231,16.344582291666665,16.969917708333334,16.011,17.012,16.833333333333332,16.75,0.1554174680400523,16.541666666666668,17.125,16.5,17.5,-0.17604166666666665,0.011,0.05878265294145671,-0.28037604166666663,-0.05108333333333332,-0.488,0.0115,99.89512500000001,99.457,0.17681968331497677,99.58087395833333,100.25012604166665,99.457,99.96,4
27,15.865083333333333,15.511,0.19163207233483392,15.468916666666667,16.240376041666664,15.254237500000006,16.511,16.166666666666668,16.0,0.1554174680400523,15.875,16.458333333333332,15.5,16.75,-0.3015833333333333,-0.489,0.0661165778907278,-0.4267916666666666,-0.17633229166666664,-0.49,0.011,101.18945833333333,100.962,0.11608430187543915,100.95983854166666,101.39700416666668,100.962,101.46,4
28,14.739416666666665,14.51,0.16761238838924133,14.447541666666666,15.073477083333332,14.01,15.01,15.0625,15.0,0.13564292691912988,14.811979166666667,15.333333333333334,14.5,15.5,-0.32308333333333333,-0.49,0.065071585905605,-0.44825,-0.21866458333333333,-0.49,0.01,101.54216666666666,101.46,0.11071401444789615,101.31387395833333,101.74937604166665,101.46,101.957,4
29,12.278875,12.7585,0.37139845059351134,11.548355208333334,12.946208333333331,12.008,13.509,12.916666666666666,13.5,0.3755028834229336,12.1875,13.645833333333334,12.5,14.0,-0.6377916666666666,-0.4935,0.07045339653939474,-0.7633375,-0.51258125,-0.9904999999999999,-0.491,102.61508333333332,102.452,0.15916598660602924,102.3061625,102.92367604166668,102.2045,102.946,4
30,9.734416666666666,9.255,0.3244781368478784,9.129705208333334,10.38151875,8.504,10.756499999999999,10.25,9.5,0.2886751345948129,9.6875,10.8125,9.0,11.0,-0.5155833333333333,-0.496,0.09286020576118525,-0.7033770833333333,-0.3279572916666667,-0.7460125,-0.23680000000000564,103.53908333333334,103.438,0.13874516464569336,103.27270833333334,103.80483749999999,103.438,103.929,4
31,11.799166666666666,12.508,0.2904063349377569,11.215208333333335,12.321101041666667,11.7575,12.508,11.958333333333334,12.5,0.2516551489830117,11.479166666666666,12.416666666666666,12.5,12.5,-0.15916666666666668,0.008,0.08875531555150566,-0.3254604166666667,0.007792708333333344,-0.243,0.008,103.21166666666666,102.946,0.12193465621583374,102.96616666666667,103.45733541666667,102.946,103.438,4
32,13.425791666666667,13.509,0.11540607227836766,13.217208333333332,13.634375,13.502750000000006,14.01,13.520833333333334,13.5,0.11452155778746478,13.3125,13.729166666666666,13.5,14.0,-0.09504166666666665,0.009,0.04237558426627546,-0.17854166666666663,-0.03233333333333333,0.008,0.01,102.59583333333335,102.452,0.08133963654596696,102.43112395833333,102.74000104166667,102.452,102.946,4
33,15.11475,15.511,0.14751982487748566,14.822790625,15.365041666666665,15.511,15.511,15.395833333333334,15.5,0.14427218221260285,15.104166666666666,15.645833333333334,15.5,15.75,-0.28108333333333335,-0.489,0.05143787291997407,-0.36466666666666664,-0.1975,-0.489,0.011,102.32804166666666,102.452,0.07448580934703054,102.183625,102.472334375,102.2045,102.452,4
34,14.718541666666667,15.01,0.24267258149320217,14.238999999999999,15.177249999999999,14.01,15.511,15.0,15.0,0.22722331478659646,14.541666666666666,15.395833333333334,14.75,16.0,-0.2814583333333333,-0.489,0.059622452826419745,-0.38575,-0.1563729166666667,-0.49,0.01,102.41016666666667,102.452,0.1027061318369469,102.22466666666666,102.61600208333331,101.957,102.452,4
35,11.736624999999998,11.507,0.22740091657001754,11.298748958333332,12.153709374999998,11.007,12.508,12.208333333333334,12.0,0.18532351918546397,11.874479166666667,12.5625,11.5,12.75,-0.47170833333333334,-0.493,0.06386059543376173,-0.57641875,-0.346415625,-0.493,-0.492,103.355375,103.438,0.10940459433991452,103.14979166666666,103.580625,102.946,103.929,4
36,15.23475,18.012,0.9764327795738507,13.208248750000001,17.0110525,10.256,18.512,15.625,18.5,0.9437293044088437,13.85,17.300625,11.0,19.0,-0.39025,-0.488,0.06921020137005968,-0.51685125,-0.26439874999999996,-0.494,-0.2375,102.07315,101.46,0.36258935940348797,101.3811775,102.76627750000002,100.962,103.929,4
0,11.157458333333333,11.532,0.36263242448357513,10.449290625,11.865584375,10.033,12.032,10.770833333333334,10.75,0.407114233099594,9.979166666666666,11.5625,9.5,11.75,0.386625,0.532,0.0823433693752719,0.240625,0.5533760416666667,0.032,0.533,75.95641666666667,79.1345,1.0800569880909778,73.84930312499999,77.92648229166667,76.686,79.405,5
1,10.720041666666665,11.033,0.43793897430392287,9.803582291666668,11.532976041666666,10.533,12.032,10.4375,10.75,0.45276175470299956,9.541666666666666,11.3125,10.25,11.5,0.28254166666666664,0.532,0.13791607639218664,0.011581250000000017,0.5326260416666667,0.033,0.533,82.34916666666668,82.619,0.25643117608362836,81.81741458333333,82.79281145833333,82.087,83.149,5
2,14.136208333333334,13.282,0.48805176125452865,13.261290625000003,15.094501041666668,12.032,15.532,13.8125,12.75,0.550701545330123,12.708333333333334,14.854687499999999,11.5,15.5,0.3237083333333333,0.532,0.15023382113050787,0.011166666666666695,0.6158947916666662,0.032,0.782,84.247125,84.205,0.17315667187926762,83.93877916666666,84.59771041666666,83.678,84.731,5
3,14.678041666666665,15.782,0.5593346995171472,13.635459375,15.740978125,13.282,17.032,14.3125,15.75,0.5263117670040796,13.207812500000001,15.25,13.0,16.25,0.36554166666666665,0.532,0.08331888235208731,0.219665625,0.5114177083333334,0.033,0.532,85.40558333333335,85.778,0.18224985752431502,85.056875,85.7542125,84.731,86.299,5
4,14.782000000000002,14.282,0.2588995664485485,14.302312500000001,15.302833333333334,13.782,15.532,14.479166666666666,13.75,0.298667279292203,13.9375,15.020833333333334,13.5,15.0,0.30283333333333334,0.532,0.07359287897445509,0.157,0.4486666666666667,0.032,0.532,87.486125,87.853,0.12260983411660475,87.24879166666666,87.72320833333333,87.336,87.853,5
5,14.407000000000002,13.782,0.31744279411609255,13.802833333333334,15.0741875,13.532,15.282,14.145833333333334,13.5,0.3654944619153911,13.458333333333334,14.876041666666666,13.0,15.0,0.2611666666666667,0.532,0.10416666666666669,0.052833333333333364,0.4486666666666667,0.032,0.532,88.00270833333333,87.853,0.09561283036451755,87.80916666666667,88.19600104166665,87.853,88.368,5
6,13.302958333333335,13.032,0.3722093286644047,12.614983333333333,13.990377083333334,12.282,14.282,13.104166666666666,12.75,0.4402518698849536,12.291145833333333,13.9375,11.75,14.0,0.1987916666666667,0.532,0.107131031431287,-0.009624999999999976,0.4071666666666667,0.032,0.532,87.16145833333333,86.818,0.19118082702030803,86.79263437499999,87.57087604166665,86.818,87.853,5
7,12.761499999999998,12.782,0.39917469660011917,12.011665625,13.553519791666668,11.282499999999999,13.532,12.458333333333334,12.25,0.4318781307345433,11.686979166666667,13.354687499999999,10.5,13.75,0.30316666666666664,0.532,0.1345433455647242,0.032291666666666684,0.5324187499999999,0.28250000000000003,0.533,86.88233333333334,86.818,0.1000558841432662,86.70974895833332,87.09787604166667,86.818,86.818,5
8,12.365583333333333,12.032,0.27521841732394936,11.844355208333333,12.886293750000004,12.032,13.282,12.145833333333334,12.0,0.2846927638819844,11.603645833333333,12.667187499999999,11.5,13.0,0.21975,0.532,0.08933129695656518,0.03241562499999998,0.3662239583333329,0.032,0.532,88.10808333333334,87.853,0.1983665809119708,87.74316458333332,88.47374270833333,87.5880375,88.882,5
9,12.677958333333335,12.782,0.20292119801951775,12.303123958333334,13.073708333333334,12.032,13.532,12.5,12.75,0.24264544420656842,12.020833333333334,12.9375,12.0,13.0,0.17795833333333336,0.032,0.09743737266153875,-0.009624999999999986,0.36554166666666665,0.032,0.532,90.37004166666667,90.413,0.11001188142628875,90.15799895833335,90.58154270833334,89.904,90.921,5
10,11.949,12.532,0.4176662040086731,11.136707291666665,12.740418750000002,11.033,13.032,11.645833333333334,11.75,0.45392727369785046,10.791666666666666,12.501041666666666,10.5,13.0,0.30316666666666664,0.28250000000000003,0.09509011108970872,0.11558333333333333,0.4905010416666666,0.032,0.5325,90.34895833333333,90.413,0.09827398993848814,90.15825,90.53958645833335,89.904,90.413,5
11,9.845166666666666,9.533,0.4896764965321888,8.949581249999998,10.740836458333332,8.033,11.532,9.708333333333334,9.0,0.4671419680969458,8.8125,10.645833333333334,8.0,11.0,0.13683333333333333,0.033,0.12759803941219378,-0.13404270833333337,0.36591666666666667,0.033,0.5325,90.64558333333332,90.921,0.08640433926022077,90.47612395833332,90.79375,90.413,90.921,5
12,11.573958333333332,12.032,0.48137927391953583,10.657415624999999,12.490417708333334,12.032,12.532,11.5625,12.0,0.4713845048888173,10.583333333333334,12.354687499999999,11.5,12.5,0.011458333333333329,0.033,0.12214033238075837,-0.21830416666666622,0.2405010416666667,-0.21701250000000002,0.532,91.76283333333333,91.931,0.0722255591945543,91.61575,91.88891666666666,91.427,91.931,5
13,12.59475,12.532,0.34348887842468684,11.948482291666666,13.199311458333336,12.025762500000006,13.532,12.3125,12.5,0.35459266792324906,11.666145833333333,12.958854166666667,11.5,13.5,0.28225,0.033,0.07962780834808178,0.13637395833333332,0.4281260416666667,0.032,0.532,91.69925,91.931,0.11375554214878994,91.46687395833334,91.88875,91.427,91.931,5
14,11.095083333333333,10.533,0.44357634555479725,10.241123958333333,11.949083333333332,9.533,12.532,10.9375,10.25,0.4975597153004402,10.0,11.875520833333333,9.5,12.5,0.15758333333333333,0.28250000000000003,0.1286109304732614,-0.09245937500000001,0.38687604166666667,0.0325,0.533,91.446625,91.931,0.12718978761785574,91.19383333333333,91.69937499999999,90.921,91.931,5
15,11.282291666666666,12.032,0.5017207797834826,10.240832291666667,12.219583333333333,11.519512500000012,13.032,11.375,11.5,0.5171427213090198,10.311979166666667,12.291666666666666,11.5,13.0,-0.09270833333333334,0.032,0.12498373052334213,-0.34279166666666666,0.13654375,0.032,0.28250000000000003,89.17475000000002,88.625,0.29334416307001354,88.64143958333334,89.77056354166666,87.853,90.413,5
16,14.844500000000002,14.532,0.2961291641903208,14.240333333333334,15.407000000000002,14.032,15.532,14.479166666666666,14.25,0.32620896469493754,13.875,15.1875,13.5,15.0,0.36533333333333334,0.032,0.10279899245732688,0.1773125000000005,0.5528333333333334,0.032,0.782,85.90425,85.255,0.2412736152743113,85.42683020833331,86.38125729166667,84.993,87.336,5
17,13.032333333333332,12.782,0.4103838017445372,12.240830208333334,13.803001041666665,11.282499999999999,14.032,12.708333333333334,12.5,0.4350127712046063,11.895833333333334,13.541666666666666,11.0,14.0,0.324,0.532,0.1162492948396877,0.07391562500000001,0.5324583333333334,0.033,0.533,86.29791666666665,86.299,0.11730049230574037,86.08079062500002,86.51409062499998,86.299,86.818,5
18,13.719708333333331,14.532,0.41674719285269807,12.885460416666666,14.448708333333334,14.032,15.032,13.625,14.5,0.39269830216304624,12.854166666666666,14.375,14.0,14.5,0.09470833333333334,0.0325,0.08675541329571955,-0.07191666666666667,0.2612916666666667,0.032,0.532,87.72224999999999,87.853,0.1593068915282882,87.40018749999997,88.04491979166667,87.336,87.853,5
19,16.282,16.532,0.19504737440137349,15.886166666666668,16.636166666666668,16.032,16.532,16.125,16.5,0.21962171033887773,15.666666666666666,16.5421875,16.0,16.5,0.15700000000000003,0.032,0.09635569671718987,-0.0305,0.3236666666666667,0.032,0.532,89.74170833333335,89.394,0.44413032376739847,89.09314895833333,90.67475312500001,89.138,89.394,5
20,14.886166666666668,15.032,0.2716681670626301,14.385645833333335,15.386166666666668,13.532,15.532,14.625,14.75,0.26961123380027097,14.125,15.166666666666666,13.5,15.25,0.2611666666666667,0.032,0.060035969492049035,0.15700000000000003,0.36533333333333334,0.032,0.532,101.48054166666667,101.7,0.1852164419248454,101.10383333333334,101.836209375,101.226,102.173,5
21,13.323666666666668,13.032,0.11227500313294325,13.094500000000002,13.552833333333334,13.032,13.532,13.291666666666666,13.0,0.13089943405434876,13.041666666666666,13.5625,13.0,13.5,0.03200000000000001,0.032,0.060192926542884606,-0.09300000000000001,0.13668749999999955,0.032,0.032,102.54562500000002,102.644,0.06316454852381512,102.42804166666667,102.66329375000001,102.173,102.644,5
22,12.948750000000002,12.532,0.22851786352334774,12.552358333333334,13.407001041666668,12.532,13.282,12.770833333333334,12.5,0.27906931030066856,12.208333333333334,13.291666666666666,12.25,13.5,0.1779166666666667,0.28200000000000003,0.1258449833843017,-0.07212499999999998,0.4279583333333334,0.032,0.532,102.04787499999999,102.644,0.29898544213808725,101.454,102.60217812500001,102.173,102.8785,5
23,12.199125,11.532,0.40668256819929466,11.38683125,12.928130208333332,11.033,13.032,11.895833333333334,11.25,0.4583950880662718,11.0625,12.791666666666666,10.5,12.756249999999994,0.3032916666666667,0.532,0.13787091577729704,0.03229166666666667,0.5532927083333333,0.033,0.533,95.71612499999999,94.926,0.3896608303723238,95.00063854166665,96.49406770833332,94.43,97.379,5
24,11.178416666666665,11.033,0.3397209688179248,10.511357291666664,11.844876041666668,10.533,12.032,11.041666666666666,10.75,0.35979647360064404,10.375,11.75,10.0,11.5,0.13675,0.033,0.12401548889355413,-0.09313749999999953,0.36579375000000003,0.0325,0.533,93.16370833333333,92.935,0.09509386055798413,92.97608229166667,93.351,92.935,93.435,5
25,14.532208333333331,15.532,0.4935379593464127,13.468834374999998,15.386769791666666,15.032,16.032,14.520833333333334,15.5,0.46379730575032024,13.458333333333334,15.292187499999999,15.0,15.5,0.011375000000000005,0.032,0.11838891038970194,-0.2385833333333333,0.26116875000000006,0.032,0.28250000000000003,92.87195833333332,92.935,0.08701643771014385,92.70462500000001,93.01884583333333,92.935,92.935,5
26,16.698666666666668,17.032,0.20995743760073074,16.281479166666667,17.115333333333336,16.282,17.532,16.416666666666668,16.5,0.20778914433245896,16.0,16.8125,15.993750000000006,17.0,0.28200000000000003,0.28200000000000003,0.0521286035142687,0.17783333333333337,0.3861666666666667,0.032,0.532,98.08129166666667,100.274,0.7967725055805795,96.57729270833332,99.50468854166665,94.1815,101.46892499999998,5
27,15.990333333333334,15.532,0.20833333333333337,15.636166666666668,16.407,15.032,16.532,15.875,15.5,0.2090567151395227,15.457812500000001,16.291666666666668,15.0,16.25,0.11533333333333336,0.032,0.06501579146712451,-0.009666666666666669,0.24033333333333337,0.032,0.032,102.05400000000002,102.173,0.10355023985444517,101.85699791666669,102.25083437500001,101.7,102.4085,5
28,14.844500000000002,14.532,0.1697517902405011,14.510645833333335,15.177833333333334,14.032,15.282,14.645833333333334,14.5,0.1767233126303747,14.3125,15.0,14.0,15.0,0.19866666666666669,0.032,0.07164391280175794,0.05283333333333335,0.3236666666666667,0.032,0.532,102.76058333333333,102.644,0.09486762166354011,102.58403854166666,102.95600312500001,102.644,103.113,5
29,12.448958333333332,13.032,0.42305288187949497,11.594397916666665,13.219625,11.782499999999999,13.782,12.270833333333334,12.75,0.4453657984673323,11.457812500000001,13.063020833333333,11.5,13.256249999999994,0.178125,0.033,0.07661955024712991,0.03237395833333333,0.3239166666666667,0.032,0.532,103.65720833333334,103.581,0.15043551484744347,103.36520416666667,103.92959166666668,103.581,104.048,5
30,9.907708333333334,9.283,0.3797173218194481,9.1781875,10.595642708333333,8.533,11.033,9.875,9.25,0.3576923826134828,9.228645833333333,10.583333333333334,8.5,11.0,0.03270833333333333,0.033,0.13117366626582624,-0.19717916666666618,0.2827916666666666,-0.467,0.532,104.58858333333335,104.744,0.12396136490020858,104.33691458333335,104.82104270833332,104.512,104.976,5
31,12.09475,12.532,0.2937405703080995,11.490791666666667,12.65764375,12.282,13.032,12.0625,12.5,0.284427501524006,11.479166666666666,12.5625,12.5,12.5,0.03225000000000001,0.032,0.06728433744354917,-0.09338854166666619,0.15720833333333337,0.032,0.033,104.04633333333334,104.048,0.12845591736200376,103.81320625,104.27925208333333,103.581,104.28,5
32,13.552833333333334,13.532,0.11841023730876023,13.323666666666668,13.761166666666668,13.532,14.032,13.375,13.5,0.12132272210328421,13.166666666666666,13.583333333333334,13.0,13.75,0.17783333333333337,0.032,0.04738799405626207,0.09450000000000001,0.28200000000000003,0.032,0.032,103.61937499999999,103.581,0.08851225683772411,103.46358229166665,103.79466770833334,103.581,103.581,5
33,15.302833333333334,15.532,0.14737794835671908,15.011166666666668,15.552833333333334,15.532,15.532,15.229166666666666,15.5,0.12761456442405036,14.979166666666666,15.458333333333334,15.25,15.5,0.07366666666666667,0.032,0.0595626167491797,-0.03050000000000001,0.19866666666666669,0.032,0.032,102.368125,102.173,0.11994208011170125,102.13299687499999,102.60350416666667,102.173,102.644,5
34,14.677833333333334,15.032,0.26320069811442887,14.177833333333334,15.177833333333334,14.282,15.532,14.4375,14.5,0.2680317753713087,13.916145833333333,14.958333333333334,14.0,15.5,0.24033333333333337,0.032,0.06673456687099226,0.11533333333333334,0.36533333333333334,0.032,0.532,103.42395833333335,103.581,0.13707928361711205,103.15116354166666,103.67712604166667,103.113,104.048,5
35,11.782375000000002,11.532,0.23497805025844629,11.303415625,12.198917708333333,11.033,12.532,11.6875,11.5,0.2478393954601023,11.1875,12.167187499999999,10.75,12.25,0.094875,0.033,0.07560301812518917,-0.05087604166666668,0.24066770833333337,0.032,0.532,104.43420833333334,104.512,0.10705770114191797,104.22137500000001,104.6468375,104.048,104.976,5
36,15.357049999999997,18.532,0.9726738282611548,13.506005,17.106699999999996,10.283,18.7815,15.35,18.25,0.9452791289238048,13.549375000000001,16.975,10.75,18.5,0.007050000000000006,0.032,0.07666679357350291,-0.14285125,0.15690125000000002,0.031,0.033,103.03415,102.4085,0.3633202898632494,102.37621250000001,103.71507,101.7,104.512,5
